system_id,model,method,topic_id,bm25_ndcg_at_10,system_ndcg_at_10,delta_vs_bm25,source_artifact
BAAI_bge_reranker_v2_m3__seqcls__seqcls_eval_hits50_BAAI_bge_reranker_v2_m3_ml1024,BAAI/bge-reranker-v2-m3,seqcls,14,0.3553332721,0.4872547977,0.1319215256,tmp/seqcls_eval_hits50_BAAI__bge_reranker_v2_m3_ml1024.json
BAAI_bge_reranker_v2_m3__seqcls__seqcls_eval_hits50_BAAI_bge_reranker_v2_m3_ml1024,BAAI/bge-reranker-v2-m3,seqcls,31,0.8478053202,0.8203925099,-0.0274128103,tmp/seqcls_eval_hits50_BAAI__bge_reranker_v2_m3_ml1024.json
BAAI_bge_reranker_v2_m3__seqcls__seqcls_eval_hits50_BAAI_bge_reranker_v2_m3_ml1024,BAAI/bge-reranker-v2-m3,seqcls,37,0.6389817974,0.6575004350,0.0185186377,tmp/seqcls_eval_hits50_BAAI__bge_reranker_v2_m3_ml1024.json
BAAI_bge_reranker_v2_m3__seqcls__seqcls_eval_hits50_BAAI_bge_reranker_v2_m3_ml1024,BAAI/bge-reranker-v2-m3,seqcls,58,0.5008083446,0.6578317828,0.1570234382,tmp/seqcls_eval_hits50_BAAI__bge_reranker_v2_m3_ml1024.json
BAAI_bge_reranker_v2_m3__seqcls__seqcls_eval_hits50_BAAI_bge_reranker_v2_m3_ml1024,BAAI/bge-reranker-v2-m3,seqcls,72,0.3236594717,0.4482153847,0.1245559130,tmp/seqcls_eval_hits50_BAAI__bge_reranker_v2_m3_ml1024.json
BAAI_bge_reranker_v2_m3__seqcls__seqcls_eval_hits50_BAAI_bge_reranker_v2_m3_ml1024,BAAI/bge-reranker-v2-m3,seqcls,84,0.4918004153,0.6473209843,0.1555205691,tmp/seqcls_eval_hits50_BAAI__bge_reranker_v2_m3_ml1024.json
BAAI_bge_reranker_v2_m3__seqcls__seqcls_eval_hits50_BAAI_bge_reranker_v2_m3_ml1024,BAAI/bge-reranker-v2-m3,seqcls,144,0.0886758433,0.2005295987,0.1118537554,tmp/seqcls_eval_hits50_BAAI__bge_reranker_v2_m3_ml1024.json
BAAI_bge_reranker_v2_m3__seqcls__seqcls_eval_hits50_BAAI_bge_reranker_v2_m3_ml1024,BAAI/bge-reranker-v2-m3,seqcls,161,0.6663255611,0.7398741590,0.0735485979,tmp/seqcls_eval_hits50_BAAI__bge_reranker_v2_m3_ml1024.json
BAAI_bge_reranker_v2_m3__seqcls__seqcls_eval_hits50_BAAI_bge_reranker_v2_m3_ml1024,BAAI/bge-reranker-v2-m3,seqcls,200,0.1400835882,0.5569353052,0.4168517170,tmp/seqcls_eval_hits50_BAAI__bge_reranker_v2_m3_ml1024.json
BAAI_bge_reranker_v2_m3__seqcls__seqcls_eval_hits50_BAAI_bge_reranker_v2_m3_ml1024,BAAI/bge-reranker-v2-m3,seqcls,213,0.1121597938,0.4543309813,0.3421711875,tmp/seqcls_eval_hits50_BAAI__bge_reranker_v2_m3_ml1024.json
BAAI_bge_reranker_v2_m3__seqcls__seqcls_eval_hits50_BAAI_bge_reranker_v2_m3_ml1024,BAAI/bge-reranker-v2-m3,seqcls,219,0.4933573156,0.4372575774,-0.0560997382,tmp/seqcls_eval_hits50_BAAI__bge_reranker_v2_m3_ml1024.json
BAAI_bge_reranker_v2_m3__seqcls__seqcls_eval_hits50_BAAI_bge_reranker_v2_m3_ml1024,BAAI/bge-reranker-v2-m3,seqcls,224,0.8164972119,0.6306057648,-0.1858914471,tmp/seqcls_eval_hits50_BAAI__bge_reranker_v2_m3_ml1024.json
BAAI_bge_reranker_v2_m3__seqcls__seqcls_eval_hits50_BAAI_bge_reranker_v2_m3_ml1024,BAAI/bge-reranker-v2-m3,seqcls,225,0.2572640430,0.3250666916,0.0678026485,tmp/seqcls_eval_hits50_BAAI__bge_reranker_v2_m3_ml1024.json
BAAI_bge_reranker_v2_m3__seqcls__seqcls_eval_hits50_BAAI_bge_reranker_v2_m3_ml1024,BAAI/bge-reranker-v2-m3,seqcls,233,0.5438357471,0.5512091906,0.0073734434,tmp/seqcls_eval_hits50_BAAI__bge_reranker_v2_m3_ml1024.json
BAAI_bge_reranker_v2_m3__seqcls__seqcls_eval_hits50_BAAI_bge_reranker_v2_m3_ml1024,BAAI/bge-reranker-v2-m3,seqcls,273,0.3223275559,0.4031334291,0.0808058732,tmp/seqcls_eval_hits50_BAAI__bge_reranker_v2_m3_ml1024.json
BAAI_bge_reranker_v2_m3__seqcls__seqcls_eval_hits50_BAAI_bge_reranker_v2_m3_ml1024,BAAI/bge-reranker-v2-m3,seqcls,300,0.3546016102,0.2013016453,-0.1532999649,tmp/seqcls_eval_hits50_BAAI__bge_reranker_v2_m3_ml1024.json
BAAI_bge_reranker_v2_m3__seqcls__seqcls_eval_hits50_BAAI_bge_reranker_v2_m3_ml1024,BAAI/bge-reranker-v2-m3,seqcls,407,0.2786364165,0.5299672552,0.2513308387,tmp/seqcls_eval_hits50_BAAI__bge_reranker_v2_m3_ml1024.json
BAAI_bge_reranker_v2_m3__seqcls__seqcls_eval_hits50_BAAI_bge_reranker_v2_m3_ml1024,BAAI/bge-reranker-v2-m3,seqcls,477,0.4559153326,0.5197504358,0.0638351031,tmp/seqcls_eval_hits50_BAAI__bge_reranker_v2_m3_ml1024.json
BAAI_bge_reranker_v2_m3__seqcls__seqcls_eval_hits50_BAAI_bge_reranker_v2_m3_ml1024,BAAI/bge-reranker-v2-m3,seqcls,499,0.6816109119,0.7945643609,0.1129534490,tmp/seqcls_eval_hits50_BAAI__bge_reranker_v2_m3_ml1024.json
BAAI_bge_reranker_v2_m3__seqcls__seqcls_eval_hits50_BAAI_bge_reranker_v2_m3_ml1024,BAAI/bge-reranker-v2-m3,seqcls,515,0.2299254607,0.0908640201,-0.1390614407,tmp/seqcls_eval_hits50_BAAI__bge_reranker_v2_m3_ml1024.json
BAAI_bge_reranker_v2_m3__seqcls__seqcls_eval_hits50_BAAI_bge_reranker_v2_m3_ml1024,BAAI/bge-reranker-v2-m3,seqcls,707,0.2026664542,0.3788060564,0.1761396022,tmp/seqcls_eval_hits50_BAAI__bge_reranker_v2_m3_ml1024.json
BAAI_bge_reranker_v2_m3__seqcls__seqcls_eval_hits50_BAAI_bge_reranker_v2_m3_ml1024,BAAI/bge-reranker-v2-m3,seqcls,897,0.3048742399,0.2558295041,-0.0490447358,tmp/seqcls_eval_hits50_BAAI__bge_reranker_v2_m3_ml1024.json
Qwen_Qwen3_Reranker_0_6B__chunk_top3_margin__qwen_full_doc_margin_hits50_Qwen3_Reranker_0p6B_ml32768,Qwen/Qwen3-Reranker-0.6B,chunk_top3_margin,14,0.3553332721,0.4908039987,0.1354707266,tmp/qwen_full_doc_margin_hits50_Qwen3_Reranker_0p6B_ml32768.json
Qwen_Qwen3_Reranker_0_6B__chunk_top3_margin__qwen_full_doc_margin_hits50_Qwen3_Reranker_0p6B_ml32768,Qwen/Qwen3-Reranker-0.6B,chunk_top3_margin,31,0.8478053202,0.6646125690,-0.1831927513,tmp/qwen_full_doc_margin_hits50_Qwen3_Reranker_0p6B_ml32768.json
Qwen_Qwen3_Reranker_0_6B__chunk_top3_margin__qwen_full_doc_margin_hits50_Qwen3_Reranker_0p6B_ml32768,Qwen/Qwen3-Reranker-0.6B,chunk_top3_margin,37,0.6389817974,0.5265099346,-0.1124718627,tmp/qwen_full_doc_margin_hits50_Qwen3_Reranker_0p6B_ml32768.json
Qwen_Qwen3_Reranker_0_6B__chunk_top3_margin__qwen_full_doc_margin_hits50_Qwen3_Reranker_0p6B_ml32768,Qwen/Qwen3-Reranker-0.6B,chunk_top3_margin,58,0.5008083446,0.5218730268,0.0210646822,tmp/qwen_full_doc_margin_hits50_Qwen3_Reranker_0p6B_ml32768.json
Qwen_Qwen3_Reranker_0_6B__chunk_top3_margin__qwen_full_doc_margin_hits50_Qwen3_Reranker_0p6B_ml32768,Qwen/Qwen3-Reranker-0.6B,chunk_top3_margin,72,0.3236594717,0.7994339803,0.4757745086,tmp/qwen_full_doc_margin_hits50_Qwen3_Reranker_0p6B_ml32768.json
Qwen_Qwen3_Reranker_0_6B__chunk_top3_margin__qwen_full_doc_margin_hits50_Qwen3_Reranker_0p6B_ml32768,Qwen/Qwen3-Reranker-0.6B,chunk_top3_margin,84,0.4918004153,0.6312600971,0.1394596818,tmp/qwen_full_doc_margin_hits50_Qwen3_Reranker_0p6B_ml32768.json
Qwen_Qwen3_Reranker_0_6B__chunk_top3_margin__qwen_full_doc_margin_hits50_Qwen3_Reranker_0p6B_ml32768,Qwen/Qwen3-Reranker-0.6B,chunk_top3_margin,144,0.0886758433,0.1939290379,0.1052531946,tmp/qwen_full_doc_margin_hits50_Qwen3_Reranker_0p6B_ml32768.json
Qwen_Qwen3_Reranker_0_6B__chunk_top3_margin__qwen_full_doc_margin_hits50_Qwen3_Reranker_0p6B_ml32768,Qwen/Qwen3-Reranker-0.6B,chunk_top3_margin,161,0.6663255611,0.7077721595,0.0414465984,tmp/qwen_full_doc_margin_hits50_Qwen3_Reranker_0p6B_ml32768.json
Qwen_Qwen3_Reranker_0_6B__chunk_top3_margin__qwen_full_doc_margin_hits50_Qwen3_Reranker_0p6B_ml32768,Qwen/Qwen3-Reranker-0.6B,chunk_top3_margin,200,0.1400835882,0.4823763139,0.3422927257,tmp/qwen_full_doc_margin_hits50_Qwen3_Reranker_0p6B_ml32768.json
Qwen_Qwen3_Reranker_0_6B__chunk_top3_margin__qwen_full_doc_margin_hits50_Qwen3_Reranker_0p6B_ml32768,Qwen/Qwen3-Reranker-0.6B,chunk_top3_margin,213,0.1121597938,0.1386649785,0.0265051847,tmp/qwen_full_doc_margin_hits50_Qwen3_Reranker_0p6B_ml32768.json
Qwen_Qwen3_Reranker_0_6B__chunk_top3_margin__qwen_full_doc_margin_hits50_Qwen3_Reranker_0p6B_ml32768,Qwen/Qwen3-Reranker-0.6B,chunk_top3_margin,219,0.4933573156,0.3294751664,-0.1638821492,tmp/qwen_full_doc_margin_hits50_Qwen3_Reranker_0p6B_ml32768.json
Qwen_Qwen3_Reranker_0_6B__chunk_top3_margin__qwen_full_doc_margin_hits50_Qwen3_Reranker_0p6B_ml32768,Qwen/Qwen3-Reranker-0.6B,chunk_top3_margin,224,0.8164972119,0.5581724822,-0.2583247297,tmp/qwen_full_doc_margin_hits50_Qwen3_Reranker_0p6B_ml32768.json
Qwen_Qwen3_Reranker_0_6B__chunk_top3_margin__qwen_full_doc_margin_hits50_Qwen3_Reranker_0p6B_ml32768,Qwen/Qwen3-Reranker-0.6B,chunk_top3_margin,225,0.2572640430,0.3317278360,0.0744637930,tmp/qwen_full_doc_margin_hits50_Qwen3_Reranker_0p6B_ml32768.json
Qwen_Qwen3_Reranker_0_6B__chunk_top3_margin__qwen_full_doc_margin_hits50_Qwen3_Reranker_0p6B_ml32768,Qwen/Qwen3-Reranker-0.6B,chunk_top3_margin,233,0.5438357471,0.3888611073,-0.1549746399,tmp/qwen_full_doc_margin_hits50_Qwen3_Reranker_0p6B_ml32768.json
Qwen_Qwen3_Reranker_0_6B__chunk_top3_margin__qwen_full_doc_margin_hits50_Qwen3_Reranker_0p6B_ml32768,Qwen/Qwen3-Reranker-0.6B,chunk_top3_margin,273,0.3223275559,0.3411556037,0.0188280477,tmp/qwen_full_doc_margin_hits50_Qwen3_Reranker_0p6B_ml32768.json
Qwen_Qwen3_Reranker_0_6B__chunk_top3_margin__qwen_full_doc_margin_hits50_Qwen3_Reranker_0p6B_ml32768,Qwen/Qwen3-Reranker-0.6B,chunk_top3_margin,300,0.3546016102,0.4671461888,0.1125445785,tmp/qwen_full_doc_margin_hits50_Qwen3_Reranker_0p6B_ml32768.json
Qwen_Qwen3_Reranker_0_6B__chunk_top3_margin__qwen_full_doc_margin_hits50_Qwen3_Reranker_0p6B_ml32768,Qwen/Qwen3-Reranker-0.6B,chunk_top3_margin,407,0.2786364165,0.4767559867,0.1981195702,tmp/qwen_full_doc_margin_hits50_Qwen3_Reranker_0p6B_ml32768.json
Qwen_Qwen3_Reranker_0_6B__chunk_top3_margin__qwen_full_doc_margin_hits50_Qwen3_Reranker_0p6B_ml32768,Qwen/Qwen3-Reranker-0.6B,chunk_top3_margin,477,0.4559153326,0.6761768718,0.2202615392,tmp/qwen_full_doc_margin_hits50_Qwen3_Reranker_0p6B_ml32768.json
Qwen_Qwen3_Reranker_0_6B__chunk_top3_margin__qwen_full_doc_margin_hits50_Qwen3_Reranker_0p6B_ml32768,Qwen/Qwen3-Reranker-0.6B,chunk_top3_margin,499,0.6816109119,0.6358255872,-0.0457853247,tmp/qwen_full_doc_margin_hits50_Qwen3_Reranker_0p6B_ml32768.json
Qwen_Qwen3_Reranker_0_6B__chunk_top3_margin__qwen_full_doc_margin_hits50_Qwen3_Reranker_0p6B_ml32768,Qwen/Qwen3-Reranker-0.6B,chunk_top3_margin,515,0.2299254607,0.1538602280,-0.0760652327,tmp/qwen_full_doc_margin_hits50_Qwen3_Reranker_0p6B_ml32768.json
Qwen_Qwen3_Reranker_0_6B__chunk_top3_margin__qwen_full_doc_margin_hits50_Qwen3_Reranker_0p6B_ml32768,Qwen/Qwen3-Reranker-0.6B,chunk_top3_margin,707,0.2026664542,0.4188677817,0.2162013275,tmp/qwen_full_doc_margin_hits50_Qwen3_Reranker_0p6B_ml32768.json
Qwen_Qwen3_Reranker_0_6B__chunk_top3_margin__qwen_full_doc_margin_hits50_Qwen3_Reranker_0p6B_ml32768,Qwen/Qwen3-Reranker-0.6B,chunk_top3_margin,897,0.3048742399,0.3281838652,0.0233096253,tmp/qwen_full_doc_margin_hits50_Qwen3_Reranker_0p6B_ml32768.json
Qwen_Qwen3_Reranker_0_6B__chunk_top3_probability__qwen_full_doc_margin_hits50_Qwen3_Reranker_0p6B_ml32768,Qwen/Qwen3-Reranker-0.6B,chunk_top3_probability,14,0.3553332721,0.4883132201,0.1329799480,tmp/qwen_full_doc_margin_hits50_Qwen3_Reranker_0p6B_ml32768.json
Qwen_Qwen3_Reranker_0_6B__chunk_top3_probability__qwen_full_doc_margin_hits50_Qwen3_Reranker_0p6B_ml32768,Qwen/Qwen3-Reranker-0.6B,chunk_top3_probability,31,0.8478053202,0.6987959760,-0.1490093442,tmp/qwen_full_doc_margin_hits50_Qwen3_Reranker_0p6B_ml32768.json
Qwen_Qwen3_Reranker_0_6B__chunk_top3_probability__qwen_full_doc_margin_hits50_Qwen3_Reranker_0p6B_ml32768,Qwen/Qwen3-Reranker-0.6B,chunk_top3_probability,37,0.6389817974,0.4447417025,-0.1942400949,tmp/qwen_full_doc_margin_hits50_Qwen3_Reranker_0p6B_ml32768.json
Qwen_Qwen3_Reranker_0_6B__chunk_top3_probability__qwen_full_doc_margin_hits50_Qwen3_Reranker_0p6B_ml32768,Qwen/Qwen3-Reranker-0.6B,chunk_top3_probability,58,0.5008083446,0.5614918728,0.0606835282,tmp/qwen_full_doc_margin_hits50_Qwen3_Reranker_0p6B_ml32768.json
Qwen_Qwen3_Reranker_0_6B__chunk_top3_probability__qwen_full_doc_margin_hits50_Qwen3_Reranker_0p6B_ml32768,Qwen/Qwen3-Reranker-0.6B,chunk_top3_probability,72,0.3236594717,0.7994339803,0.4757745086,tmp/qwen_full_doc_margin_hits50_Qwen3_Reranker_0p6B_ml32768.json
Qwen_Qwen3_Reranker_0_6B__chunk_top3_probability__qwen_full_doc_margin_hits50_Qwen3_Reranker_0p6B_ml32768,Qwen/Qwen3-Reranker-0.6B,chunk_top3_probability,84,0.4918004153,0.6399969605,0.1481965452,tmp/qwen_full_doc_margin_hits50_Qwen3_Reranker_0p6B_ml32768.json
Qwen_Qwen3_Reranker_0_6B__chunk_top3_probability__qwen_full_doc_margin_hits50_Qwen3_Reranker_0p6B_ml32768,Qwen/Qwen3-Reranker-0.6B,chunk_top3_probability,144,0.0886758433,0.1972494066,0.1085735633,tmp/qwen_full_doc_margin_hits50_Qwen3_Reranker_0p6B_ml32768.json
Qwen_Qwen3_Reranker_0_6B__chunk_top3_probability__qwen_full_doc_margin_hits50_Qwen3_Reranker_0p6B_ml32768,Qwen/Qwen3-Reranker-0.6B,chunk_top3_probability,161,0.6663255611,0.7079404933,0.0416149322,tmp/qwen_full_doc_margin_hits50_Qwen3_Reranker_0p6B_ml32768.json
Qwen_Qwen3_Reranker_0_6B__chunk_top3_probability__qwen_full_doc_margin_hits50_Qwen3_Reranker_0p6B_ml32768,Qwen/Qwen3-Reranker-0.6B,chunk_top3_probability,200,0.1400835882,0.4929068893,0.3528233011,tmp/qwen_full_doc_margin_hits50_Qwen3_Reranker_0p6B_ml32768.json
Qwen_Qwen3_Reranker_0_6B__chunk_top3_probability__qwen_full_doc_margin_hits50_Qwen3_Reranker_0p6B_ml32768,Qwen/Qwen3-Reranker-0.6B,chunk_top3_probability,213,0.1121597938,0.1294074823,0.0172476885,tmp/qwen_full_doc_margin_hits50_Qwen3_Reranker_0p6B_ml32768.json
Qwen_Qwen3_Reranker_0_6B__chunk_top3_probability__qwen_full_doc_margin_hits50_Qwen3_Reranker_0p6B_ml32768,Qwen/Qwen3-Reranker-0.6B,chunk_top3_probability,219,0.4933573156,0.3235875617,-0.1697697539,tmp/qwen_full_doc_margin_hits50_Qwen3_Reranker_0p6B_ml32768.json
Qwen_Qwen3_Reranker_0_6B__chunk_top3_probability__qwen_full_doc_margin_hits50_Qwen3_Reranker_0p6B_ml32768,Qwen/Qwen3-Reranker-0.6B,chunk_top3_probability,224,0.8164972119,0.5602792304,-0.2562179815,tmp/qwen_full_doc_margin_hits50_Qwen3_Reranker_0p6B_ml32768.json
Qwen_Qwen3_Reranker_0_6B__chunk_top3_probability__qwen_full_doc_margin_hits50_Qwen3_Reranker_0p6B_ml32768,Qwen/Qwen3-Reranker-0.6B,chunk_top3_probability,225,0.2572640430,0.3271590903,0.0698950473,tmp/qwen_full_doc_margin_hits50_Qwen3_Reranker_0p6B_ml32768.json
Qwen_Qwen3_Reranker_0_6B__chunk_top3_probability__qwen_full_doc_margin_hits50_Qwen3_Reranker_0p6B_ml32768,Qwen/Qwen3-Reranker-0.6B,chunk_top3_probability,233,0.5438357471,0.3719686040,-0.1718671432,tmp/qwen_full_doc_margin_hits50_Qwen3_Reranker_0p6B_ml32768.json
Qwen_Qwen3_Reranker_0_6B__chunk_top3_probability__qwen_full_doc_margin_hits50_Qwen3_Reranker_0p6B_ml32768,Qwen/Qwen3-Reranker-0.6B,chunk_top3_probability,273,0.3223275559,0.3378392804,0.0155117245,tmp/qwen_full_doc_margin_hits50_Qwen3_Reranker_0p6B_ml32768.json
Qwen_Qwen3_Reranker_0_6B__chunk_top3_probability__qwen_full_doc_margin_hits50_Qwen3_Reranker_0p6B_ml32768,Qwen/Qwen3-Reranker-0.6B,chunk_top3_probability,300,0.3546016102,0.4692529370,0.1146513267,tmp/qwen_full_doc_margin_hits50_Qwen3_Reranker_0p6B_ml32768.json
Qwen_Qwen3_Reranker_0_6B__chunk_top3_probability__qwen_full_doc_margin_hits50_Qwen3_Reranker_0p6B_ml32768,Qwen/Qwen3-Reranker-0.6B,chunk_top3_probability,407,0.2786364165,0.4582182205,0.1795818040,tmp/qwen_full_doc_margin_hits50_Qwen3_Reranker_0p6B_ml32768.json
Qwen_Qwen3_Reranker_0_6B__chunk_top3_probability__qwen_full_doc_margin_hits50_Qwen3_Reranker_0p6B_ml32768,Qwen/Qwen3-Reranker-0.6B,chunk_top3_probability,477,0.4559153326,0.6751374599,0.2192221273,tmp/qwen_full_doc_margin_hits50_Qwen3_Reranker_0p6B_ml32768.json
Qwen_Qwen3_Reranker_0_6B__chunk_top3_probability__qwen_full_doc_margin_hits50_Qwen3_Reranker_0p6B_ml32768,Qwen/Qwen3-Reranker-0.6B,chunk_top3_probability,499,0.6816109119,0.6286630897,-0.0529478222,tmp/qwen_full_doc_margin_hits50_Qwen3_Reranker_0p6B_ml32768.json
Qwen_Qwen3_Reranker_0_6B__chunk_top3_probability__qwen_full_doc_margin_hits50_Qwen3_Reranker_0p6B_ml32768,Qwen/Qwen3-Reranker-0.6B,chunk_top3_probability,515,0.2299254607,0.1538602280,-0.0760652327,tmp/qwen_full_doc_margin_hits50_Qwen3_Reranker_0p6B_ml32768.json
Qwen_Qwen3_Reranker_0_6B__chunk_top3_probability__qwen_full_doc_margin_hits50_Qwen3_Reranker_0p6B_ml32768,Qwen/Qwen3-Reranker-0.6B,chunk_top3_probability,707,0.2026664542,0.4209177878,0.2182513336,tmp/qwen_full_doc_margin_hits50_Qwen3_Reranker_0p6B_ml32768.json
Qwen_Qwen3_Reranker_0_6B__chunk_top3_probability__qwen_full_doc_margin_hits50_Qwen3_Reranker_0p6B_ml32768,Qwen/Qwen3-Reranker-0.6B,chunk_top3_probability,897,0.3048742399,0.3424859421,0.0376117022,tmp/qwen_full_doc_margin_hits50_Qwen3_Reranker_0p6B_ml32768.json
Qwen_Qwen3_Reranker_0_6B__full_doc_margin_else_chunk__qwen_full_doc_margin_hits50_Qwen3_Reranker_0p6B_ml32768,Qwen/Qwen3-Reranker-0.6B,full_doc_margin_else_chunk,14,0.3553332721,0.5093732917,0.1540400196,tmp/qwen_full_doc_margin_hits50_Qwen3_Reranker_0p6B_ml32768.json
Qwen_Qwen3_Reranker_0_6B__full_doc_margin_else_chunk__qwen_full_doc_margin_hits50_Qwen3_Reranker_0p6B_ml32768,Qwen/Qwen3-Reranker-0.6B,full_doc_margin_else_chunk,31,0.8478053202,0.6797236843,-0.1680816359,tmp/qwen_full_doc_margin_hits50_Qwen3_Reranker_0p6B_ml32768.json
Qwen_Qwen3_Reranker_0_6B__full_doc_margin_else_chunk__qwen_full_doc_margin_hits50_Qwen3_Reranker_0p6B_ml32768,Qwen/Qwen3-Reranker-0.6B,full_doc_margin_else_chunk,37,0.6389817974,0.4329297385,-0.2060520588,tmp/qwen_full_doc_margin_hits50_Qwen3_Reranker_0p6B_ml32768.json
Qwen_Qwen3_Reranker_0_6B__full_doc_margin_else_chunk__qwen_full_doc_margin_hits50_Qwen3_Reranker_0p6B_ml32768,Qwen/Qwen3-Reranker-0.6B,full_doc_margin_else_chunk,58,0.5008083446,0.5885830221,0.0877746775,tmp/qwen_full_doc_margin_hits50_Qwen3_Reranker_0p6B_ml32768.json
Qwen_Qwen3_Reranker_0_6B__full_doc_margin_else_chunk__qwen_full_doc_margin_hits50_Qwen3_Reranker_0p6B_ml32768,Qwen/Qwen3-Reranker-0.6B,full_doc_margin_else_chunk,72,0.3236594717,0.6938372185,0.3701777469,tmp/qwen_full_doc_margin_hits50_Qwen3_Reranker_0p6B_ml32768.json
Qwen_Qwen3_Reranker_0_6B__full_doc_margin_else_chunk__qwen_full_doc_margin_hits50_Qwen3_Reranker_0p6B_ml32768,Qwen/Qwen3-Reranker-0.6B,full_doc_margin_else_chunk,84,0.4918004153,0.7646479044,0.2728474891,tmp/qwen_full_doc_margin_hits50_Qwen3_Reranker_0p6B_ml32768.json
Qwen_Qwen3_Reranker_0_6B__full_doc_margin_else_chunk__qwen_full_doc_margin_hits50_Qwen3_Reranker_0p6B_ml32768,Qwen/Qwen3-Reranker-0.6B,full_doc_margin_else_chunk,144,0.0886758433,0.1695230438,0.0808472005,tmp/qwen_full_doc_margin_hits50_Qwen3_Reranker_0p6B_ml32768.json
Qwen_Qwen3_Reranker_0_6B__full_doc_margin_else_chunk__qwen_full_doc_margin_hits50_Qwen3_Reranker_0p6B_ml32768,Qwen/Qwen3-Reranker-0.6B,full_doc_margin_else_chunk,161,0.6663255611,0.7195941441,0.0532685830,tmp/qwen_full_doc_margin_hits50_Qwen3_Reranker_0p6B_ml32768.json
Qwen_Qwen3_Reranker_0_6B__full_doc_margin_else_chunk__qwen_full_doc_margin_hits50_Qwen3_Reranker_0p6B_ml32768,Qwen/Qwen3-Reranker-0.6B,full_doc_margin_else_chunk,200,0.1400835882,0.3909706042,0.2508870160,tmp/qwen_full_doc_margin_hits50_Qwen3_Reranker_0p6B_ml32768.json
Qwen_Qwen3_Reranker_0_6B__full_doc_margin_else_chunk__qwen_full_doc_margin_hits50_Qwen3_Reranker_0p6B_ml32768,Qwen/Qwen3-Reranker-0.6B,full_doc_margin_else_chunk,213,0.1121597938,0.1389766300,0.0268168362,tmp/qwen_full_doc_margin_hits50_Qwen3_Reranker_0p6B_ml32768.json
Qwen_Qwen3_Reranker_0_6B__full_doc_margin_else_chunk__qwen_full_doc_margin_hits50_Qwen3_Reranker_0p6B_ml32768,Qwen/Qwen3-Reranker-0.6B,full_doc_margin_else_chunk,219,0.4933573156,0.3296410266,-0.1637162890,tmp/qwen_full_doc_margin_hits50_Qwen3_Reranker_0p6B_ml32768.json
Qwen_Qwen3_Reranker_0_6B__full_doc_margin_else_chunk__qwen_full_doc_margin_hits50_Qwen3_Reranker_0p6B_ml32768,Qwen/Qwen3-Reranker-0.6B,full_doc_margin_else_chunk,224,0.8164972119,0.6838631805,-0.1326340314,tmp/qwen_full_doc_margin_hits50_Qwen3_Reranker_0p6B_ml32768.json
Qwen_Qwen3_Reranker_0_6B__full_doc_margin_else_chunk__qwen_full_doc_margin_hits50_Qwen3_Reranker_0p6B_ml32768,Qwen/Qwen3-Reranker-0.6B,full_doc_margin_else_chunk,225,0.2572640430,0.3384415516,0.0811775085,tmp/qwen_full_doc_margin_hits50_Qwen3_Reranker_0p6B_ml32768.json
Qwen_Qwen3_Reranker_0_6B__full_doc_margin_else_chunk__qwen_full_doc_margin_hits50_Qwen3_Reranker_0p6B_ml32768,Qwen/Qwen3-Reranker-0.6B,full_doc_margin_else_chunk,233,0.5438357471,0.4355710387,-0.1082647084,tmp/qwen_full_doc_margin_hits50_Qwen3_Reranker_0p6B_ml32768.json
Qwen_Qwen3_Reranker_0_6B__full_doc_margin_else_chunk__qwen_full_doc_margin_hits50_Qwen3_Reranker_0p6B_ml32768,Qwen/Qwen3-Reranker-0.6B,full_doc_margin_else_chunk,273,0.3223275559,0.3536982216,0.0313706656,tmp/qwen_full_doc_margin_hits50_Qwen3_Reranker_0p6B_ml32768.json
Qwen_Qwen3_Reranker_0_6B__full_doc_margin_else_chunk__qwen_full_doc_margin_hits50_Qwen3_Reranker_0p6B_ml32768,Qwen/Qwen3-Reranker-0.6B,full_doc_margin_else_chunk,300,0.3546016102,0.4134225962,0.0588209860,tmp/qwen_full_doc_margin_hits50_Qwen3_Reranker_0p6B_ml32768.json
Qwen_Qwen3_Reranker_0_6B__full_doc_margin_else_chunk__qwen_full_doc_margin_hits50_Qwen3_Reranker_0p6B_ml32768,Qwen/Qwen3-Reranker-0.6B,full_doc_margin_else_chunk,407,0.2786364165,0.5077636164,0.2291271999,tmp/qwen_full_doc_margin_hits50_Qwen3_Reranker_0p6B_ml32768.json
Qwen_Qwen3_Reranker_0_6B__full_doc_margin_else_chunk__qwen_full_doc_margin_hits50_Qwen3_Reranker_0p6B_ml32768,Qwen/Qwen3-Reranker-0.6B,full_doc_margin_else_chunk,477,0.4559153326,0.7355264015,0.2796110689,tmp/qwen_full_doc_margin_hits50_Qwen3_Reranker_0p6B_ml32768.json
Qwen_Qwen3_Reranker_0_6B__full_doc_margin_else_chunk__qwen_full_doc_margin_hits50_Qwen3_Reranker_0p6B_ml32768,Qwen/Qwen3-Reranker-0.6B,full_doc_margin_else_chunk,499,0.6816109119,0.7525183066,0.0709073947,tmp/qwen_full_doc_margin_hits50_Qwen3_Reranker_0p6B_ml32768.json
Qwen_Qwen3_Reranker_0_6B__full_doc_margin_else_chunk__qwen_full_doc_margin_hits50_Qwen3_Reranker_0p6B_ml32768,Qwen/Qwen3-Reranker-0.6B,full_doc_margin_else_chunk,515,0.2299254607,0.0971839108,-0.1327415499,tmp/qwen_full_doc_margin_hits50_Qwen3_Reranker_0p6B_ml32768.json
Qwen_Qwen3_Reranker_0_6B__full_doc_margin_else_chunk__qwen_full_doc_margin_hits50_Qwen3_Reranker_0p6B_ml32768,Qwen/Qwen3-Reranker-0.6B,full_doc_margin_else_chunk,707,0.2026664542,0.4515724383,0.2489059841,tmp/qwen_full_doc_margin_hits50_Qwen3_Reranker_0p6B_ml32768.json
Qwen_Qwen3_Reranker_0_6B__full_doc_margin_else_chunk__qwen_full_doc_margin_hits50_Qwen3_Reranker_0p6B_ml32768,Qwen/Qwen3-Reranker-0.6B,full_doc_margin_else_chunk,897,0.3048742399,0.3401750694,0.0353008294,tmp/qwen_full_doc_margin_hits50_Qwen3_Reranker_0p6B_ml32768.json
Qwen_Qwen3_Reranker_0_6B__full_doc_probability_else_chunk__qwen_full_doc_margin_hits50_Qwen3_Reranker_0p6B_ml32768,Qwen/Qwen3-Reranker-0.6B,full_doc_probability_else_chunk,14,0.3553332721,0.5093732917,0.1540400196,tmp/qwen_full_doc_margin_hits50_Qwen3_Reranker_0p6B_ml32768.json
Qwen_Qwen3_Reranker_0_6B__full_doc_probability_else_chunk__qwen_full_doc_margin_hits50_Qwen3_Reranker_0p6B_ml32768,Qwen/Qwen3-Reranker-0.6B,full_doc_probability_else_chunk,31,0.8478053202,0.6928357606,-0.1549695596,tmp/qwen_full_doc_margin_hits50_Qwen3_Reranker_0p6B_ml32768.json
Qwen_Qwen3_Reranker_0_6B__full_doc_probability_else_chunk__qwen_full_doc_margin_hits50_Qwen3_Reranker_0p6B_ml32768,Qwen/Qwen3-Reranker-0.6B,full_doc_probability_else_chunk,37,0.6389817974,0.4347283648,-0.2042534325,tmp/qwen_full_doc_margin_hits50_Qwen3_Reranker_0p6B_ml32768.json
Qwen_Qwen3_Reranker_0_6B__full_doc_probability_else_chunk__qwen_full_doc_margin_hits50_Qwen3_Reranker_0p6B_ml32768,Qwen/Qwen3-Reranker-0.6B,full_doc_probability_else_chunk,58,0.5008083446,0.5885830221,0.0877746775,tmp/qwen_full_doc_margin_hits50_Qwen3_Reranker_0p6B_ml32768.json
Qwen_Qwen3_Reranker_0_6B__full_doc_probability_else_chunk__qwen_full_doc_margin_hits50_Qwen3_Reranker_0p6B_ml32768,Qwen/Qwen3-Reranker-0.6B,full_doc_probability_else_chunk,72,0.3236594717,0.6333555981,0.3096961264,tmp/qwen_full_doc_margin_hits50_Qwen3_Reranker_0p6B_ml32768.json
Qwen_Qwen3_Reranker_0_6B__full_doc_probability_else_chunk__qwen_full_doc_margin_hits50_Qwen3_Reranker_0p6B_ml32768,Qwen/Qwen3-Reranker-0.6B,full_doc_probability_else_chunk,84,0.4918004153,0.7646479044,0.2728474891,tmp/qwen_full_doc_margin_hits50_Qwen3_Reranker_0p6B_ml32768.json
Qwen_Qwen3_Reranker_0_6B__full_doc_probability_else_chunk__qwen_full_doc_margin_hits50_Qwen3_Reranker_0p6B_ml32768,Qwen/Qwen3-Reranker-0.6B,full_doc_probability_else_chunk,144,0.0886758433,0.1695230438,0.0808472005,tmp/qwen_full_doc_margin_hits50_Qwen3_Reranker_0p6B_ml32768.json
Qwen_Qwen3_Reranker_0_6B__full_doc_probability_else_chunk__qwen_full_doc_margin_hits50_Qwen3_Reranker_0p6B_ml32768,Qwen/Qwen3-Reranker-0.6B,full_doc_probability_else_chunk,161,0.6663255611,0.7195941441,0.0532685830,tmp/qwen_full_doc_margin_hits50_Qwen3_Reranker_0p6B_ml32768.json
Qwen_Qwen3_Reranker_0_6B__full_doc_probability_else_chunk__qwen_full_doc_margin_hits50_Qwen3_Reranker_0p6B_ml32768,Qwen/Qwen3-Reranker-0.6B,full_doc_probability_else_chunk,200,0.1400835882,0.3909706042,0.2508870160,tmp/qwen_full_doc_margin_hits50_Qwen3_Reranker_0p6B_ml32768.json
Qwen_Qwen3_Reranker_0_6B__full_doc_probability_else_chunk__qwen_full_doc_margin_hits50_Qwen3_Reranker_0p6B_ml32768,Qwen/Qwen3-Reranker-0.6B,full_doc_probability_else_chunk,213,0.1121597938,0.1389766300,0.0268168362,tmp/qwen_full_doc_margin_hits50_Qwen3_Reranker_0p6B_ml32768.json
Qwen_Qwen3_Reranker_0_6B__full_doc_probability_else_chunk__qwen_full_doc_margin_hits50_Qwen3_Reranker_0p6B_ml32768,Qwen/Qwen3-Reranker-0.6B,full_doc_probability_else_chunk,219,0.4933573156,0.3296410266,-0.1637162890,tmp/qwen_full_doc_margin_hits50_Qwen3_Reranker_0p6B_ml32768.json
Qwen_Qwen3_Reranker_0_6B__full_doc_probability_else_chunk__qwen_full_doc_margin_hits50_Qwen3_Reranker_0p6B_ml32768,Qwen/Qwen3-Reranker-0.6B,full_doc_probability_else_chunk,224,0.8164972119,0.6838631805,-0.1326340314,tmp/qwen_full_doc_margin_hits50_Qwen3_Reranker_0p6B_ml32768.json
Qwen_Qwen3_Reranker_0_6B__full_doc_probability_else_chunk__qwen_full_doc_margin_hits50_Qwen3_Reranker_0p6B_ml32768,Qwen/Qwen3-Reranker-0.6B,full_doc_probability_else_chunk,225,0.2572640430,0.3403808792,0.0831168362,tmp/qwen_full_doc_margin_hits50_Qwen3_Reranker_0p6B_ml32768.json
Qwen_Qwen3_Reranker_0_6B__full_doc_probability_else_chunk__qwen_full_doc_margin_hits50_Qwen3_Reranker_0p6B_ml32768,Qwen/Qwen3-Reranker-0.6B,full_doc_probability_else_chunk,233,0.5438357471,0.5019940530,-0.0418416941,tmp/qwen_full_doc_margin_hits50_Qwen3_Reranker_0p6B_ml32768.json
Qwen_Qwen3_Reranker_0_6B__full_doc_probability_else_chunk__qwen_full_doc_margin_hits50_Qwen3_Reranker_0p6B_ml32768,Qwen/Qwen3-Reranker-0.6B,full_doc_probability_else_chunk,273,0.3223275559,0.3536982216,0.0313706656,tmp/qwen_full_doc_margin_hits50_Qwen3_Reranker_0p6B_ml32768.json
Qwen_Qwen3_Reranker_0_6B__full_doc_probability_else_chunk__qwen_full_doc_margin_hits50_Qwen3_Reranker_0p6B_ml32768,Qwen/Qwen3-Reranker-0.6B,full_doc_probability_else_chunk,300,0.3546016102,0.4228802130,0.0682786028,tmp/qwen_full_doc_margin_hits50_Qwen3_Reranker_0p6B_ml32768.json
Qwen_Qwen3_Reranker_0_6B__full_doc_probability_else_chunk__qwen_full_doc_margin_hits50_Qwen3_Reranker_0p6B_ml32768,Qwen/Qwen3-Reranker-0.6B,full_doc_probability_else_chunk,407,0.2786364165,0.5077636164,0.2291271999,tmp/qwen_full_doc_margin_hits50_Qwen3_Reranker_0p6B_ml32768.json
Qwen_Qwen3_Reranker_0_6B__full_doc_probability_else_chunk__qwen_full_doc_margin_hits50_Qwen3_Reranker_0p6B_ml32768,Qwen/Qwen3-Reranker-0.6B,full_doc_probability_else_chunk,477,0.4559153326,0.7567758211,0.3008604885,tmp/qwen_full_doc_margin_hits50_Qwen3_Reranker_0p6B_ml32768.json
Qwen_Qwen3_Reranker_0_6B__full_doc_probability_else_chunk__qwen_full_doc_margin_hits50_Qwen3_Reranker_0p6B_ml32768,Qwen/Qwen3-Reranker-0.6B,full_doc_probability_else_chunk,499,0.6816109119,0.7818638754,0.1002529636,tmp/qwen_full_doc_margin_hits50_Qwen3_Reranker_0p6B_ml32768.json
Qwen_Qwen3_Reranker_0_6B__full_doc_probability_else_chunk__qwen_full_doc_margin_hits50_Qwen3_Reranker_0p6B_ml32768,Qwen/Qwen3-Reranker-0.6B,full_doc_probability_else_chunk,515,0.2299254607,0.0917004252,-0.1382250356,tmp/qwen_full_doc_margin_hits50_Qwen3_Reranker_0p6B_ml32768.json
Qwen_Qwen3_Reranker_0_6B__full_doc_probability_else_chunk__qwen_full_doc_margin_hits50_Qwen3_Reranker_0p6B_ml32768,Qwen/Qwen3-Reranker-0.6B,full_doc_probability_else_chunk,707,0.2026664542,0.4515724383,0.2489059841,tmp/qwen_full_doc_margin_hits50_Qwen3_Reranker_0p6B_ml32768.json
Qwen_Qwen3_Reranker_0_6B__full_doc_probability_else_chunk__qwen_full_doc_margin_hits50_Qwen3_Reranker_0p6B_ml32768,Qwen/Qwen3-Reranker-0.6B,full_doc_probability_else_chunk,897,0.3048742399,0.3401750694,0.0353008294,tmp/qwen_full_doc_margin_hits50_Qwen3_Reranker_0p6B_ml32768.json
Qwen_Qwen3_Reranker_0_6B__hybrid_full75_chunk25_margin__qwen_full_doc_margin_hits50_Qwen3_Reranker_0p6B_ml32768,Qwen/Qwen3-Reranker-0.6B,hybrid_full75_chunk25_margin,14,0.3553332721,0.5093732917,0.1540400196,tmp/qwen_full_doc_margin_hits50_Qwen3_Reranker_0p6B_ml32768.json
Qwen_Qwen3_Reranker_0_6B__hybrid_full75_chunk25_margin__qwen_full_doc_margin_hits50_Qwen3_Reranker_0p6B_ml32768,Qwen/Qwen3-Reranker-0.6B,hybrid_full75_chunk25_margin,31,0.8478053202,0.6797236843,-0.1680816359,tmp/qwen_full_doc_margin_hits50_Qwen3_Reranker_0p6B_ml32768.json
Qwen_Qwen3_Reranker_0_6B__hybrid_full75_chunk25_margin__qwen_full_doc_margin_hits50_Qwen3_Reranker_0p6B_ml32768,Qwen/Qwen3-Reranker-0.6B,hybrid_full75_chunk25_margin,37,0.6389817974,0.4320825389,-0.2068992584,tmp/qwen_full_doc_margin_hits50_Qwen3_Reranker_0p6B_ml32768.json
Qwen_Qwen3_Reranker_0_6B__hybrid_full75_chunk25_margin__qwen_full_doc_margin_hits50_Qwen3_Reranker_0p6B_ml32768,Qwen/Qwen3-Reranker-0.6B,hybrid_full75_chunk25_margin,58,0.5008083446,0.5791596657,0.0783513211,tmp/qwen_full_doc_margin_hits50_Qwen3_Reranker_0p6B_ml32768.json
Qwen_Qwen3_Reranker_0_6B__hybrid_full75_chunk25_margin__qwen_full_doc_margin_hits50_Qwen3_Reranker_0p6B_ml32768,Qwen/Qwen3-Reranker-0.6B,hybrid_full75_chunk25_margin,72,0.3236594717,0.7633457737,0.4396863020,tmp/qwen_full_doc_margin_hits50_Qwen3_Reranker_0p6B_ml32768.json
Qwen_Qwen3_Reranker_0_6B__hybrid_full75_chunk25_margin__qwen_full_doc_margin_hits50_Qwen3_Reranker_0p6B_ml32768,Qwen/Qwen3-Reranker-0.6B,hybrid_full75_chunk25_margin,84,0.4918004153,0.6966302119,0.2048297966,tmp/qwen_full_doc_margin_hits50_Qwen3_Reranker_0p6B_ml32768.json
Qwen_Qwen3_Reranker_0_6B__hybrid_full75_chunk25_margin__qwen_full_doc_margin_hits50_Qwen3_Reranker_0p6B_ml32768,Qwen/Qwen3-Reranker-0.6B,hybrid_full75_chunk25_margin,144,0.0886758433,0.2022872210,0.1136113777,tmp/qwen_full_doc_margin_hits50_Qwen3_Reranker_0p6B_ml32768.json
Qwen_Qwen3_Reranker_0_6B__hybrid_full75_chunk25_margin__qwen_full_doc_margin_hits50_Qwen3_Reranker_0p6B_ml32768,Qwen/Qwen3-Reranker-0.6B,hybrid_full75_chunk25_margin,161,0.6663255611,0.7195941441,0.0532685830,tmp/qwen_full_doc_margin_hits50_Qwen3_Reranker_0p6B_ml32768.json
Qwen_Qwen3_Reranker_0_6B__hybrid_full75_chunk25_margin__qwen_full_doc_margin_hits50_Qwen3_Reranker_0p6B_ml32768,Qwen/Qwen3-Reranker-0.6B,hybrid_full75_chunk25_margin,200,0.1400835882,0.4558203289,0.3157367407,tmp/qwen_full_doc_margin_hits50_Qwen3_Reranker_0p6B_ml32768.json
Qwen_Qwen3_Reranker_0_6B__hybrid_full75_chunk25_margin__qwen_full_doc_margin_hits50_Qwen3_Reranker_0p6B_ml32768,Qwen/Qwen3-Reranker-0.6B,hybrid_full75_chunk25_margin,213,0.1121597938,0.1495201592,0.0373603654,tmp/qwen_full_doc_margin_hits50_Qwen3_Reranker_0p6B_ml32768.json
Qwen_Qwen3_Reranker_0_6B__hybrid_full75_chunk25_margin__qwen_full_doc_margin_hits50_Qwen3_Reranker_0p6B_ml32768,Qwen/Qwen3-Reranker-0.6B,hybrid_full75_chunk25_margin,219,0.4933573156,0.3282249259,-0.1651323897,tmp/qwen_full_doc_margin_hits50_Qwen3_Reranker_0p6B_ml32768.json
Qwen_Qwen3_Reranker_0_6B__hybrid_full75_chunk25_margin__qwen_full_doc_margin_hits50_Qwen3_Reranker_0p6B_ml32768,Qwen/Qwen3-Reranker-0.6B,hybrid_full75_chunk25_margin,224,0.8164972119,0.6014150379,-0.2150821739,tmp/qwen_full_doc_margin_hits50_Qwen3_Reranker_0p6B_ml32768.json
Qwen_Qwen3_Reranker_0_6B__hybrid_full75_chunk25_margin__qwen_full_doc_margin_hits50_Qwen3_Reranker_0p6B_ml32768,Qwen/Qwen3-Reranker-0.6B,hybrid_full75_chunk25_margin,225,0.2572640430,0.3487941397,0.0915300967,tmp/qwen_full_doc_margin_hits50_Qwen3_Reranker_0p6B_ml32768.json
Qwen_Qwen3_Reranker_0_6B__hybrid_full75_chunk25_margin__qwen_full_doc_margin_hits50_Qwen3_Reranker_0p6B_ml32768,Qwen/Qwen3-Reranker-0.6B,hybrid_full75_chunk25_margin,233,0.5438357471,0.4722181130,-0.0716176342,tmp/qwen_full_doc_margin_hits50_Qwen3_Reranker_0p6B_ml32768.json
Qwen_Qwen3_Reranker_0_6B__hybrid_full75_chunk25_margin__qwen_full_doc_margin_hits50_Qwen3_Reranker_0p6B_ml32768,Qwen/Qwen3-Reranker-0.6B,hybrid_full75_chunk25_margin,273,0.3223275559,0.3885094474,0.0661818914,tmp/qwen_full_doc_margin_hits50_Qwen3_Reranker_0p6B_ml32768.json
Qwen_Qwen3_Reranker_0_6B__hybrid_full75_chunk25_margin__qwen_full_doc_margin_hits50_Qwen3_Reranker_0p6B_ml32768,Qwen/Qwen3-Reranker-0.6B,hybrid_full75_chunk25_margin,300,0.3546016102,0.4293705643,0.0747689540,tmp/qwen_full_doc_margin_hits50_Qwen3_Reranker_0p6B_ml32768.json
Qwen_Qwen3_Reranker_0_6B__hybrid_full75_chunk25_margin__qwen_full_doc_margin_hits50_Qwen3_Reranker_0p6B_ml32768,Qwen/Qwen3-Reranker-0.6B,hybrid_full75_chunk25_margin,407,0.2786364165,0.5393889596,0.2607525431,tmp/qwen_full_doc_margin_hits50_Qwen3_Reranker_0p6B_ml32768.json
Qwen_Qwen3_Reranker_0_6B__hybrid_full75_chunk25_margin__qwen_full_doc_margin_hits50_Qwen3_Reranker_0p6B_ml32768,Qwen/Qwen3-Reranker-0.6B,hybrid_full75_chunk25_margin,477,0.4559153326,0.7225882494,0.2666729168,tmp/qwen_full_doc_margin_hits50_Qwen3_Reranker_0p6B_ml32768.json
Qwen_Qwen3_Reranker_0_6B__hybrid_full75_chunk25_margin__qwen_full_doc_margin_hits50_Qwen3_Reranker_0p6B_ml32768,Qwen/Qwen3-Reranker-0.6B,hybrid_full75_chunk25_margin,499,0.6816109119,0.8279854966,0.1463745847,tmp/qwen_full_doc_margin_hits50_Qwen3_Reranker_0p6B_ml32768.json
Qwen_Qwen3_Reranker_0_6B__hybrid_full75_chunk25_margin__qwen_full_doc_margin_hits50_Qwen3_Reranker_0p6B_ml32768,Qwen/Qwen3-Reranker-0.6B,hybrid_full75_chunk25_margin,515,0.2299254607,0.1452039378,-0.0847215229,tmp/qwen_full_doc_margin_hits50_Qwen3_Reranker_0p6B_ml32768.json
Qwen_Qwen3_Reranker_0_6B__hybrid_full75_chunk25_margin__qwen_full_doc_margin_hits50_Qwen3_Reranker_0p6B_ml32768,Qwen/Qwen3-Reranker-0.6B,hybrid_full75_chunk25_margin,707,0.2026664542,0.4424168514,0.2397503972,tmp/qwen_full_doc_margin_hits50_Qwen3_Reranker_0p6B_ml32768.json
Qwen_Qwen3_Reranker_0_6B__hybrid_full75_chunk25_margin__qwen_full_doc_margin_hits50_Qwen3_Reranker_0p6B_ml32768,Qwen/Qwen3-Reranker-0.6B,hybrid_full75_chunk25_margin,897,0.3048742399,0.3301199925,0.0252457526,tmp/qwen_full_doc_margin_hits50_Qwen3_Reranker_0p6B_ml32768.json
Qwen_Qwen3_Reranker_0_6B__hybrid_full75_chunk25_probability__qwen_full_doc_margin_hits50_Qwen3_Reranker_0p6B_ml32768,Qwen/Qwen3-Reranker-0.6B,hybrid_full75_chunk25_probability,14,0.3553332721,0.5093732917,0.1540400196,tmp/qwen_full_doc_margin_hits50_Qwen3_Reranker_0p6B_ml32768.json
Qwen_Qwen3_Reranker_0_6B__hybrid_full75_chunk25_probability__qwen_full_doc_margin_hits50_Qwen3_Reranker_0p6B_ml32768,Qwen/Qwen3-Reranker-0.6B,hybrid_full75_chunk25_probability,31,0.8478053202,0.7327270631,-0.1150782571,tmp/qwen_full_doc_margin_hits50_Qwen3_Reranker_0p6B_ml32768.json
Qwen_Qwen3_Reranker_0_6B__hybrid_full75_chunk25_probability__qwen_full_doc_margin_hits50_Qwen3_Reranker_0p6B_ml32768,Qwen/Qwen3-Reranker-0.6B,hybrid_full75_chunk25_probability,37,0.6389817974,0.4182631555,-0.2207186418,tmp/qwen_full_doc_margin_hits50_Qwen3_Reranker_0p6B_ml32768.json
Qwen_Qwen3_Reranker_0_6B__hybrid_full75_chunk25_probability__qwen_full_doc_margin_hits50_Qwen3_Reranker_0p6B_ml32768,Qwen/Qwen3-Reranker-0.6B,hybrid_full75_chunk25_probability,58,0.5008083446,0.5774180044,0.0766096598,tmp/qwen_full_doc_margin_hits50_Qwen3_Reranker_0p6B_ml32768.json
Qwen_Qwen3_Reranker_0_6B__hybrid_full75_chunk25_probability__qwen_full_doc_margin_hits50_Qwen3_Reranker_0p6B_ml32768,Qwen/Qwen3-Reranker-0.6B,hybrid_full75_chunk25_probability,72,0.3236594717,0.6594937859,0.3358343143,tmp/qwen_full_doc_margin_hits50_Qwen3_Reranker_0p6B_ml32768.json
Qwen_Qwen3_Reranker_0_6B__hybrid_full75_chunk25_probability__qwen_full_doc_margin_hits50_Qwen3_Reranker_0p6B_ml32768,Qwen/Qwen3-Reranker-0.6B,hybrid_full75_chunk25_probability,84,0.4918004153,0.6817225546,0.1899221394,tmp/qwen_full_doc_margin_hits50_Qwen3_Reranker_0p6B_ml32768.json
Qwen_Qwen3_Reranker_0_6B__hybrid_full75_chunk25_probability__qwen_full_doc_margin_hits50_Qwen3_Reranker_0p6B_ml32768,Qwen/Qwen3-Reranker-0.6B,hybrid_full75_chunk25_probability,144,0.0886758433,0.1984450129,0.1097691696,tmp/qwen_full_doc_margin_hits50_Qwen3_Reranker_0p6B_ml32768.json
Qwen_Qwen3_Reranker_0_6B__hybrid_full75_chunk25_probability__qwen_full_doc_margin_hits50_Qwen3_Reranker_0p6B_ml32768,Qwen/Qwen3-Reranker-0.6B,hybrid_full75_chunk25_probability,161,0.6663255611,0.7195941441,0.0532685830,tmp/qwen_full_doc_margin_hits50_Qwen3_Reranker_0p6B_ml32768.json
Qwen_Qwen3_Reranker_0_6B__hybrid_full75_chunk25_probability__qwen_full_doc_margin_hits50_Qwen3_Reranker_0p6B_ml32768,Qwen/Qwen3-Reranker-0.6B,hybrid_full75_chunk25_probability,200,0.1400835882,0.4601900263,0.3201064380,tmp/qwen_full_doc_margin_hits50_Qwen3_Reranker_0p6B_ml32768.json
Qwen_Qwen3_Reranker_0_6B__hybrid_full75_chunk25_probability__qwen_full_doc_margin_hits50_Qwen3_Reranker_0p6B_ml32768,Qwen/Qwen3-Reranker-0.6B,hybrid_full75_chunk25_probability,213,0.1121597938,0.1513674322,0.0392076384,tmp/qwen_full_doc_margin_hits50_Qwen3_Reranker_0p6B_ml32768.json
Qwen_Qwen3_Reranker_0_6B__hybrid_full75_chunk25_probability__qwen_full_doc_margin_hits50_Qwen3_Reranker_0p6B_ml32768,Qwen/Qwen3-Reranker-0.6B,hybrid_full75_chunk25_probability,219,0.4933573156,0.3294751664,-0.1638821492,tmp/qwen_full_doc_margin_hits50_Qwen3_Reranker_0p6B_ml32768.json
Qwen_Qwen3_Reranker_0_6B__hybrid_full75_chunk25_probability__qwen_full_doc_margin_hits50_Qwen3_Reranker_0p6B_ml32768,Qwen/Qwen3-Reranker-0.6B,hybrid_full75_chunk25_probability,224,0.8164972119,0.6523116685,-0.1641855434,tmp/qwen_full_doc_margin_hits50_Qwen3_Reranker_0p6B_ml32768.json
Qwen_Qwen3_Reranker_0_6B__hybrid_full75_chunk25_probability__qwen_full_doc_margin_hits50_Qwen3_Reranker_0p6B_ml32768,Qwen/Qwen3-Reranker-0.6B,hybrid_full75_chunk25_probability,225,0.2572640430,0.3207737586,0.0635097156,tmp/qwen_full_doc_margin_hits50_Qwen3_Reranker_0p6B_ml32768.json
Qwen_Qwen3_Reranker_0_6B__hybrid_full75_chunk25_probability__qwen_full_doc_margin_hits50_Qwen3_Reranker_0p6B_ml32768,Qwen/Qwen3-Reranker-0.6B,hybrid_full75_chunk25_probability,233,0.5438357471,0.4905629389,-0.0532728083,tmp/qwen_full_doc_margin_hits50_Qwen3_Reranker_0p6B_ml32768.json
Qwen_Qwen3_Reranker_0_6B__hybrid_full75_chunk25_probability__qwen_full_doc_margin_hits50_Qwen3_Reranker_0p6B_ml32768,Qwen/Qwen3-Reranker-0.6B,hybrid_full75_chunk25_probability,273,0.3223275559,0.3599936485,0.0376660926,tmp/qwen_full_doc_margin_hits50_Qwen3_Reranker_0p6B_ml32768.json
Qwen_Qwen3_Reranker_0_6B__hybrid_full75_chunk25_probability__qwen_full_doc_margin_hits50_Qwen3_Reranker_0p6B_ml32768,Qwen/Qwen3-Reranker-0.6B,hybrid_full75_chunk25_probability,300,0.3546016102,0.3894230706,0.0348214604,tmp/qwen_full_doc_margin_hits50_Qwen3_Reranker_0p6B_ml32768.json
Qwen_Qwen3_Reranker_0_6B__hybrid_full75_chunk25_probability__qwen_full_doc_margin_hits50_Qwen3_Reranker_0p6B_ml32768,Qwen/Qwen3-Reranker-0.6B,hybrid_full75_chunk25_probability,407,0.2786364165,0.5164023208,0.2377659043,tmp/qwen_full_doc_margin_hits50_Qwen3_Reranker_0p6B_ml32768.json
Qwen_Qwen3_Reranker_0_6B__hybrid_full75_chunk25_probability__qwen_full_doc_margin_hits50_Qwen3_Reranker_0p6B_ml32768,Qwen/Qwen3-Reranker-0.6B,hybrid_full75_chunk25_probability,477,0.4559153326,0.6408858270,0.1849704944,tmp/qwen_full_doc_margin_hits50_Qwen3_Reranker_0p6B_ml32768.json
Qwen_Qwen3_Reranker_0_6B__hybrid_full75_chunk25_probability__qwen_full_doc_margin_hits50_Qwen3_Reranker_0p6B_ml32768,Qwen/Qwen3-Reranker-0.6B,hybrid_full75_chunk25_probability,499,0.6816109119,0.7422849276,0.0606740157,tmp/qwen_full_doc_margin_hits50_Qwen3_Reranker_0p6B_ml32768.json
Qwen_Qwen3_Reranker_0_6B__hybrid_full75_chunk25_probability__qwen_full_doc_margin_hits50_Qwen3_Reranker_0p6B_ml32768,Qwen/Qwen3-Reranker-0.6B,hybrid_full75_chunk25_probability,515,0.2299254607,0.1370195348,-0.0929059259,tmp/qwen_full_doc_margin_hits50_Qwen3_Reranker_0p6B_ml32768.json
Qwen_Qwen3_Reranker_0_6B__hybrid_full75_chunk25_probability__qwen_full_doc_margin_hits50_Qwen3_Reranker_0p6B_ml32768,Qwen/Qwen3-Reranker-0.6B,hybrid_full75_chunk25_probability,707,0.2026664542,0.4152925290,0.2126260748,tmp/qwen_full_doc_margin_hits50_Qwen3_Reranker_0p6B_ml32768.json
Qwen_Qwen3_Reranker_0_6B__hybrid_full75_chunk25_probability__qwen_full_doc_margin_hits50_Qwen3_Reranker_0p6B_ml32768,Qwen/Qwen3-Reranker-0.6B,hybrid_full75_chunk25_probability,897,0.3048742399,0.3723999775,0.0675257376,tmp/qwen_full_doc_margin_hits50_Qwen3_Reranker_0p6B_ml32768.json
Qwen_Qwen3_Reranker_0_6B__max_plus_support__qwen_aggregation_eval_hits20_Qwen3_Reranker_0p6B,Qwen/Qwen3-Reranker-0.6B,max_plus_support,14,0.3553332721,0.4468771320,0.0915438599,tmp/qwen_aggregation_eval_hits20_Qwen3_Reranker_0p6B.json
Qwen_Qwen3_Reranker_0_6B__max_plus_support__qwen_aggregation_eval_hits20_Qwen3_Reranker_0p6B,Qwen/Qwen3-Reranker-0.6B,max_plus_support,31,0.8478053202,0.6911754792,-0.1566298410,tmp/qwen_aggregation_eval_hits20_Qwen3_Reranker_0p6B.json
Qwen_Qwen3_Reranker_0_6B__max_plus_support__qwen_aggregation_eval_hits20_Qwen3_Reranker_0p6B,Qwen/Qwen3-Reranker-0.6B,max_plus_support,37,0.6389817974,0.4610254405,-0.1779563568,tmp/qwen_aggregation_eval_hits20_Qwen3_Reranker_0p6B.json
Qwen_Qwen3_Reranker_0_6B__max_plus_support__qwen_aggregation_eval_hits20_Qwen3_Reranker_0p6B,Qwen/Qwen3-Reranker-0.6B,max_plus_support,58,0.5008083446,0.6011421154,0.1003337708,tmp/qwen_aggregation_eval_hits20_Qwen3_Reranker_0p6B.json
Qwen_Qwen3_Reranker_0_6B__max_plus_support__qwen_aggregation_eval_hits20_Qwen3_Reranker_0p6B,Qwen/Qwen3-Reranker-0.6B,max_plus_support,72,0.3236594717,0.6564623373,0.3328028656,tmp/qwen_aggregation_eval_hits20_Qwen3_Reranker_0p6B.json
Qwen_Qwen3_Reranker_0_6B__max_plus_support__qwen_aggregation_eval_hits20_Qwen3_Reranker_0p6B,Qwen/Qwen3-Reranker-0.6B,max_plus_support,84,0.4918004153,0.4505975314,-0.0412028838,tmp/qwen_aggregation_eval_hits20_Qwen3_Reranker_0p6B.json
Qwen_Qwen3_Reranker_0_6B__max_plus_support__qwen_aggregation_eval_hits20_Qwen3_Reranker_0p6B,Qwen/Qwen3-Reranker-0.6B,max_plus_support,144,0.0886758433,0.1612229336,0.0725470903,tmp/qwen_aggregation_eval_hits20_Qwen3_Reranker_0p6B.json
Qwen_Qwen3_Reranker_0_6B__max_plus_support__qwen_aggregation_eval_hits20_Qwen3_Reranker_0p6B,Qwen/Qwen3-Reranker-0.6B,max_plus_support,161,0.6663255611,0.4986248289,-0.1677007322,tmp/qwen_aggregation_eval_hits20_Qwen3_Reranker_0p6B.json
Qwen_Qwen3_Reranker_0_6B__max_plus_support__qwen_aggregation_eval_hits20_Qwen3_Reranker_0p6B,Qwen/Qwen3-Reranker-0.6B,max_plus_support,200,0.1400835882,0.3693379299,0.2292543417,tmp/qwen_aggregation_eval_hits20_Qwen3_Reranker_0p6B.json
Qwen_Qwen3_Reranker_0_6B__max_plus_support__qwen_aggregation_eval_hits20_Qwen3_Reranker_0p6B,Qwen/Qwen3-Reranker-0.6B,max_plus_support,213,0.1121597938,0.1779001133,0.0657403195,tmp/qwen_aggregation_eval_hits20_Qwen3_Reranker_0p6B.json
Qwen_Qwen3_Reranker_0_6B__max_plus_support__qwen_aggregation_eval_hits20_Qwen3_Reranker_0p6B,Qwen/Qwen3-Reranker-0.6B,max_plus_support,219,0.4933573156,0.4582704557,-0.0350868599,tmp/qwen_aggregation_eval_hits20_Qwen3_Reranker_0p6B.json
Qwen_Qwen3_Reranker_0_6B__max_plus_support__qwen_aggregation_eval_hits20_Qwen3_Reranker_0p6B,Qwen/Qwen3-Reranker-0.6B,max_plus_support,224,0.8164972119,0.5468717938,-0.2696254181,tmp/qwen_aggregation_eval_hits20_Qwen3_Reranker_0p6B.json
Qwen_Qwen3_Reranker_0_6B__max_plus_support__qwen_aggregation_eval_hits20_Qwen3_Reranker_0p6B,Qwen/Qwen3-Reranker-0.6B,max_plus_support,225,0.2572640430,0.2211473236,-0.0361167194,tmp/qwen_aggregation_eval_hits20_Qwen3_Reranker_0p6B.json
Qwen_Qwen3_Reranker_0_6B__max_plus_support__qwen_aggregation_eval_hits20_Qwen3_Reranker_0p6B,Qwen/Qwen3-Reranker-0.6B,max_plus_support,233,0.5438357471,0.5506954142,0.0068596671,tmp/qwen_aggregation_eval_hits20_Qwen3_Reranker_0p6B.json
Qwen_Qwen3_Reranker_0_6B__max_plus_support__qwen_aggregation_eval_hits20_Qwen3_Reranker_0p6B,Qwen/Qwen3-Reranker-0.6B,max_plus_support,273,0.3223275559,0.3400603779,0.0177328220,tmp/qwen_aggregation_eval_hits20_Qwen3_Reranker_0p6B.json
Qwen_Qwen3_Reranker_0_6B__max_plus_support__qwen_aggregation_eval_hits20_Qwen3_Reranker_0p6B,Qwen/Qwen3-Reranker-0.6B,max_plus_support,300,0.3546016102,0.4405000329,0.0858984227,tmp/qwen_aggregation_eval_hits20_Qwen3_Reranker_0p6B.json
Qwen_Qwen3_Reranker_0_6B__max_plus_support__qwen_aggregation_eval_hits20_Qwen3_Reranker_0p6B,Qwen/Qwen3-Reranker-0.6B,max_plus_support,407,0.2786364165,0.4273431664,0.1487067499,tmp/qwen_aggregation_eval_hits20_Qwen3_Reranker_0p6B.json
Qwen_Qwen3_Reranker_0_6B__max_plus_support__qwen_aggregation_eval_hits20_Qwen3_Reranker_0p6B,Qwen/Qwen3-Reranker-0.6B,max_plus_support,477,0.4559153326,0.5138956770,0.0579803444,tmp/qwen_aggregation_eval_hits20_Qwen3_Reranker_0p6B.json
Qwen_Qwen3_Reranker_0_6B__max_plus_support__qwen_aggregation_eval_hits20_Qwen3_Reranker_0p6B,Qwen/Qwen3-Reranker-0.6B,max_plus_support,499,0.6816109119,0.6678536961,-0.0137572158,tmp/qwen_aggregation_eval_hits20_Qwen3_Reranker_0p6B.json
Qwen_Qwen3_Reranker_0_6B__max_plus_support__qwen_aggregation_eval_hits20_Qwen3_Reranker_0p6B,Qwen/Qwen3-Reranker-0.6B,max_plus_support,515,0.2299254607,0.1823086250,-0.0476168357,tmp/qwen_aggregation_eval_hits20_Qwen3_Reranker_0p6B.json
Qwen_Qwen3_Reranker_0_6B__max_plus_support__qwen_aggregation_eval_hits20_Qwen3_Reranker_0p6B,Qwen/Qwen3-Reranker-0.6B,max_plus_support,707,0.2026664542,0.3749719464,0.1723054922,tmp/qwen_aggregation_eval_hits20_Qwen3_Reranker_0p6B.json
Qwen_Qwen3_Reranker_0_6B__max_plus_support__qwen_aggregation_eval_hits20_Qwen3_Reranker_0p6B,Qwen/Qwen3-Reranker-0.6B,max_plus_support,897,0.3048742399,0.4506236347,0.1457493948,tmp/qwen_aggregation_eval_hits20_Qwen3_Reranker_0p6B.json
Qwen_Qwen3_Reranker_0_6B__max_plus_support__qwen_aggregation_eval_hits50_Qwen3_Reranker_0p6B,Qwen/Qwen3-Reranker-0.6B,max_plus_support,14,0.3553332721,0.4360877146,0.0807544425,tmp/qwen_aggregation_eval_hits50_Qwen3_Reranker_0p6B.json
Qwen_Qwen3_Reranker_0_6B__max_plus_support__qwen_aggregation_eval_hits50_Qwen3_Reranker_0p6B,Qwen/Qwen3-Reranker-0.6B,max_plus_support,31,0.8478053202,0.6231554124,-0.2246499078,tmp/qwen_aggregation_eval_hits50_Qwen3_Reranker_0p6B.json
Qwen_Qwen3_Reranker_0_6B__max_plus_support__qwen_aggregation_eval_hits50_Qwen3_Reranker_0p6B,Qwen/Qwen3-Reranker-0.6B,max_plus_support,37,0.6389817974,0.4335317328,-0.2054500645,tmp/qwen_aggregation_eval_hits50_Qwen3_Reranker_0p6B.json
Qwen_Qwen3_Reranker_0_6B__max_plus_support__qwen_aggregation_eval_hits50_Qwen3_Reranker_0p6B,Qwen/Qwen3-Reranker-0.6B,max_plus_support,58,0.5008083446,0.4278513610,-0.0729569836,tmp/qwen_aggregation_eval_hits50_Qwen3_Reranker_0p6B.json
Qwen_Qwen3_Reranker_0_6B__max_plus_support__qwen_aggregation_eval_hits50_Qwen3_Reranker_0p6B,Qwen/Qwen3-Reranker-0.6B,max_plus_support,72,0.3236594717,0.7048441273,0.3811846556,tmp/qwen_aggregation_eval_hits50_Qwen3_Reranker_0p6B.json
Qwen_Qwen3_Reranker_0_6B__max_plus_support__qwen_aggregation_eval_hits50_Qwen3_Reranker_0p6B,Qwen/Qwen3-Reranker-0.6B,max_plus_support,84,0.4918004153,0.5892979783,0.0974975630,tmp/qwen_aggregation_eval_hits50_Qwen3_Reranker_0p6B.json
Qwen_Qwen3_Reranker_0_6B__max_plus_support__qwen_aggregation_eval_hits50_Qwen3_Reranker_0p6B,Qwen/Qwen3-Reranker-0.6B,max_plus_support,144,0.0886758433,0.1958863170,0.1072104737,tmp/qwen_aggregation_eval_hits50_Qwen3_Reranker_0p6B.json
Qwen_Qwen3_Reranker_0_6B__max_plus_support__qwen_aggregation_eval_hits50_Qwen3_Reranker_0p6B,Qwen/Qwen3-Reranker-0.6B,max_plus_support,161,0.6663255611,0.6460072966,-0.0203182645,tmp/qwen_aggregation_eval_hits50_Qwen3_Reranker_0p6B.json
Qwen_Qwen3_Reranker_0_6B__max_plus_support__qwen_aggregation_eval_hits50_Qwen3_Reranker_0p6B,Qwen/Qwen3-Reranker-0.6B,max_plus_support,200,0.1400835882,0.5051129043,0.3650293161,tmp/qwen_aggregation_eval_hits50_Qwen3_Reranker_0p6B.json
Qwen_Qwen3_Reranker_0_6B__max_plus_support__qwen_aggregation_eval_hits50_Qwen3_Reranker_0p6B,Qwen/Qwen3-Reranker-0.6B,max_plus_support,213,0.1121597938,0.1590152311,0.0468554373,tmp/qwen_aggregation_eval_hits50_Qwen3_Reranker_0p6B.json
Qwen_Qwen3_Reranker_0_6B__max_plus_support__qwen_aggregation_eval_hits50_Qwen3_Reranker_0p6B,Qwen/Qwen3-Reranker-0.6B,max_plus_support,219,0.4933573156,0.3552369425,-0.1381203731,tmp/qwen_aggregation_eval_hits50_Qwen3_Reranker_0p6B.json
Qwen_Qwen3_Reranker_0_6B__max_plus_support__qwen_aggregation_eval_hits50_Qwen3_Reranker_0p6B,Qwen/Qwen3-Reranker-0.6B,max_plus_support,224,0.8164972119,0.4678045229,-0.3486926890,tmp/qwen_aggregation_eval_hits50_Qwen3_Reranker_0p6B.json
Qwen_Qwen3_Reranker_0_6B__max_plus_support__qwen_aggregation_eval_hits50_Qwen3_Reranker_0p6B,Qwen/Qwen3-Reranker-0.6B,max_plus_support,225,0.2572640430,0.2825942933,0.0253302503,tmp/qwen_aggregation_eval_hits50_Qwen3_Reranker_0p6B.json
Qwen_Qwen3_Reranker_0_6B__max_plus_support__qwen_aggregation_eval_hits50_Qwen3_Reranker_0p6B,Qwen/Qwen3-Reranker-0.6B,max_plus_support,233,0.5438357471,0.4356702336,-0.1081655135,tmp/qwen_aggregation_eval_hits50_Qwen3_Reranker_0p6B.json
Qwen_Qwen3_Reranker_0_6B__max_plus_support__qwen_aggregation_eval_hits50_Qwen3_Reranker_0p6B,Qwen/Qwen3-Reranker-0.6B,max_plus_support,273,0.3223275559,0.4036762096,0.0813486536,tmp/qwen_aggregation_eval_hits50_Qwen3_Reranker_0p6B.json
Qwen_Qwen3_Reranker_0_6B__max_plus_support__qwen_aggregation_eval_hits50_Qwen3_Reranker_0p6B,Qwen/Qwen3-Reranker-0.6B,max_plus_support,300,0.3546016102,0.4789681734,0.1243665632,tmp/qwen_aggregation_eval_hits50_Qwen3_Reranker_0p6B.json
Qwen_Qwen3_Reranker_0_6B__max_plus_support__qwen_aggregation_eval_hits50_Qwen3_Reranker_0p6B,Qwen/Qwen3-Reranker-0.6B,max_plus_support,407,0.2786364165,0.4871239939,0.2084875774,tmp/qwen_aggregation_eval_hits50_Qwen3_Reranker_0p6B.json
Qwen_Qwen3_Reranker_0_6B__max_plus_support__qwen_aggregation_eval_hits50_Qwen3_Reranker_0p6B,Qwen/Qwen3-Reranker-0.6B,max_plus_support,477,0.4559153326,0.5908223177,0.1349069850,tmp/qwen_aggregation_eval_hits50_Qwen3_Reranker_0p6B.json
Qwen_Qwen3_Reranker_0_6B__max_plus_support__qwen_aggregation_eval_hits50_Qwen3_Reranker_0p6B,Qwen/Qwen3-Reranker-0.6B,max_plus_support,499,0.6816109119,0.4436394853,-0.2379714266,tmp/qwen_aggregation_eval_hits50_Qwen3_Reranker_0p6B.json
Qwen_Qwen3_Reranker_0_6B__max_plus_support__qwen_aggregation_eval_hits50_Qwen3_Reranker_0p6B,Qwen/Qwen3-Reranker-0.6B,max_plus_support,515,0.2299254607,0.1564891248,-0.0734363359,tmp/qwen_aggregation_eval_hits50_Qwen3_Reranker_0p6B.json
Qwen_Qwen3_Reranker_0_6B__max_plus_support__qwen_aggregation_eval_hits50_Qwen3_Reranker_0p6B,Qwen/Qwen3-Reranker-0.6B,max_plus_support,707,0.2026664542,0.3587989882,0.1561325340,tmp/qwen_aggregation_eval_hits50_Qwen3_Reranker_0p6B.json
Qwen_Qwen3_Reranker_0_6B__max_plus_support__qwen_aggregation_eval_hits50_Qwen3_Reranker_0p6B,Qwen/Qwen3-Reranker-0.6B,max_plus_support,897,0.3048742399,0.2973047337,-0.0075695062,tmp/qwen_aggregation_eval_hits50_Qwen3_Reranker_0p6B.json
Qwen_Qwen3_Reranker_0_6B__max_plus_support__qwen_aggregation_eval_hits50_Qwen3_Reranker_0p6B_gap2000,Qwen/Qwen3-Reranker-0.6B,max_plus_support,14,0.3553332721,0.4218473638,0.0665140917,tmp/qwen_aggregation_eval_hits50_Qwen3_Reranker_0p6B_gap2000.json
Qwen_Qwen3_Reranker_0_6B__max_plus_support__qwen_aggregation_eval_hits50_Qwen3_Reranker_0p6B_gap2000,Qwen/Qwen3-Reranker-0.6B,max_plus_support,31,0.8478053202,0.6551446319,-0.1926606884,tmp/qwen_aggregation_eval_hits50_Qwen3_Reranker_0p6B_gap2000.json
Qwen_Qwen3_Reranker_0_6B__max_plus_support__qwen_aggregation_eval_hits50_Qwen3_Reranker_0p6B_gap2000,Qwen/Qwen3-Reranker-0.6B,max_plus_support,37,0.6389817974,0.3257370370,-0.3132447604,tmp/qwen_aggregation_eval_hits50_Qwen3_Reranker_0p6B_gap2000.json
Qwen_Qwen3_Reranker_0_6B__max_plus_support__qwen_aggregation_eval_hits50_Qwen3_Reranker_0p6B_gap2000,Qwen/Qwen3-Reranker-0.6B,max_plus_support,58,0.5008083446,0.3766628504,-0.1241454942,tmp/qwen_aggregation_eval_hits50_Qwen3_Reranker_0p6B_gap2000.json
Qwen_Qwen3_Reranker_0_6B__max_plus_support__qwen_aggregation_eval_hits50_Qwen3_Reranker_0p6B_gap2000,Qwen/Qwen3-Reranker-0.6B,max_plus_support,72,0.3236594717,0.6257126748,0.3020532032,tmp/qwen_aggregation_eval_hits50_Qwen3_Reranker_0p6B_gap2000.json
Qwen_Qwen3_Reranker_0_6B__max_plus_support__qwen_aggregation_eval_hits50_Qwen3_Reranker_0p6B_gap2000,Qwen/Qwen3-Reranker-0.6B,max_plus_support,84,0.4918004153,0.5254056061,0.0336051909,tmp/qwen_aggregation_eval_hits50_Qwen3_Reranker_0p6B_gap2000.json
Qwen_Qwen3_Reranker_0_6B__max_plus_support__qwen_aggregation_eval_hits50_Qwen3_Reranker_0p6B_gap2000,Qwen/Qwen3-Reranker-0.6B,max_plus_support,144,0.0886758433,0.1935779132,0.1049020699,tmp/qwen_aggregation_eval_hits50_Qwen3_Reranker_0p6B_gap2000.json
Qwen_Qwen3_Reranker_0_6B__max_plus_support__qwen_aggregation_eval_hits50_Qwen3_Reranker_0p6B_gap2000,Qwen/Qwen3-Reranker-0.6B,max_plus_support,161,0.6663255611,0.6616446636,-0.0046808975,tmp/qwen_aggregation_eval_hits50_Qwen3_Reranker_0p6B_gap2000.json
Qwen_Qwen3_Reranker_0_6B__max_plus_support__qwen_aggregation_eval_hits50_Qwen3_Reranker_0p6B_gap2000,Qwen/Qwen3-Reranker-0.6B,max_plus_support,200,0.1400835882,0.5051129043,0.3650293161,tmp/qwen_aggregation_eval_hits50_Qwen3_Reranker_0p6B_gap2000.json
Qwen_Qwen3_Reranker_0_6B__max_plus_support__qwen_aggregation_eval_hits50_Qwen3_Reranker_0p6B_gap2000,Qwen/Qwen3-Reranker-0.6B,max_plus_support,213,0.1121597938,0.1421523802,0.0299925864,tmp/qwen_aggregation_eval_hits50_Qwen3_Reranker_0p6B_gap2000.json
Qwen_Qwen3_Reranker_0_6B__max_plus_support__qwen_aggregation_eval_hits50_Qwen3_Reranker_0p6B_gap2000,Qwen/Qwen3-Reranker-0.6B,max_plus_support,219,0.4933573156,0.3437021737,-0.1496551419,tmp/qwen_aggregation_eval_hits50_Qwen3_Reranker_0p6B_gap2000.json
Qwen_Qwen3_Reranker_0_6B__max_plus_support__qwen_aggregation_eval_hits50_Qwen3_Reranker_0p6B_gap2000,Qwen/Qwen3-Reranker-0.6B,max_plus_support,224,0.8164972119,0.4775380569,-0.3389591550,tmp/qwen_aggregation_eval_hits50_Qwen3_Reranker_0p6B_gap2000.json
Qwen_Qwen3_Reranker_0_6B__max_plus_support__qwen_aggregation_eval_hits50_Qwen3_Reranker_0p6B_gap2000,Qwen/Qwen3-Reranker-0.6B,max_plus_support,225,0.2572640430,0.2189975726,-0.0382664704,tmp/qwen_aggregation_eval_hits50_Qwen3_Reranker_0p6B_gap2000.json
Qwen_Qwen3_Reranker_0_6B__max_plus_support__qwen_aggregation_eval_hits50_Qwen3_Reranker_0p6B_gap2000,Qwen/Qwen3-Reranker-0.6B,max_plus_support,233,0.5438357471,0.3036719424,-0.2401638047,tmp/qwen_aggregation_eval_hits50_Qwen3_Reranker_0p6B_gap2000.json
Qwen_Qwen3_Reranker_0_6B__max_plus_support__qwen_aggregation_eval_hits50_Qwen3_Reranker_0p6B_gap2000,Qwen/Qwen3-Reranker-0.6B,max_plus_support,273,0.3223275559,0.3532836922,0.0309561363,tmp/qwen_aggregation_eval_hits50_Qwen3_Reranker_0p6B_gap2000.json
Qwen_Qwen3_Reranker_0_6B__max_plus_support__qwen_aggregation_eval_hits50_Qwen3_Reranker_0p6B_gap2000,Qwen/Qwen3-Reranker-0.6B,max_plus_support,300,0.3546016102,0.4758220133,0.1212204030,tmp/qwen_aggregation_eval_hits50_Qwen3_Reranker_0p6B_gap2000.json
Qwen_Qwen3_Reranker_0_6B__max_plus_support__qwen_aggregation_eval_hits50_Qwen3_Reranker_0p6B_gap2000,Qwen/Qwen3-Reranker-0.6B,max_plus_support,407,0.2786364165,0.4871239939,0.2084875774,tmp/qwen_aggregation_eval_hits50_Qwen3_Reranker_0p6B_gap2000.json
Qwen_Qwen3_Reranker_0_6B__max_plus_support__qwen_aggregation_eval_hits50_Qwen3_Reranker_0p6B_gap2000,Qwen/Qwen3-Reranker-0.6B,max_plus_support,477,0.4559153326,0.7244791748,0.2685638422,tmp/qwen_aggregation_eval_hits50_Qwen3_Reranker_0p6B_gap2000.json
Qwen_Qwen3_Reranker_0_6B__max_plus_support__qwen_aggregation_eval_hits50_Qwen3_Reranker_0p6B_gap2000,Qwen/Qwen3-Reranker-0.6B,max_plus_support,499,0.6816109119,0.4046779204,-0.2769329915,tmp/qwen_aggregation_eval_hits50_Qwen3_Reranker_0p6B_gap2000.json
Qwen_Qwen3_Reranker_0_6B__max_plus_support__qwen_aggregation_eval_hits50_Qwen3_Reranker_0p6B_gap2000,Qwen/Qwen3-Reranker-0.6B,max_plus_support,515,0.2299254607,0.2016499899,-0.0282754708,tmp/qwen_aggregation_eval_hits50_Qwen3_Reranker_0p6B_gap2000.json
Qwen_Qwen3_Reranker_0_6B__max_plus_support__qwen_aggregation_eval_hits50_Qwen3_Reranker_0p6B_gap2000,Qwen/Qwen3-Reranker-0.6B,max_plus_support,707,0.2026664542,0.3575300504,0.1548635962,tmp/qwen_aggregation_eval_hits50_Qwen3_Reranker_0p6B_gap2000.json
Qwen_Qwen3_Reranker_0_6B__max_plus_support__qwen_aggregation_eval_hits50_Qwen3_Reranker_0p6B_gap2000,Qwen/Qwen3-Reranker-0.6B,max_plus_support,897,0.3048742399,0.3044798857,-0.0003943542,tmp/qwen_aggregation_eval_hits50_Qwen3_Reranker_0p6B_gap2000.json
Qwen_Qwen3_Reranker_0_6B__max_plus_support__qwen_aggregation_eval_hits50_Qwen3_Reranker_0p6B_gap3000,Qwen/Qwen3-Reranker-0.6B,max_plus_support,14,0.3553332721,0.4218473638,0.0665140917,tmp/qwen_aggregation_eval_hits50_Qwen3_Reranker_0p6B_gap3000.json
Qwen_Qwen3_Reranker_0_6B__max_plus_support__qwen_aggregation_eval_hits50_Qwen3_Reranker_0p6B_gap3000,Qwen/Qwen3-Reranker-0.6B,max_plus_support,31,0.8478053202,0.6551446319,-0.1926606884,tmp/qwen_aggregation_eval_hits50_Qwen3_Reranker_0p6B_gap3000.json
Qwen_Qwen3_Reranker_0_6B__max_plus_support__qwen_aggregation_eval_hits50_Qwen3_Reranker_0p6B_gap3000,Qwen/Qwen3-Reranker-0.6B,max_plus_support,37,0.6389817974,0.3257370370,-0.3132447604,tmp/qwen_aggregation_eval_hits50_Qwen3_Reranker_0p6B_gap3000.json
Qwen_Qwen3_Reranker_0_6B__max_plus_support__qwen_aggregation_eval_hits50_Qwen3_Reranker_0p6B_gap3000,Qwen/Qwen3-Reranker-0.6B,max_plus_support,58,0.5008083446,0.3766628504,-0.1241454942,tmp/qwen_aggregation_eval_hits50_Qwen3_Reranker_0p6B_gap3000.json
Qwen_Qwen3_Reranker_0_6B__max_plus_support__qwen_aggregation_eval_hits50_Qwen3_Reranker_0p6B_gap3000,Qwen/Qwen3-Reranker-0.6B,max_plus_support,72,0.3236594717,0.6257126748,0.3020532032,tmp/qwen_aggregation_eval_hits50_Qwen3_Reranker_0p6B_gap3000.json
Qwen_Qwen3_Reranker_0_6B__max_plus_support__qwen_aggregation_eval_hits50_Qwen3_Reranker_0p6B_gap3000,Qwen/Qwen3-Reranker-0.6B,max_plus_support,84,0.4918004153,0.5254056061,0.0336051909,tmp/qwen_aggregation_eval_hits50_Qwen3_Reranker_0p6B_gap3000.json
Qwen_Qwen3_Reranker_0_6B__max_plus_support__qwen_aggregation_eval_hits50_Qwen3_Reranker_0p6B_gap3000,Qwen/Qwen3-Reranker-0.6B,max_plus_support,144,0.0886758433,0.1935779132,0.1049020699,tmp/qwen_aggregation_eval_hits50_Qwen3_Reranker_0p6B_gap3000.json
Qwen_Qwen3_Reranker_0_6B__max_plus_support__qwen_aggregation_eval_hits50_Qwen3_Reranker_0p6B_gap3000,Qwen/Qwen3-Reranker-0.6B,max_plus_support,161,0.6663255611,0.6616446636,-0.0046808975,tmp/qwen_aggregation_eval_hits50_Qwen3_Reranker_0p6B_gap3000.json
Qwen_Qwen3_Reranker_0_6B__max_plus_support__qwen_aggregation_eval_hits50_Qwen3_Reranker_0p6B_gap3000,Qwen/Qwen3-Reranker-0.6B,max_plus_support,200,0.1400835882,0.5051129043,0.3650293161,tmp/qwen_aggregation_eval_hits50_Qwen3_Reranker_0p6B_gap3000.json
Qwen_Qwen3_Reranker_0_6B__max_plus_support__qwen_aggregation_eval_hits50_Qwen3_Reranker_0p6B_gap3000,Qwen/Qwen3-Reranker-0.6B,max_plus_support,213,0.1121597938,0.1421523802,0.0299925864,tmp/qwen_aggregation_eval_hits50_Qwen3_Reranker_0p6B_gap3000.json
Qwen_Qwen3_Reranker_0_6B__max_plus_support__qwen_aggregation_eval_hits50_Qwen3_Reranker_0p6B_gap3000,Qwen/Qwen3-Reranker-0.6B,max_plus_support,219,0.4933573156,0.3437021737,-0.1496551419,tmp/qwen_aggregation_eval_hits50_Qwen3_Reranker_0p6B_gap3000.json
Qwen_Qwen3_Reranker_0_6B__max_plus_support__qwen_aggregation_eval_hits50_Qwen3_Reranker_0p6B_gap3000,Qwen/Qwen3-Reranker-0.6B,max_plus_support,224,0.8164972119,0.4739408043,-0.3425564076,tmp/qwen_aggregation_eval_hits50_Qwen3_Reranker_0p6B_gap3000.json
Qwen_Qwen3_Reranker_0_6B__max_plus_support__qwen_aggregation_eval_hits50_Qwen3_Reranker_0p6B_gap3000,Qwen/Qwen3-Reranker-0.6B,max_plus_support,225,0.2572640430,0.2189975726,-0.0382664704,tmp/qwen_aggregation_eval_hits50_Qwen3_Reranker_0p6B_gap3000.json
Qwen_Qwen3_Reranker_0_6B__max_plus_support__qwen_aggregation_eval_hits50_Qwen3_Reranker_0p6B_gap3000,Qwen/Qwen3-Reranker-0.6B,max_plus_support,233,0.5438357471,0.3036719424,-0.2401638047,tmp/qwen_aggregation_eval_hits50_Qwen3_Reranker_0p6B_gap3000.json
Qwen_Qwen3_Reranker_0_6B__max_plus_support__qwen_aggregation_eval_hits50_Qwen3_Reranker_0p6B_gap3000,Qwen/Qwen3-Reranker-0.6B,max_plus_support,273,0.3223275559,0.3532836922,0.0309561363,tmp/qwen_aggregation_eval_hits50_Qwen3_Reranker_0p6B_gap3000.json
Qwen_Qwen3_Reranker_0_6B__max_plus_support__qwen_aggregation_eval_hits50_Qwen3_Reranker_0p6B_gap3000,Qwen/Qwen3-Reranker-0.6B,max_plus_support,300,0.3546016102,0.4758220133,0.1212204030,tmp/qwen_aggregation_eval_hits50_Qwen3_Reranker_0p6B_gap3000.json
Qwen_Qwen3_Reranker_0_6B__max_plus_support__qwen_aggregation_eval_hits50_Qwen3_Reranker_0p6B_gap3000,Qwen/Qwen3-Reranker-0.6B,max_plus_support,407,0.2786364165,0.4871239939,0.2084875774,tmp/qwen_aggregation_eval_hits50_Qwen3_Reranker_0p6B_gap3000.json
Qwen_Qwen3_Reranker_0_6B__max_plus_support__qwen_aggregation_eval_hits50_Qwen3_Reranker_0p6B_gap3000,Qwen/Qwen3-Reranker-0.6B,max_plus_support,477,0.4559153326,0.7244791748,0.2685638422,tmp/qwen_aggregation_eval_hits50_Qwen3_Reranker_0p6B_gap3000.json
Qwen_Qwen3_Reranker_0_6B__max_plus_support__qwen_aggregation_eval_hits50_Qwen3_Reranker_0p6B_gap3000,Qwen/Qwen3-Reranker-0.6B,max_plus_support,499,0.6816109119,0.4046779204,-0.2769329915,tmp/qwen_aggregation_eval_hits50_Qwen3_Reranker_0p6B_gap3000.json
Qwen_Qwen3_Reranker_0_6B__max_plus_support__qwen_aggregation_eval_hits50_Qwen3_Reranker_0p6B_gap3000,Qwen/Qwen3-Reranker-0.6B,max_plus_support,515,0.2299254607,0.2016499899,-0.0282754708,tmp/qwen_aggregation_eval_hits50_Qwen3_Reranker_0p6B_gap3000.json
Qwen_Qwen3_Reranker_0_6B__max_plus_support__qwen_aggregation_eval_hits50_Qwen3_Reranker_0p6B_gap3000,Qwen/Qwen3-Reranker-0.6B,max_plus_support,707,0.2026664542,0.3575300504,0.1548635962,tmp/qwen_aggregation_eval_hits50_Qwen3_Reranker_0p6B_gap3000.json
Qwen_Qwen3_Reranker_0_6B__max_plus_support__qwen_aggregation_eval_hits50_Qwen3_Reranker_0p6B_gap3000,Qwen/Qwen3-Reranker-0.6B,max_plus_support,897,0.3048742399,0.3044798857,-0.0003943542,tmp/qwen_aggregation_eval_hits50_Qwen3_Reranker_0p6B_gap3000.json
Qwen_Qwen3_Reranker_0_6B__max_plus_support__qwen_aggregation_eval_hits50_Qwen3_Reranker_0p6B_ov0,Qwen/Qwen3-Reranker-0.6B,max_plus_support,14,0.3553332721,0.5117916580,0.1564583859,tmp/qwen_aggregation_eval_hits50_Qwen3_Reranker_0p6B_ov0.json
Qwen_Qwen3_Reranker_0_6B__max_plus_support__qwen_aggregation_eval_hits50_Qwen3_Reranker_0p6B_ov0,Qwen/Qwen3-Reranker-0.6B,max_plus_support,31,0.8478053202,0.7401855434,-0.1076197768,tmp/qwen_aggregation_eval_hits50_Qwen3_Reranker_0p6B_ov0.json
Qwen_Qwen3_Reranker_0_6B__max_plus_support__qwen_aggregation_eval_hits50_Qwen3_Reranker_0p6B_ov0,Qwen/Qwen3-Reranker-0.6B,max_plus_support,37,0.6389817974,0.4431104703,-0.1958713271,tmp/qwen_aggregation_eval_hits50_Qwen3_Reranker_0p6B_ov0.json
Qwen_Qwen3_Reranker_0_6B__max_plus_support__qwen_aggregation_eval_hits50_Qwen3_Reranker_0p6B_ov0,Qwen/Qwen3-Reranker-0.6B,max_plus_support,58,0.5008083446,0.4353539881,-0.0654543565,tmp/qwen_aggregation_eval_hits50_Qwen3_Reranker_0p6B_ov0.json
Qwen_Qwen3_Reranker_0_6B__max_plus_support__qwen_aggregation_eval_hits50_Qwen3_Reranker_0p6B_ov0,Qwen/Qwen3-Reranker-0.6B,max_plus_support,72,0.3236594717,0.7339126139,0.4102531423,tmp/qwen_aggregation_eval_hits50_Qwen3_Reranker_0p6B_ov0.json
Qwen_Qwen3_Reranker_0_6B__max_plus_support__qwen_aggregation_eval_hits50_Qwen3_Reranker_0p6B_ov0,Qwen/Qwen3-Reranker-0.6B,max_plus_support,84,0.4918004153,0.6345623172,0.1427619019,tmp/qwen_aggregation_eval_hits50_Qwen3_Reranker_0p6B_ov0.json
Qwen_Qwen3_Reranker_0_6B__max_plus_support__qwen_aggregation_eval_hits50_Qwen3_Reranker_0p6B_ov0,Qwen/Qwen3-Reranker-0.6B,max_plus_support,144,0.0886758433,0.1952150708,0.1065392275,tmp/qwen_aggregation_eval_hits50_Qwen3_Reranker_0p6B_ov0.json
Qwen_Qwen3_Reranker_0_6B__max_plus_support__qwen_aggregation_eval_hits50_Qwen3_Reranker_0p6B_ov0,Qwen/Qwen3-Reranker-0.6B,max_plus_support,161,0.6663255611,0.7079404933,0.0416149322,tmp/qwen_aggregation_eval_hits50_Qwen3_Reranker_0p6B_ov0.json
Qwen_Qwen3_Reranker_0_6B__max_plus_support__qwen_aggregation_eval_hits50_Qwen3_Reranker_0p6B_ov0,Qwen/Qwen3-Reranker-0.6B,max_plus_support,200,0.1400835882,0.5051129043,0.3650293161,tmp/qwen_aggregation_eval_hits50_Qwen3_Reranker_0p6B_ov0.json
Qwen_Qwen3_Reranker_0_6B__max_plus_support__qwen_aggregation_eval_hits50_Qwen3_Reranker_0p6B_ov0,Qwen/Qwen3-Reranker-0.6B,max_plus_support,213,0.1121597938,0.1489494908,0.0367896970,tmp/qwen_aggregation_eval_hits50_Qwen3_Reranker_0p6B_ov0.json
Qwen_Qwen3_Reranker_0_6B__max_plus_support__qwen_aggregation_eval_hits50_Qwen3_Reranker_0p6B_ov0,Qwen/Qwen3-Reranker-0.6B,max_plus_support,219,0.4933573156,0.3235875617,-0.1697697539,tmp/qwen_aggregation_eval_hits50_Qwen3_Reranker_0p6B_ov0.json
Qwen_Qwen3_Reranker_0_6B__max_plus_support__qwen_aggregation_eval_hits50_Qwen3_Reranker_0p6B_ov0,Qwen/Qwen3-Reranker-0.6B,max_plus_support,224,0.8164972119,0.4775380569,-0.3389591550,tmp/qwen_aggregation_eval_hits50_Qwen3_Reranker_0p6B_ov0.json
Qwen_Qwen3_Reranker_0_6B__max_plus_support__qwen_aggregation_eval_hits50_Qwen3_Reranker_0p6B_ov0,Qwen/Qwen3-Reranker-0.6B,max_plus_support,225,0.2572640430,0.2993141264,0.0420500834,tmp/qwen_aggregation_eval_hits50_Qwen3_Reranker_0p6B_ov0.json
Qwen_Qwen3_Reranker_0_6B__max_plus_support__qwen_aggregation_eval_hits50_Qwen3_Reranker_0p6B_ov0,Qwen/Qwen3-Reranker-0.6B,max_plus_support,233,0.5438357471,0.4109213153,-0.1329144318,tmp/qwen_aggregation_eval_hits50_Qwen3_Reranker_0p6B_ov0.json
Qwen_Qwen3_Reranker_0_6B__max_plus_support__qwen_aggregation_eval_hits50_Qwen3_Reranker_0p6B_ov0,Qwen/Qwen3-Reranker-0.6B,max_plus_support,273,0.3223275559,0.3593194489,0.0369918930,tmp/qwen_aggregation_eval_hits50_Qwen3_Reranker_0p6B_ov0.json
Qwen_Qwen3_Reranker_0_6B__max_plus_support__qwen_aggregation_eval_hits50_Qwen3_Reranker_0p6B_ov0,Qwen/Qwen3-Reranker-0.6B,max_plus_support,300,0.3546016102,0.4565287793,0.1019271691,tmp/qwen_aggregation_eval_hits50_Qwen3_Reranker_0p6B_ov0.json
Qwen_Qwen3_Reranker_0_6B__max_plus_support__qwen_aggregation_eval_hits50_Qwen3_Reranker_0p6B_ov0,Qwen/Qwen3-Reranker-0.6B,max_plus_support,407,0.2786364165,0.4565580965,0.1779216801,tmp/qwen_aggregation_eval_hits50_Qwen3_Reranker_0p6B_ov0.json
Qwen_Qwen3_Reranker_0_6B__max_plus_support__qwen_aggregation_eval_hits50_Qwen3_Reranker_0p6B_ov0,Qwen/Qwen3-Reranker-0.6B,max_plus_support,477,0.4559153326,0.6666363519,0.2107210193,tmp/qwen_aggregation_eval_hits50_Qwen3_Reranker_0p6B_ov0.json
Qwen_Qwen3_Reranker_0_6B__max_plus_support__qwen_aggregation_eval_hits50_Qwen3_Reranker_0p6B_ov0,Qwen/Qwen3-Reranker-0.6B,max_plus_support,499,0.6816109119,0.4160328567,-0.2655780552,tmp/qwen_aggregation_eval_hits50_Qwen3_Reranker_0p6B_ov0.json
Qwen_Qwen3_Reranker_0_6B__max_plus_support__qwen_aggregation_eval_hits50_Qwen3_Reranker_0p6B_ov0,Qwen/Qwen3-Reranker-0.6B,max_plus_support,515,0.2299254607,0.1659665888,-0.0639588719,tmp/qwen_aggregation_eval_hits50_Qwen3_Reranker_0p6B_ov0.json
Qwen_Qwen3_Reranker_0_6B__max_plus_support__qwen_aggregation_eval_hits50_Qwen3_Reranker_0p6B_ov0,Qwen/Qwen3-Reranker-0.6B,max_plus_support,707,0.2026664542,0.4103243320,0.2076578778,tmp/qwen_aggregation_eval_hits50_Qwen3_Reranker_0p6B_ov0.json
Qwen_Qwen3_Reranker_0_6B__max_plus_support__qwen_aggregation_eval_hits50_Qwen3_Reranker_0p6B_ov0,Qwen/Qwen3-Reranker-0.6B,max_plus_support,897,0.3048742399,0.3238765223,0.0190022824,tmp/qwen_aggregation_eval_hits50_Qwen3_Reranker_0p6B_ov0.json
Qwen_Qwen3_Reranker_0_6B__qwen_max__qwen_aggregation_eval_hits20_Qwen3_Reranker_0p6B,Qwen/Qwen3-Reranker-0.6B,qwen_max,14,0.3553332721,0.3913321545,0.0359988824,tmp/qwen_aggregation_eval_hits20_Qwen3_Reranker_0p6B.json
Qwen_Qwen3_Reranker_0_6B__qwen_max__qwen_aggregation_eval_hits20_Qwen3_Reranker_0p6B,Qwen/Qwen3-Reranker-0.6B,qwen_max,31,0.8478053202,0.6710242217,-0.1767810985,tmp/qwen_aggregation_eval_hits20_Qwen3_Reranker_0p6B.json
Qwen_Qwen3_Reranker_0_6B__qwen_max__qwen_aggregation_eval_hits20_Qwen3_Reranker_0p6B,Qwen/Qwen3-Reranker-0.6B,qwen_max,37,0.6389817974,0.4497419371,-0.1892398603,tmp/qwen_aggregation_eval_hits20_Qwen3_Reranker_0p6B.json
Qwen_Qwen3_Reranker_0_6B__qwen_max__qwen_aggregation_eval_hits20_Qwen3_Reranker_0p6B,Qwen/Qwen3-Reranker-0.6B,qwen_max,58,0.5008083446,0.5661087877,0.0653004430,tmp/qwen_aggregation_eval_hits20_Qwen3_Reranker_0p6B.json
Qwen_Qwen3_Reranker_0_6B__qwen_max__qwen_aggregation_eval_hits20_Qwen3_Reranker_0p6B,Qwen/Qwen3-Reranker-0.6B,qwen_max,72,0.3236594717,0.6119254296,0.2882659579,tmp/qwen_aggregation_eval_hits20_Qwen3_Reranker_0p6B.json
Qwen_Qwen3_Reranker_0_6B__qwen_max__qwen_aggregation_eval_hits20_Qwen3_Reranker_0p6B,Qwen/Qwen3-Reranker-0.6B,qwen_max,84,0.4918004153,0.4807439031,-0.0110565122,tmp/qwen_aggregation_eval_hits20_Qwen3_Reranker_0p6B.json
Qwen_Qwen3_Reranker_0_6B__qwen_max__qwen_aggregation_eval_hits20_Qwen3_Reranker_0p6B,Qwen/Qwen3-Reranker-0.6B,qwen_max,144,0.0886758433,0.1612229336,0.0725470903,tmp/qwen_aggregation_eval_hits20_Qwen3_Reranker_0p6B.json
Qwen_Qwen3_Reranker_0_6B__qwen_max__qwen_aggregation_eval_hits20_Qwen3_Reranker_0p6B,Qwen/Qwen3-Reranker-0.6B,qwen_max,161,0.6663255611,0.6044804799,-0.0618450811,tmp/qwen_aggregation_eval_hits20_Qwen3_Reranker_0p6B.json
Qwen_Qwen3_Reranker_0_6B__qwen_max__qwen_aggregation_eval_hits20_Qwen3_Reranker_0p6B,Qwen/Qwen3-Reranker-0.6B,qwen_max,200,0.1400835882,0.3616535138,0.2215699255,tmp/qwen_aggregation_eval_hits20_Qwen3_Reranker_0p6B.json
Qwen_Qwen3_Reranker_0_6B__qwen_max__qwen_aggregation_eval_hits20_Qwen3_Reranker_0p6B,Qwen/Qwen3-Reranker-0.6B,qwen_max,213,0.1121597938,0.1777245509,0.0655647571,tmp/qwen_aggregation_eval_hits20_Qwen3_Reranker_0p6B.json
Qwen_Qwen3_Reranker_0_6B__qwen_max__qwen_aggregation_eval_hits20_Qwen3_Reranker_0p6B,Qwen/Qwen3-Reranker-0.6B,qwen_max,219,0.4933573156,0.4582704557,-0.0350868599,tmp/qwen_aggregation_eval_hits20_Qwen3_Reranker_0p6B.json
Qwen_Qwen3_Reranker_0_6B__qwen_max__qwen_aggregation_eval_hits20_Qwen3_Reranker_0p6B,Qwen/Qwen3-Reranker-0.6B,qwen_max,224,0.8164972119,0.5726098661,-0.2438873458,tmp/qwen_aggregation_eval_hits20_Qwen3_Reranker_0p6B.json
Qwen_Qwen3_Reranker_0_6B__qwen_max__qwen_aggregation_eval_hits20_Qwen3_Reranker_0p6B,Qwen/Qwen3-Reranker-0.6B,qwen_max,225,0.2572640430,0.2173193862,-0.0399446568,tmp/qwen_aggregation_eval_hits20_Qwen3_Reranker_0p6B.json
Qwen_Qwen3_Reranker_0_6B__qwen_max__qwen_aggregation_eval_hits20_Qwen3_Reranker_0p6B,Qwen/Qwen3-Reranker-0.6B,qwen_max,233,0.5438357471,0.5705831244,0.0267473772,tmp/qwen_aggregation_eval_hits20_Qwen3_Reranker_0p6B.json
Qwen_Qwen3_Reranker_0_6B__qwen_max__qwen_aggregation_eval_hits20_Qwen3_Reranker_0p6B,Qwen/Qwen3-Reranker-0.6B,qwen_max,273,0.3223275559,0.3175221932,-0.0048053627,tmp/qwen_aggregation_eval_hits20_Qwen3_Reranker_0p6B.json
Qwen_Qwen3_Reranker_0_6B__qwen_max__qwen_aggregation_eval_hits20_Qwen3_Reranker_0p6B,Qwen/Qwen3-Reranker-0.6B,qwen_max,300,0.3546016102,0.4779596053,0.1233579951,tmp/qwen_aggregation_eval_hits20_Qwen3_Reranker_0p6B.json
Qwen_Qwen3_Reranker_0_6B__qwen_max__qwen_aggregation_eval_hits20_Qwen3_Reranker_0p6B,Qwen/Qwen3-Reranker-0.6B,qwen_max,407,0.2786364165,0.4546092185,0.1759728020,tmp/qwen_aggregation_eval_hits20_Qwen3_Reranker_0p6B.json
Qwen_Qwen3_Reranker_0_6B__qwen_max__qwen_aggregation_eval_hits20_Qwen3_Reranker_0p6B,Qwen/Qwen3-Reranker-0.6B,qwen_max,477,0.4559153326,0.6068245160,0.1509091834,tmp/qwen_aggregation_eval_hits20_Qwen3_Reranker_0p6B.json
Qwen_Qwen3_Reranker_0_6B__qwen_max__qwen_aggregation_eval_hits20_Qwen3_Reranker_0p6B,Qwen/Qwen3-Reranker-0.6B,qwen_max,499,0.6816109119,0.6764868240,-0.0051240879,tmp/qwen_aggregation_eval_hits20_Qwen3_Reranker_0p6B.json
Qwen_Qwen3_Reranker_0_6B__qwen_max__qwen_aggregation_eval_hits20_Qwen3_Reranker_0p6B,Qwen/Qwen3-Reranker-0.6B,qwen_max,515,0.2299254607,0.1759329863,-0.0539924745,tmp/qwen_aggregation_eval_hits20_Qwen3_Reranker_0p6B.json
Qwen_Qwen3_Reranker_0_6B__qwen_max__qwen_aggregation_eval_hits20_Qwen3_Reranker_0p6B,Qwen/Qwen3-Reranker-0.6B,qwen_max,707,0.2026664542,0.3735603833,0.1708939291,tmp/qwen_aggregation_eval_hits20_Qwen3_Reranker_0p6B.json
Qwen_Qwen3_Reranker_0_6B__qwen_max__qwen_aggregation_eval_hits20_Qwen3_Reranker_0p6B,Qwen/Qwen3-Reranker-0.6B,qwen_max,897,0.3048742399,0.4378268681,0.1329526282,tmp/qwen_aggregation_eval_hits20_Qwen3_Reranker_0p6B.json
Qwen_Qwen3_Reranker_0_6B__qwen_max__qwen_aggregation_eval_hits50_Qwen3_Reranker_0p6B,Qwen/Qwen3-Reranker-0.6B,qwen_max,14,0.3553332721,0.4218473638,0.0665140917,tmp/qwen_aggregation_eval_hits50_Qwen3_Reranker_0p6B.json
Qwen_Qwen3_Reranker_0_6B__qwen_max__qwen_aggregation_eval_hits50_Qwen3_Reranker_0p6B,Qwen/Qwen3-Reranker-0.6B,qwen_max,31,0.8478053202,0.6329372687,-0.2148680515,tmp/qwen_aggregation_eval_hits50_Qwen3_Reranker_0p6B.json
Qwen_Qwen3_Reranker_0_6B__qwen_max__qwen_aggregation_eval_hits50_Qwen3_Reranker_0p6B,Qwen/Qwen3-Reranker-0.6B,qwen_max,37,0.6389817974,0.4121062554,-0.2268755419,tmp/qwen_aggregation_eval_hits50_Qwen3_Reranker_0p6B.json
Qwen_Qwen3_Reranker_0_6B__qwen_max__qwen_aggregation_eval_hits50_Qwen3_Reranker_0p6B,Qwen/Qwen3-Reranker-0.6B,qwen_max,58,0.5008083446,0.3919118298,-0.1088965148,tmp/qwen_aggregation_eval_hits50_Qwen3_Reranker_0p6B.json
Qwen_Qwen3_Reranker_0_6B__qwen_max__qwen_aggregation_eval_hits50_Qwen3_Reranker_0p6B,Qwen/Qwen3-Reranker-0.6B,qwen_max,72,0.3236594717,0.7019587934,0.3782993217,tmp/qwen_aggregation_eval_hits50_Qwen3_Reranker_0p6B.json
Qwen_Qwen3_Reranker_0_6B__qwen_max__qwen_aggregation_eval_hits50_Qwen3_Reranker_0p6B,Qwen/Qwen3-Reranker-0.6B,qwen_max,84,0.4918004153,0.6112471845,0.1194467692,tmp/qwen_aggregation_eval_hits50_Qwen3_Reranker_0p6B.json
Qwen_Qwen3_Reranker_0_6B__qwen_max__qwen_aggregation_eval_hits50_Qwen3_Reranker_0p6B,Qwen/Qwen3-Reranker-0.6B,qwen_max,144,0.0886758433,0.2014117363,0.1127358930,tmp/qwen_aggregation_eval_hits50_Qwen3_Reranker_0p6B.json
Qwen_Qwen3_Reranker_0_6B__qwen_max__qwen_aggregation_eval_hits50_Qwen3_Reranker_0p6B,Qwen/Qwen3-Reranker-0.6B,qwen_max,161,0.6663255611,0.7201465083,0.0538209472,tmp/qwen_aggregation_eval_hits50_Qwen3_Reranker_0p6B.json
Qwen_Qwen3_Reranker_0_6B__qwen_max__qwen_aggregation_eval_hits50_Qwen3_Reranker_0p6B,Qwen/Qwen3-Reranker-0.6B,qwen_max,200,0.1400835882,0.5037704118,0.3636868236,tmp/qwen_aggregation_eval_hits50_Qwen3_Reranker_0p6B.json
Qwen_Qwen3_Reranker_0_6B__qwen_max__qwen_aggregation_eval_hits50_Qwen3_Reranker_0p6B,Qwen/Qwen3-Reranker-0.6B,qwen_max,213,0.1121597938,0.1274646742,0.0153048804,tmp/qwen_aggregation_eval_hits50_Qwen3_Reranker_0p6B.json
Qwen_Qwen3_Reranker_0_6B__qwen_max__qwen_aggregation_eval_hits50_Qwen3_Reranker_0p6B,Qwen/Qwen3-Reranker-0.6B,qwen_max,219,0.4933573156,0.3559081887,-0.1374491269,tmp/qwen_aggregation_eval_hits50_Qwen3_Reranker_0p6B.json
Qwen_Qwen3_Reranker_0_6B__qwen_max__qwen_aggregation_eval_hits50_Qwen3_Reranker_0p6B,Qwen/Qwen3-Reranker-0.6B,qwen_max,224,0.8164972119,0.5128150260,-0.3036821859,tmp/qwen_aggregation_eval_hits50_Qwen3_Reranker_0p6B.json
Qwen_Qwen3_Reranker_0_6B__qwen_max__qwen_aggregation_eval_hits50_Qwen3_Reranker_0p6B,Qwen/Qwen3-Reranker-0.6B,qwen_max,225,0.2572640430,0.3278352365,0.0705711934,tmp/qwen_aggregation_eval_hits50_Qwen3_Reranker_0p6B.json
Qwen_Qwen3_Reranker_0_6B__qwen_max__qwen_aggregation_eval_hits50_Qwen3_Reranker_0p6B,Qwen/Qwen3-Reranker-0.6B,qwen_max,233,0.5438357471,0.5144901557,-0.0293455914,tmp/qwen_aggregation_eval_hits50_Qwen3_Reranker_0p6B.json
Qwen_Qwen3_Reranker_0_6B__qwen_max__qwen_aggregation_eval_hits50_Qwen3_Reranker_0p6B,Qwen/Qwen3-Reranker-0.6B,qwen_max,273,0.3223275559,0.3379612566,0.0156337007,tmp/qwen_aggregation_eval_hits50_Qwen3_Reranker_0p6B.json
Qwen_Qwen3_Reranker_0_6B__qwen_max__qwen_aggregation_eval_hits50_Qwen3_Reranker_0p6B,Qwen/Qwen3-Reranker-0.6B,qwen_max,300,0.3546016102,0.5090341557,0.1544325455,tmp/qwen_aggregation_eval_hits50_Qwen3_Reranker_0p6B.json
Qwen_Qwen3_Reranker_0_6B__qwen_max__qwen_aggregation_eval_hits50_Qwen3_Reranker_0p6B,Qwen/Qwen3-Reranker-0.6B,qwen_max,407,0.2786364165,0.4871239939,0.2084875774,tmp/qwen_aggregation_eval_hits50_Qwen3_Reranker_0p6B.json
Qwen_Qwen3_Reranker_0_6B__qwen_max__qwen_aggregation_eval_hits50_Qwen3_Reranker_0p6B,Qwen/Qwen3-Reranker-0.6B,qwen_max,477,0.4559153326,0.6870281333,0.2311128006,tmp/qwen_aggregation_eval_hits50_Qwen3_Reranker_0p6B.json
Qwen_Qwen3_Reranker_0_6B__qwen_max__qwen_aggregation_eval_hits50_Qwen3_Reranker_0p6B,Qwen/Qwen3-Reranker-0.6B,qwen_max,499,0.6816109119,0.6542153210,-0.0273955908,tmp/qwen_aggregation_eval_hits50_Qwen3_Reranker_0p6B.json
Qwen_Qwen3_Reranker_0_6B__qwen_max__qwen_aggregation_eval_hits50_Qwen3_Reranker_0p6B,Qwen/Qwen3-Reranker-0.6B,qwen_max,515,0.2299254607,0.1865780647,-0.0433473961,tmp/qwen_aggregation_eval_hits50_Qwen3_Reranker_0p6B.json
Qwen_Qwen3_Reranker_0_6B__qwen_max__qwen_aggregation_eval_hits50_Qwen3_Reranker_0p6B,Qwen/Qwen3-Reranker-0.6B,qwen_max,707,0.2026664542,0.3440959130,0.1414294588,tmp/qwen_aggregation_eval_hits50_Qwen3_Reranker_0p6B.json
Qwen_Qwen3_Reranker_0_6B__qwen_max__qwen_aggregation_eval_hits50_Qwen3_Reranker_0p6B,Qwen/Qwen3-Reranker-0.6B,qwen_max,897,0.3048742399,0.2878486024,-0.0170256375,tmp/qwen_aggregation_eval_hits50_Qwen3_Reranker_0p6B.json
Qwen_Qwen3_Reranker_0_6B__qwen_max__qwen_aggregation_eval_hits50_Qwen3_Reranker_0p6B_gap2000,Qwen/Qwen3-Reranker-0.6B,qwen_max,14,0.3553332721,0.4218473638,0.0665140917,tmp/qwen_aggregation_eval_hits50_Qwen3_Reranker_0p6B_gap2000.json
Qwen_Qwen3_Reranker_0_6B__qwen_max__qwen_aggregation_eval_hits50_Qwen3_Reranker_0p6B_gap2000,Qwen/Qwen3-Reranker-0.6B,qwen_max,31,0.8478053202,0.6329372687,-0.2148680515,tmp/qwen_aggregation_eval_hits50_Qwen3_Reranker_0p6B_gap2000.json
Qwen_Qwen3_Reranker_0_6B__qwen_max__qwen_aggregation_eval_hits50_Qwen3_Reranker_0p6B_gap2000,Qwen/Qwen3-Reranker-0.6B,qwen_max,37,0.6389817974,0.4121062554,-0.2268755419,tmp/qwen_aggregation_eval_hits50_Qwen3_Reranker_0p6B_gap2000.json
Qwen_Qwen3_Reranker_0_6B__qwen_max__qwen_aggregation_eval_hits50_Qwen3_Reranker_0p6B_gap2000,Qwen/Qwen3-Reranker-0.6B,qwen_max,58,0.5008083446,0.3919118298,-0.1088965148,tmp/qwen_aggregation_eval_hits50_Qwen3_Reranker_0p6B_gap2000.json
Qwen_Qwen3_Reranker_0_6B__qwen_max__qwen_aggregation_eval_hits50_Qwen3_Reranker_0p6B_gap2000,Qwen/Qwen3-Reranker-0.6B,qwen_max,72,0.3236594717,0.7019587934,0.3782993217,tmp/qwen_aggregation_eval_hits50_Qwen3_Reranker_0p6B_gap2000.json
Qwen_Qwen3_Reranker_0_6B__qwen_max__qwen_aggregation_eval_hits50_Qwen3_Reranker_0p6B_gap2000,Qwen/Qwen3-Reranker-0.6B,qwen_max,84,0.4918004153,0.6112471845,0.1194467692,tmp/qwen_aggregation_eval_hits50_Qwen3_Reranker_0p6B_gap2000.json
Qwen_Qwen3_Reranker_0_6B__qwen_max__qwen_aggregation_eval_hits50_Qwen3_Reranker_0p6B_gap2000,Qwen/Qwen3-Reranker-0.6B,qwen_max,144,0.0886758433,0.2014117363,0.1127358930,tmp/qwen_aggregation_eval_hits50_Qwen3_Reranker_0p6B_gap2000.json
Qwen_Qwen3_Reranker_0_6B__qwen_max__qwen_aggregation_eval_hits50_Qwen3_Reranker_0p6B_gap2000,Qwen/Qwen3-Reranker-0.6B,qwen_max,161,0.6663255611,0.7201465083,0.0538209472,tmp/qwen_aggregation_eval_hits50_Qwen3_Reranker_0p6B_gap2000.json
Qwen_Qwen3_Reranker_0_6B__qwen_max__qwen_aggregation_eval_hits50_Qwen3_Reranker_0p6B_gap2000,Qwen/Qwen3-Reranker-0.6B,qwen_max,200,0.1400835882,0.5037704118,0.3636868236,tmp/qwen_aggregation_eval_hits50_Qwen3_Reranker_0p6B_gap2000.json
Qwen_Qwen3_Reranker_0_6B__qwen_max__qwen_aggregation_eval_hits50_Qwen3_Reranker_0p6B_gap2000,Qwen/Qwen3-Reranker-0.6B,qwen_max,213,0.1121597938,0.1274646742,0.0153048804,tmp/qwen_aggregation_eval_hits50_Qwen3_Reranker_0p6B_gap2000.json
Qwen_Qwen3_Reranker_0_6B__qwen_max__qwen_aggregation_eval_hits50_Qwen3_Reranker_0p6B_gap2000,Qwen/Qwen3-Reranker-0.6B,qwen_max,219,0.4933573156,0.3559081887,-0.1374491269,tmp/qwen_aggregation_eval_hits50_Qwen3_Reranker_0p6B_gap2000.json
Qwen_Qwen3_Reranker_0_6B__qwen_max__qwen_aggregation_eval_hits50_Qwen3_Reranker_0p6B_gap2000,Qwen/Qwen3-Reranker-0.6B,qwen_max,224,0.8164972119,0.5128150260,-0.3036821859,tmp/qwen_aggregation_eval_hits50_Qwen3_Reranker_0p6B_gap2000.json
Qwen_Qwen3_Reranker_0_6B__qwen_max__qwen_aggregation_eval_hits50_Qwen3_Reranker_0p6B_gap2000,Qwen/Qwen3-Reranker-0.6B,qwen_max,225,0.2572640430,0.3278352365,0.0705711934,tmp/qwen_aggregation_eval_hits50_Qwen3_Reranker_0p6B_gap2000.json
Qwen_Qwen3_Reranker_0_6B__qwen_max__qwen_aggregation_eval_hits50_Qwen3_Reranker_0p6B_gap2000,Qwen/Qwen3-Reranker-0.6B,qwen_max,233,0.5438357471,0.5144901557,-0.0293455914,tmp/qwen_aggregation_eval_hits50_Qwen3_Reranker_0p6B_gap2000.json
Qwen_Qwen3_Reranker_0_6B__qwen_max__qwen_aggregation_eval_hits50_Qwen3_Reranker_0p6B_gap2000,Qwen/Qwen3-Reranker-0.6B,qwen_max,273,0.3223275559,0.3379612566,0.0156337007,tmp/qwen_aggregation_eval_hits50_Qwen3_Reranker_0p6B_gap2000.json
Qwen_Qwen3_Reranker_0_6B__qwen_max__qwen_aggregation_eval_hits50_Qwen3_Reranker_0p6B_gap2000,Qwen/Qwen3-Reranker-0.6B,qwen_max,300,0.3546016102,0.5090341557,0.1544325455,tmp/qwen_aggregation_eval_hits50_Qwen3_Reranker_0p6B_gap2000.json
Qwen_Qwen3_Reranker_0_6B__qwen_max__qwen_aggregation_eval_hits50_Qwen3_Reranker_0p6B_gap2000,Qwen/Qwen3-Reranker-0.6B,qwen_max,407,0.2786364165,0.4871239939,0.2084875774,tmp/qwen_aggregation_eval_hits50_Qwen3_Reranker_0p6B_gap2000.json
Qwen_Qwen3_Reranker_0_6B__qwen_max__qwen_aggregation_eval_hits50_Qwen3_Reranker_0p6B_gap2000,Qwen/Qwen3-Reranker-0.6B,qwen_max,477,0.4559153326,0.6870281333,0.2311128006,tmp/qwen_aggregation_eval_hits50_Qwen3_Reranker_0p6B_gap2000.json
Qwen_Qwen3_Reranker_0_6B__qwen_max__qwen_aggregation_eval_hits50_Qwen3_Reranker_0p6B_gap2000,Qwen/Qwen3-Reranker-0.6B,qwen_max,499,0.6816109119,0.6542153210,-0.0273955908,tmp/qwen_aggregation_eval_hits50_Qwen3_Reranker_0p6B_gap2000.json
Qwen_Qwen3_Reranker_0_6B__qwen_max__qwen_aggregation_eval_hits50_Qwen3_Reranker_0p6B_gap2000,Qwen/Qwen3-Reranker-0.6B,qwen_max,515,0.2299254607,0.1865780647,-0.0433473961,tmp/qwen_aggregation_eval_hits50_Qwen3_Reranker_0p6B_gap2000.json
Qwen_Qwen3_Reranker_0_6B__qwen_max__qwen_aggregation_eval_hits50_Qwen3_Reranker_0p6B_gap2000,Qwen/Qwen3-Reranker-0.6B,qwen_max,707,0.2026664542,0.3440959130,0.1414294588,tmp/qwen_aggregation_eval_hits50_Qwen3_Reranker_0p6B_gap2000.json
Qwen_Qwen3_Reranker_0_6B__qwen_max__qwen_aggregation_eval_hits50_Qwen3_Reranker_0p6B_gap2000,Qwen/Qwen3-Reranker-0.6B,qwen_max,897,0.3048742399,0.2878486024,-0.0170256375,tmp/qwen_aggregation_eval_hits50_Qwen3_Reranker_0p6B_gap2000.json
Qwen_Qwen3_Reranker_0_6B__qwen_max__qwen_aggregation_eval_hits50_Qwen3_Reranker_0p6B_gap3000,Qwen/Qwen3-Reranker-0.6B,qwen_max,14,0.3553332721,0.4218473638,0.0665140917,tmp/qwen_aggregation_eval_hits50_Qwen3_Reranker_0p6B_gap3000.json
Qwen_Qwen3_Reranker_0_6B__qwen_max__qwen_aggregation_eval_hits50_Qwen3_Reranker_0p6B_gap3000,Qwen/Qwen3-Reranker-0.6B,qwen_max,31,0.8478053202,0.6329372687,-0.2148680515,tmp/qwen_aggregation_eval_hits50_Qwen3_Reranker_0p6B_gap3000.json
Qwen_Qwen3_Reranker_0_6B__qwen_max__qwen_aggregation_eval_hits50_Qwen3_Reranker_0p6B_gap3000,Qwen/Qwen3-Reranker-0.6B,qwen_max,37,0.6389817974,0.4121062554,-0.2268755419,tmp/qwen_aggregation_eval_hits50_Qwen3_Reranker_0p6B_gap3000.json
Qwen_Qwen3_Reranker_0_6B__qwen_max__qwen_aggregation_eval_hits50_Qwen3_Reranker_0p6B_gap3000,Qwen/Qwen3-Reranker-0.6B,qwen_max,58,0.5008083446,0.3919118298,-0.1088965148,tmp/qwen_aggregation_eval_hits50_Qwen3_Reranker_0p6B_gap3000.json
Qwen_Qwen3_Reranker_0_6B__qwen_max__qwen_aggregation_eval_hits50_Qwen3_Reranker_0p6B_gap3000,Qwen/Qwen3-Reranker-0.6B,qwen_max,72,0.3236594717,0.7019587934,0.3782993217,tmp/qwen_aggregation_eval_hits50_Qwen3_Reranker_0p6B_gap3000.json
Qwen_Qwen3_Reranker_0_6B__qwen_max__qwen_aggregation_eval_hits50_Qwen3_Reranker_0p6B_gap3000,Qwen/Qwen3-Reranker-0.6B,qwen_max,84,0.4918004153,0.6112471845,0.1194467692,tmp/qwen_aggregation_eval_hits50_Qwen3_Reranker_0p6B_gap3000.json
Qwen_Qwen3_Reranker_0_6B__qwen_max__qwen_aggregation_eval_hits50_Qwen3_Reranker_0p6B_gap3000,Qwen/Qwen3-Reranker-0.6B,qwen_max,144,0.0886758433,0.2014117363,0.1127358930,tmp/qwen_aggregation_eval_hits50_Qwen3_Reranker_0p6B_gap3000.json
Qwen_Qwen3_Reranker_0_6B__qwen_max__qwen_aggregation_eval_hits50_Qwen3_Reranker_0p6B_gap3000,Qwen/Qwen3-Reranker-0.6B,qwen_max,161,0.6663255611,0.7201465083,0.0538209472,tmp/qwen_aggregation_eval_hits50_Qwen3_Reranker_0p6B_gap3000.json
Qwen_Qwen3_Reranker_0_6B__qwen_max__qwen_aggregation_eval_hits50_Qwen3_Reranker_0p6B_gap3000,Qwen/Qwen3-Reranker-0.6B,qwen_max,200,0.1400835882,0.5037704118,0.3636868236,tmp/qwen_aggregation_eval_hits50_Qwen3_Reranker_0p6B_gap3000.json
Qwen_Qwen3_Reranker_0_6B__qwen_max__qwen_aggregation_eval_hits50_Qwen3_Reranker_0p6B_gap3000,Qwen/Qwen3-Reranker-0.6B,qwen_max,213,0.1121597938,0.1274646742,0.0153048804,tmp/qwen_aggregation_eval_hits50_Qwen3_Reranker_0p6B_gap3000.json
Qwen_Qwen3_Reranker_0_6B__qwen_max__qwen_aggregation_eval_hits50_Qwen3_Reranker_0p6B_gap3000,Qwen/Qwen3-Reranker-0.6B,qwen_max,219,0.4933573156,0.3559081887,-0.1374491269,tmp/qwen_aggregation_eval_hits50_Qwen3_Reranker_0p6B_gap3000.json
Qwen_Qwen3_Reranker_0_6B__qwen_max__qwen_aggregation_eval_hits50_Qwen3_Reranker_0p6B_gap3000,Qwen/Qwen3-Reranker-0.6B,qwen_max,224,0.8164972119,0.5128150260,-0.3036821859,tmp/qwen_aggregation_eval_hits50_Qwen3_Reranker_0p6B_gap3000.json
Qwen_Qwen3_Reranker_0_6B__qwen_max__qwen_aggregation_eval_hits50_Qwen3_Reranker_0p6B_gap3000,Qwen/Qwen3-Reranker-0.6B,qwen_max,225,0.2572640430,0.3278352365,0.0705711934,tmp/qwen_aggregation_eval_hits50_Qwen3_Reranker_0p6B_gap3000.json
Qwen_Qwen3_Reranker_0_6B__qwen_max__qwen_aggregation_eval_hits50_Qwen3_Reranker_0p6B_gap3000,Qwen/Qwen3-Reranker-0.6B,qwen_max,233,0.5438357471,0.5144901557,-0.0293455914,tmp/qwen_aggregation_eval_hits50_Qwen3_Reranker_0p6B_gap3000.json
Qwen_Qwen3_Reranker_0_6B__qwen_max__qwen_aggregation_eval_hits50_Qwen3_Reranker_0p6B_gap3000,Qwen/Qwen3-Reranker-0.6B,qwen_max,273,0.3223275559,0.3379612566,0.0156337007,tmp/qwen_aggregation_eval_hits50_Qwen3_Reranker_0p6B_gap3000.json
Qwen_Qwen3_Reranker_0_6B__qwen_max__qwen_aggregation_eval_hits50_Qwen3_Reranker_0p6B_gap3000,Qwen/Qwen3-Reranker-0.6B,qwen_max,300,0.3546016102,0.5090341557,0.1544325455,tmp/qwen_aggregation_eval_hits50_Qwen3_Reranker_0p6B_gap3000.json
Qwen_Qwen3_Reranker_0_6B__qwen_max__qwen_aggregation_eval_hits50_Qwen3_Reranker_0p6B_gap3000,Qwen/Qwen3-Reranker-0.6B,qwen_max,407,0.2786364165,0.4871239939,0.2084875774,tmp/qwen_aggregation_eval_hits50_Qwen3_Reranker_0p6B_gap3000.json
Qwen_Qwen3_Reranker_0_6B__qwen_max__qwen_aggregation_eval_hits50_Qwen3_Reranker_0p6B_gap3000,Qwen/Qwen3-Reranker-0.6B,qwen_max,477,0.4559153326,0.6870281333,0.2311128006,tmp/qwen_aggregation_eval_hits50_Qwen3_Reranker_0p6B_gap3000.json
Qwen_Qwen3_Reranker_0_6B__qwen_max__qwen_aggregation_eval_hits50_Qwen3_Reranker_0p6B_gap3000,Qwen/Qwen3-Reranker-0.6B,qwen_max,499,0.6816109119,0.6542153210,-0.0273955908,tmp/qwen_aggregation_eval_hits50_Qwen3_Reranker_0p6B_gap3000.json
Qwen_Qwen3_Reranker_0_6B__qwen_max__qwen_aggregation_eval_hits50_Qwen3_Reranker_0p6B_gap3000,Qwen/Qwen3-Reranker-0.6B,qwen_max,515,0.2299254607,0.1865780647,-0.0433473961,tmp/qwen_aggregation_eval_hits50_Qwen3_Reranker_0p6B_gap3000.json
Qwen_Qwen3_Reranker_0_6B__qwen_max__qwen_aggregation_eval_hits50_Qwen3_Reranker_0p6B_gap3000,Qwen/Qwen3-Reranker-0.6B,qwen_max,707,0.2026664542,0.3440959130,0.1414294588,tmp/qwen_aggregation_eval_hits50_Qwen3_Reranker_0p6B_gap3000.json
Qwen_Qwen3_Reranker_0_6B__qwen_max__qwen_aggregation_eval_hits50_Qwen3_Reranker_0p6B_gap3000,Qwen/Qwen3-Reranker-0.6B,qwen_max,897,0.3048742399,0.2878486024,-0.0170256375,tmp/qwen_aggregation_eval_hits50_Qwen3_Reranker_0p6B_gap3000.json
Qwen_Qwen3_Reranker_0_6B__qwen_max__qwen_aggregation_eval_hits50_Qwen3_Reranker_0p6B_ov0,Qwen/Qwen3-Reranker-0.6B,qwen_max,14,0.3553332721,0.5204674825,0.1651342104,tmp/qwen_aggregation_eval_hits50_Qwen3_Reranker_0p6B_ov0.json
Qwen_Qwen3_Reranker_0_6B__qwen_max__qwen_aggregation_eval_hits50_Qwen3_Reranker_0p6B_ov0,Qwen/Qwen3-Reranker-0.6B,qwen_max,31,0.8478053202,0.6817521228,-0.1660531974,tmp/qwen_aggregation_eval_hits50_Qwen3_Reranker_0p6B_ov0.json
Qwen_Qwen3_Reranker_0_6B__qwen_max__qwen_aggregation_eval_hits50_Qwen3_Reranker_0p6B_ov0,Qwen/Qwen3-Reranker-0.6B,qwen_max,37,0.6389817974,0.4551803484,-0.1838014490,tmp/qwen_aggregation_eval_hits50_Qwen3_Reranker_0p6B_ov0.json
Qwen_Qwen3_Reranker_0_6B__qwen_max__qwen_aggregation_eval_hits50_Qwen3_Reranker_0p6B_ov0,Qwen/Qwen3-Reranker-0.6B,qwen_max,58,0.5008083446,0.4600263239,-0.0407820207,tmp/qwen_aggregation_eval_hits50_Qwen3_Reranker_0p6B_ov0.json
Qwen_Qwen3_Reranker_0_6B__qwen_max__qwen_aggregation_eval_hits50_Qwen3_Reranker_0p6B_ov0,Qwen/Qwen3-Reranker-0.6B,qwen_max,72,0.3236594717,0.7652505732,0.4415911016,tmp/qwen_aggregation_eval_hits50_Qwen3_Reranker_0p6B_ov0.json
Qwen_Qwen3_Reranker_0_6B__qwen_max__qwen_aggregation_eval_hits50_Qwen3_Reranker_0p6B_ov0,Qwen/Qwen3-Reranker-0.6B,qwen_max,84,0.4918004153,0.5571028337,0.0653024184,tmp/qwen_aggregation_eval_hits50_Qwen3_Reranker_0p6B_ov0.json
Qwen_Qwen3_Reranker_0_6B__qwen_max__qwen_aggregation_eval_hits50_Qwen3_Reranker_0p6B_ov0,Qwen/Qwen3-Reranker-0.6B,qwen_max,144,0.0886758433,0.2007404900,0.1120646467,tmp/qwen_aggregation_eval_hits50_Qwen3_Reranker_0p6B_ov0.json
Qwen_Qwen3_Reranker_0_6B__qwen_max__qwen_aggregation_eval_hits50_Qwen3_Reranker_0p6B_ov0,Qwen/Qwen3-Reranker-0.6B,qwen_max,161,0.6663255611,0.7079404933,0.0416149322,tmp/qwen_aggregation_eval_hits50_Qwen3_Reranker_0p6B_ov0.json
Qwen_Qwen3_Reranker_0_6B__qwen_max__qwen_aggregation_eval_hits50_Qwen3_Reranker_0p6B_ov0,Qwen/Qwen3-Reranker-0.6B,qwen_max,200,0.1400835882,0.5037704118,0.3636868236,tmp/qwen_aggregation_eval_hits50_Qwen3_Reranker_0p6B_ov0.json
Qwen_Qwen3_Reranker_0_6B__qwen_max__qwen_aggregation_eval_hits50_Qwen3_Reranker_0p6B_ov0,Qwen/Qwen3-Reranker-0.6B,qwen_max,213,0.1121597938,0.1510318090,0.0388720152,tmp/qwen_aggregation_eval_hits50_Qwen3_Reranker_0p6B_ov0.json
Qwen_Qwen3_Reranker_0_6B__qwen_max__qwen_aggregation_eval_hits50_Qwen3_Reranker_0p6B_ov0,Qwen/Qwen3-Reranker-0.6B,qwen_max,219,0.4933573156,0.2830136007,-0.2103437149,tmp/qwen_aggregation_eval_hits50_Qwen3_Reranker_0p6B_ov0.json
Qwen_Qwen3_Reranker_0_6B__qwen_max__qwen_aggregation_eval_hits50_Qwen3_Reranker_0p6B_ov0,Qwen/Qwen3-Reranker-0.6B,qwen_max,224,0.8164972119,0.5709625363,-0.2455346756,tmp/qwen_aggregation_eval_hits50_Qwen3_Reranker_0p6B_ov0.json
Qwen_Qwen3_Reranker_0_6B__qwen_max__qwen_aggregation_eval_hits50_Qwen3_Reranker_0p6B_ov0,Qwen/Qwen3-Reranker-0.6B,qwen_max,225,0.2572640430,0.3498970613,0.0926330183,tmp/qwen_aggregation_eval_hits50_Qwen3_Reranker_0p6B_ov0.json
Qwen_Qwen3_Reranker_0_6B__qwen_max__qwen_aggregation_eval_hits50_Qwen3_Reranker_0p6B_ov0,Qwen/Qwen3-Reranker-0.6B,qwen_max,233,0.5438357471,0.4879853478,-0.0558503994,tmp/qwen_aggregation_eval_hits50_Qwen3_Reranker_0p6B_ov0.json
Qwen_Qwen3_Reranker_0_6B__qwen_max__qwen_aggregation_eval_hits50_Qwen3_Reranker_0p6B_ov0,Qwen/Qwen3-Reranker-0.6B,qwen_max,273,0.3223275559,0.3324239922,0.0100964363,tmp/qwen_aggregation_eval_hits50_Qwen3_Reranker_0p6B_ov0.json
Qwen_Qwen3_Reranker_0_6B__qwen_max__qwen_aggregation_eval_hits50_Qwen3_Reranker_0p6B_ov0,Qwen/Qwen3-Reranker-0.6B,qwen_max,300,0.3546016102,0.4338953076,0.0792936974,tmp/qwen_aggregation_eval_hits50_Qwen3_Reranker_0p6B_ov0.json
Qwen_Qwen3_Reranker_0_6B__qwen_max__qwen_aggregation_eval_hits50_Qwen3_Reranker_0p6B_ov0,Qwen/Qwen3-Reranker-0.6B,qwen_max,407,0.2786364165,0.4529953521,0.1743589357,tmp/qwen_aggregation_eval_hits50_Qwen3_Reranker_0p6B_ov0.json
Qwen_Qwen3_Reranker_0_6B__qwen_max__qwen_aggregation_eval_hits50_Qwen3_Reranker_0p6B_ov0,Qwen/Qwen3-Reranker-0.6B,qwen_max,477,0.4559153326,0.5809872128,0.1250718802,tmp/qwen_aggregation_eval_hits50_Qwen3_Reranker_0p6B_ov0.json
Qwen_Qwen3_Reranker_0_6B__qwen_max__qwen_aggregation_eval_hits50_Qwen3_Reranker_0p6B_ov0,Qwen/Qwen3-Reranker-0.6B,qwen_max,499,0.6816109119,0.6111488637,-0.0704620481,tmp/qwen_aggregation_eval_hits50_Qwen3_Reranker_0p6B_ov0.json
Qwen_Qwen3_Reranker_0_6B__qwen_max__qwen_aggregation_eval_hits50_Qwen3_Reranker_0p6B_ov0,Qwen/Qwen3-Reranker-0.6B,qwen_max,515,0.2299254607,0.2294465703,-0.0004788905,tmp/qwen_aggregation_eval_hits50_Qwen3_Reranker_0p6B_ov0.json
Qwen_Qwen3_Reranker_0_6B__qwen_max__qwen_aggregation_eval_hits50_Qwen3_Reranker_0p6B_ov0,Qwen/Qwen3-Reranker-0.6B,qwen_max,707,0.2026664542,0.3852497585,0.1825833043,tmp/qwen_aggregation_eval_hits50_Qwen3_Reranker_0p6B_ov0.json
Qwen_Qwen3_Reranker_0_6B__qwen_max__qwen_aggregation_eval_hits50_Qwen3_Reranker_0p6B_ov0,Qwen/Qwen3-Reranker-0.6B,qwen_max,897,0.3048742399,0.2878486024,-0.0170256375,tmp/qwen_aggregation_eval_hits50_Qwen3_Reranker_0p6B_ov0.json
Qwen_Qwen3_Reranker_0_6B__top3_bm25_fusion_a0p6__qwen_aggregation_eval_hits50_Qwen3_Reranker_0p6B,Qwen/Qwen3-Reranker-0.6B,top3_bm25_fusion_a0p6,14,0.3553332721,0.4058983509,0.0505650788,tmp/qwen_aggregation_eval_hits50_Qwen3_Reranker_0p6B.json
Qwen_Qwen3_Reranker_0_6B__top3_bm25_fusion_a0p6__qwen_aggregation_eval_hits50_Qwen3_Reranker_0p6B,Qwen/Qwen3-Reranker-0.6B,top3_bm25_fusion_a0p6,31,0.8478053202,0.8018747963,-0.0459305239,tmp/qwen_aggregation_eval_hits50_Qwen3_Reranker_0p6B.json
Qwen_Qwen3_Reranker_0_6B__top3_bm25_fusion_a0p6__qwen_aggregation_eval_hits50_Qwen3_Reranker_0p6B,Qwen/Qwen3-Reranker-0.6B,top3_bm25_fusion_a0p6,37,0.6389817974,0.6178585636,-0.0211232337,tmp/qwen_aggregation_eval_hits50_Qwen3_Reranker_0p6B.json
Qwen_Qwen3_Reranker_0_6B__top3_bm25_fusion_a0p6__qwen_aggregation_eval_hits50_Qwen3_Reranker_0p6B,Qwen/Qwen3-Reranker-0.6B,top3_bm25_fusion_a0p6,58,0.5008083446,0.5814772710,0.0806689263,tmp/qwen_aggregation_eval_hits50_Qwen3_Reranker_0p6B.json
Qwen_Qwen3_Reranker_0_6B__top3_bm25_fusion_a0p6__qwen_aggregation_eval_hits50_Qwen3_Reranker_0p6B,Qwen/Qwen3-Reranker-0.6B,top3_bm25_fusion_a0p6,72,0.3236594717,0.3252841098,0.0016246382,tmp/qwen_aggregation_eval_hits50_Qwen3_Reranker_0p6B.json
Qwen_Qwen3_Reranker_0_6B__top3_bm25_fusion_a0p6__qwen_aggregation_eval_hits50_Qwen3_Reranker_0p6B,Qwen/Qwen3-Reranker-0.6B,top3_bm25_fusion_a0p6,84,0.4918004153,0.4830327810,-0.0087676343,tmp/qwen_aggregation_eval_hits50_Qwen3_Reranker_0p6B.json
Qwen_Qwen3_Reranker_0_6B__top3_bm25_fusion_a0p6__qwen_aggregation_eval_hits50_Qwen3_Reranker_0p6B,Qwen/Qwen3-Reranker-0.6B,top3_bm25_fusion_a0p6,144,0.0886758433,0.1760118538,0.0873360105,tmp/qwen_aggregation_eval_hits50_Qwen3_Reranker_0p6B.json
Qwen_Qwen3_Reranker_0_6B__top3_bm25_fusion_a0p6__qwen_aggregation_eval_hits50_Qwen3_Reranker_0p6B,Qwen/Qwen3-Reranker-0.6B,top3_bm25_fusion_a0p6,161,0.6663255611,0.6349422370,-0.0313833240,tmp/qwen_aggregation_eval_hits50_Qwen3_Reranker_0p6B.json
Qwen_Qwen3_Reranker_0_6B__top3_bm25_fusion_a0p6__qwen_aggregation_eval_hits50_Qwen3_Reranker_0p6B,Qwen/Qwen3-Reranker-0.6B,top3_bm25_fusion_a0p6,200,0.1400835882,0.4368139107,0.2967303225,tmp/qwen_aggregation_eval_hits50_Qwen3_Reranker_0p6B.json
Qwen_Qwen3_Reranker_0_6B__top3_bm25_fusion_a0p6__qwen_aggregation_eval_hits50_Qwen3_Reranker_0p6B,Qwen/Qwen3-Reranker-0.6B,top3_bm25_fusion_a0p6,213,0.1121597938,0.2037104919,0.0915506981,tmp/qwen_aggregation_eval_hits50_Qwen3_Reranker_0p6B.json
Qwen_Qwen3_Reranker_0_6B__top3_bm25_fusion_a0p6__qwen_aggregation_eval_hits50_Qwen3_Reranker_0p6B,Qwen/Qwen3-Reranker-0.6B,top3_bm25_fusion_a0p6,219,0.4933573156,0.4009760596,-0.0923812560,tmp/qwen_aggregation_eval_hits50_Qwen3_Reranker_0p6B.json
Qwen_Qwen3_Reranker_0_6B__top3_bm25_fusion_a0p6__qwen_aggregation_eval_hits50_Qwen3_Reranker_0p6B,Qwen/Qwen3-Reranker-0.6B,top3_bm25_fusion_a0p6,224,0.8164972119,0.4735396529,-0.3429575590,tmp/qwen_aggregation_eval_hits50_Qwen3_Reranker_0p6B.json
Qwen_Qwen3_Reranker_0_6B__top3_bm25_fusion_a0p6__qwen_aggregation_eval_hits50_Qwen3_Reranker_0p6B,Qwen/Qwen3-Reranker-0.6B,top3_bm25_fusion_a0p6,225,0.2572640430,0.1961306669,-0.0611333761,tmp/qwen_aggregation_eval_hits50_Qwen3_Reranker_0p6B.json
Qwen_Qwen3_Reranker_0_6B__top3_bm25_fusion_a0p6__qwen_aggregation_eval_hits50_Qwen3_Reranker_0p6B,Qwen/Qwen3-Reranker-0.6B,top3_bm25_fusion_a0p6,233,0.5438357471,0.5354517801,-0.0083839671,tmp/qwen_aggregation_eval_hits50_Qwen3_Reranker_0p6B.json
Qwen_Qwen3_Reranker_0_6B__top3_bm25_fusion_a0p6__qwen_aggregation_eval_hits50_Qwen3_Reranker_0p6B,Qwen/Qwen3-Reranker-0.6B,top3_bm25_fusion_a0p6,273,0.3223275559,0.4217080433,0.0993804873,tmp/qwen_aggregation_eval_hits50_Qwen3_Reranker_0p6B.json
Qwen_Qwen3_Reranker_0_6B__top3_bm25_fusion_a0p6__qwen_aggregation_eval_hits50_Qwen3_Reranker_0p6B,Qwen/Qwen3-Reranker-0.6B,top3_bm25_fusion_a0p6,300,0.3546016102,0.3386894439,-0.0159121664,tmp/qwen_aggregation_eval_hits50_Qwen3_Reranker_0p6B.json
Qwen_Qwen3_Reranker_0_6B__top3_bm25_fusion_a0p6__qwen_aggregation_eval_hits50_Qwen3_Reranker_0p6B,Qwen/Qwen3-Reranker-0.6B,top3_bm25_fusion_a0p6,407,0.2786364165,0.4590191475,0.1803827311,tmp/qwen_aggregation_eval_hits50_Qwen3_Reranker_0p6B.json
Qwen_Qwen3_Reranker_0_6B__top3_bm25_fusion_a0p6__qwen_aggregation_eval_hits50_Qwen3_Reranker_0p6B,Qwen/Qwen3-Reranker-0.6B,top3_bm25_fusion_a0p6,477,0.4559153326,0.5667632924,0.1108479597,tmp/qwen_aggregation_eval_hits50_Qwen3_Reranker_0p6B.json
Qwen_Qwen3_Reranker_0_6B__top3_bm25_fusion_a0p6__qwen_aggregation_eval_hits50_Qwen3_Reranker_0p6B,Qwen/Qwen3-Reranker-0.6B,top3_bm25_fusion_a0p6,499,0.6816109119,0.7328615196,0.0512506077,tmp/qwen_aggregation_eval_hits50_Qwen3_Reranker_0p6B.json
Qwen_Qwen3_Reranker_0_6B__top3_bm25_fusion_a0p6__qwen_aggregation_eval_hits50_Qwen3_Reranker_0p6B,Qwen/Qwen3-Reranker-0.6B,top3_bm25_fusion_a0p6,515,0.2299254607,0.2291771096,-0.0007483511,tmp/qwen_aggregation_eval_hits50_Qwen3_Reranker_0p6B.json
Qwen_Qwen3_Reranker_0_6B__top3_bm25_fusion_a0p6__qwen_aggregation_eval_hits50_Qwen3_Reranker_0p6B,Qwen/Qwen3-Reranker-0.6B,top3_bm25_fusion_a0p6,707,0.2026664542,0.2678544910,0.0651880369,tmp/qwen_aggregation_eval_hits50_Qwen3_Reranker_0p6B.json
Qwen_Qwen3_Reranker_0_6B__top3_bm25_fusion_a0p6__qwen_aggregation_eval_hits50_Qwen3_Reranker_0p6B,Qwen/Qwen3-Reranker-0.6B,top3_bm25_fusion_a0p6,897,0.3048742399,0.3437857252,0.0389114853,tmp/qwen_aggregation_eval_hits50_Qwen3_Reranker_0p6B.json
Qwen_Qwen3_Reranker_0_6B__top3_bm25_fusion_a0p6__qwen_aggregation_eval_hits50_Qwen3_Reranker_0p6B_gap2000,Qwen/Qwen3-Reranker-0.6B,top3_bm25_fusion_a0p6,14,0.3553332721,0.3354624138,-0.0198708582,tmp/qwen_aggregation_eval_hits50_Qwen3_Reranker_0p6B_gap2000.json
Qwen_Qwen3_Reranker_0_6B__top3_bm25_fusion_a0p6__qwen_aggregation_eval_hits50_Qwen3_Reranker_0p6B_gap2000,Qwen/Qwen3-Reranker-0.6B,top3_bm25_fusion_a0p6,31,0.8478053202,0.8200685081,-0.0277368121,tmp/qwen_aggregation_eval_hits50_Qwen3_Reranker_0p6B_gap2000.json
Qwen_Qwen3_Reranker_0_6B__top3_bm25_fusion_a0p6__qwen_aggregation_eval_hits50_Qwen3_Reranker_0p6B_gap2000,Qwen/Qwen3-Reranker-0.6B,top3_bm25_fusion_a0p6,37,0.6389817974,0.5744177581,-0.0645640392,tmp/qwen_aggregation_eval_hits50_Qwen3_Reranker_0p6B_gap2000.json
Qwen_Qwen3_Reranker_0_6B__top3_bm25_fusion_a0p6__qwen_aggregation_eval_hits50_Qwen3_Reranker_0p6B_gap2000,Qwen/Qwen3-Reranker-0.6B,top3_bm25_fusion_a0p6,58,0.5008083446,0.5638753770,0.0630670324,tmp/qwen_aggregation_eval_hits50_Qwen3_Reranker_0p6B_gap2000.json
Qwen_Qwen3_Reranker_0_6B__top3_bm25_fusion_a0p6__qwen_aggregation_eval_hits50_Qwen3_Reranker_0p6B_gap2000,Qwen/Qwen3-Reranker-0.6B,top3_bm25_fusion_a0p6,72,0.3236594717,0.3252841098,0.0016246382,tmp/qwen_aggregation_eval_hits50_Qwen3_Reranker_0p6B_gap2000.json
Qwen_Qwen3_Reranker_0_6B__top3_bm25_fusion_a0p6__qwen_aggregation_eval_hits50_Qwen3_Reranker_0p6B_gap2000,Qwen/Qwen3-Reranker-0.6B,top3_bm25_fusion_a0p6,84,0.4918004153,0.4503569921,-0.0414434231,tmp/qwen_aggregation_eval_hits50_Qwen3_Reranker_0p6B_gap2000.json
Qwen_Qwen3_Reranker_0_6B__top3_bm25_fusion_a0p6__qwen_aggregation_eval_hits50_Qwen3_Reranker_0p6B_gap2000,Qwen/Qwen3-Reranker-0.6B,top3_bm25_fusion_a0p6,144,0.0886758433,0.1717921719,0.0831163286,tmp/qwen_aggregation_eval_hits50_Qwen3_Reranker_0p6B_gap2000.json
Qwen_Qwen3_Reranker_0_6B__top3_bm25_fusion_a0p6__qwen_aggregation_eval_hits50_Qwen3_Reranker_0p6B_gap2000,Qwen/Qwen3-Reranker-0.6B,top3_bm25_fusion_a0p6,161,0.6663255611,0.7353039234,0.0689783623,tmp/qwen_aggregation_eval_hits50_Qwen3_Reranker_0p6B_gap2000.json
Qwen_Qwen3_Reranker_0_6B__top3_bm25_fusion_a0p6__qwen_aggregation_eval_hits50_Qwen3_Reranker_0p6B_gap2000,Qwen/Qwen3-Reranker-0.6B,top3_bm25_fusion_a0p6,200,0.1400835882,0.4774586459,0.3373750577,tmp/qwen_aggregation_eval_hits50_Qwen3_Reranker_0p6B_gap2000.json
Qwen_Qwen3_Reranker_0_6B__top3_bm25_fusion_a0p6__qwen_aggregation_eval_hits50_Qwen3_Reranker_0p6B_gap2000,Qwen/Qwen3-Reranker-0.6B,top3_bm25_fusion_a0p6,213,0.1121597938,0.1370689062,0.0249091124,tmp/qwen_aggregation_eval_hits50_Qwen3_Reranker_0p6B_gap2000.json
Qwen_Qwen3_Reranker_0_6B__top3_bm25_fusion_a0p6__qwen_aggregation_eval_hits50_Qwen3_Reranker_0p6B_gap2000,Qwen/Qwen3-Reranker-0.6B,top3_bm25_fusion_a0p6,219,0.4933573156,0.4264243749,-0.0669329407,tmp/qwen_aggregation_eval_hits50_Qwen3_Reranker_0p6B_gap2000.json
Qwen_Qwen3_Reranker_0_6B__top3_bm25_fusion_a0p6__qwen_aggregation_eval_hits50_Qwen3_Reranker_0p6B_gap2000,Qwen/Qwen3-Reranker-0.6B,top3_bm25_fusion_a0p6,224,0.8164972119,0.5050407960,-0.3114564159,tmp/qwen_aggregation_eval_hits50_Qwen3_Reranker_0p6B_gap2000.json
Qwen_Qwen3_Reranker_0_6B__top3_bm25_fusion_a0p6__qwen_aggregation_eval_hits50_Qwen3_Reranker_0p6B_gap2000,Qwen/Qwen3-Reranker-0.6B,top3_bm25_fusion_a0p6,225,0.2572640430,0.1884210483,-0.0688429948,tmp/qwen_aggregation_eval_hits50_Qwen3_Reranker_0p6B_gap2000.json
Qwen_Qwen3_Reranker_0_6B__top3_bm25_fusion_a0p6__qwen_aggregation_eval_hits50_Qwen3_Reranker_0p6B_gap2000,Qwen/Qwen3-Reranker-0.6B,top3_bm25_fusion_a0p6,233,0.5438357471,0.5473647501,0.0035290029,tmp/qwen_aggregation_eval_hits50_Qwen3_Reranker_0p6B_gap2000.json
Qwen_Qwen3_Reranker_0_6B__top3_bm25_fusion_a0p6__qwen_aggregation_eval_hits50_Qwen3_Reranker_0p6B_gap2000,Qwen/Qwen3-Reranker-0.6B,top3_bm25_fusion_a0p6,273,0.3223275559,0.4254555851,0.1031280291,tmp/qwen_aggregation_eval_hits50_Qwen3_Reranker_0p6B_gap2000.json
Qwen_Qwen3_Reranker_0_6B__top3_bm25_fusion_a0p6__qwen_aggregation_eval_hits50_Qwen3_Reranker_0p6B_gap2000,Qwen/Qwen3-Reranker-0.6B,top3_bm25_fusion_a0p6,300,0.3546016102,0.3051037852,-0.0494978250,tmp/qwen_aggregation_eval_hits50_Qwen3_Reranker_0p6B_gap2000.json
Qwen_Qwen3_Reranker_0_6B__top3_bm25_fusion_a0p6__qwen_aggregation_eval_hits50_Qwen3_Reranker_0p6B_gap2000,Qwen/Qwen3-Reranker-0.6B,top3_bm25_fusion_a0p6,407,0.2786364165,0.4590191475,0.1803827311,tmp/qwen_aggregation_eval_hits50_Qwen3_Reranker_0p6B_gap2000.json
Qwen_Qwen3_Reranker_0_6B__top3_bm25_fusion_a0p6__qwen_aggregation_eval_hits50_Qwen3_Reranker_0p6B_gap2000,Qwen/Qwen3-Reranker-0.6B,top3_bm25_fusion_a0p6,477,0.4559153326,0.5492535488,0.0933382162,tmp/qwen_aggregation_eval_hits50_Qwen3_Reranker_0p6B_gap2000.json
Qwen_Qwen3_Reranker_0_6B__top3_bm25_fusion_a0p6__qwen_aggregation_eval_hits50_Qwen3_Reranker_0p6B_gap2000,Qwen/Qwen3-Reranker-0.6B,top3_bm25_fusion_a0p6,499,0.6816109119,0.7375098665,0.0558989547,tmp/qwen_aggregation_eval_hits50_Qwen3_Reranker_0p6B_gap2000.json
Qwen_Qwen3_Reranker_0_6B__top3_bm25_fusion_a0p6__qwen_aggregation_eval_hits50_Qwen3_Reranker_0p6B_gap2000,Qwen/Qwen3-Reranker-0.6B,top3_bm25_fusion_a0p6,515,0.2299254607,0.2291771096,-0.0007483511,tmp/qwen_aggregation_eval_hits50_Qwen3_Reranker_0p6B_gap2000.json
Qwen_Qwen3_Reranker_0_6B__top3_bm25_fusion_a0p6__qwen_aggregation_eval_hits50_Qwen3_Reranker_0p6B_gap2000,Qwen/Qwen3-Reranker-0.6B,top3_bm25_fusion_a0p6,707,0.2026664542,0.2631032289,0.0604367747,tmp/qwen_aggregation_eval_hits50_Qwen3_Reranker_0p6B_gap2000.json
Qwen_Qwen3_Reranker_0_6B__top3_bm25_fusion_a0p6__qwen_aggregation_eval_hits50_Qwen3_Reranker_0p6B_gap2000,Qwen/Qwen3-Reranker-0.6B,top3_bm25_fusion_a0p6,897,0.3048742399,0.3410145182,0.0361402783,tmp/qwen_aggregation_eval_hits50_Qwen3_Reranker_0p6B_gap2000.json
Qwen_Qwen3_Reranker_0_6B__top3_bm25_fusion_a0p6__qwen_aggregation_eval_hits50_Qwen3_Reranker_0p6B_gap3000,Qwen/Qwen3-Reranker-0.6B,top3_bm25_fusion_a0p6,14,0.3553332721,0.3354624138,-0.0198708582,tmp/qwen_aggregation_eval_hits50_Qwen3_Reranker_0p6B_gap3000.json
Qwen_Qwen3_Reranker_0_6B__top3_bm25_fusion_a0p6__qwen_aggregation_eval_hits50_Qwen3_Reranker_0p6B_gap3000,Qwen/Qwen3-Reranker-0.6B,top3_bm25_fusion_a0p6,31,0.8478053202,0.8200685081,-0.0277368121,tmp/qwen_aggregation_eval_hits50_Qwen3_Reranker_0p6B_gap3000.json
Qwen_Qwen3_Reranker_0_6B__top3_bm25_fusion_a0p6__qwen_aggregation_eval_hits50_Qwen3_Reranker_0p6B_gap3000,Qwen/Qwen3-Reranker-0.6B,top3_bm25_fusion_a0p6,37,0.6389817974,0.5744177581,-0.0645640392,tmp/qwen_aggregation_eval_hits50_Qwen3_Reranker_0p6B_gap3000.json
Qwen_Qwen3_Reranker_0_6B__top3_bm25_fusion_a0p6__qwen_aggregation_eval_hits50_Qwen3_Reranker_0p6B_gap3000,Qwen/Qwen3-Reranker-0.6B,top3_bm25_fusion_a0p6,58,0.5008083446,0.5638753770,0.0630670324,tmp/qwen_aggregation_eval_hits50_Qwen3_Reranker_0p6B_gap3000.json
Qwen_Qwen3_Reranker_0_6B__top3_bm25_fusion_a0p6__qwen_aggregation_eval_hits50_Qwen3_Reranker_0p6B_gap3000,Qwen/Qwen3-Reranker-0.6B,top3_bm25_fusion_a0p6,72,0.3236594717,0.3252841098,0.0016246382,tmp/qwen_aggregation_eval_hits50_Qwen3_Reranker_0p6B_gap3000.json
Qwen_Qwen3_Reranker_0_6B__top3_bm25_fusion_a0p6__qwen_aggregation_eval_hits50_Qwen3_Reranker_0p6B_gap3000,Qwen/Qwen3-Reranker-0.6B,top3_bm25_fusion_a0p6,84,0.4918004153,0.4503569921,-0.0414434231,tmp/qwen_aggregation_eval_hits50_Qwen3_Reranker_0p6B_gap3000.json
Qwen_Qwen3_Reranker_0_6B__top3_bm25_fusion_a0p6__qwen_aggregation_eval_hits50_Qwen3_Reranker_0p6B_gap3000,Qwen/Qwen3-Reranker-0.6B,top3_bm25_fusion_a0p6,144,0.0886758433,0.1717921719,0.0831163286,tmp/qwen_aggregation_eval_hits50_Qwen3_Reranker_0p6B_gap3000.json
Qwen_Qwen3_Reranker_0_6B__top3_bm25_fusion_a0p6__qwen_aggregation_eval_hits50_Qwen3_Reranker_0p6B_gap3000,Qwen/Qwen3-Reranker-0.6B,top3_bm25_fusion_a0p6,161,0.6663255611,0.7353039234,0.0689783623,tmp/qwen_aggregation_eval_hits50_Qwen3_Reranker_0p6B_gap3000.json
Qwen_Qwen3_Reranker_0_6B__top3_bm25_fusion_a0p6__qwen_aggregation_eval_hits50_Qwen3_Reranker_0p6B_gap3000,Qwen/Qwen3-Reranker-0.6B,top3_bm25_fusion_a0p6,200,0.1400835882,0.4774586459,0.3373750577,tmp/qwen_aggregation_eval_hits50_Qwen3_Reranker_0p6B_gap3000.json
Qwen_Qwen3_Reranker_0_6B__top3_bm25_fusion_a0p6__qwen_aggregation_eval_hits50_Qwen3_Reranker_0p6B_gap3000,Qwen/Qwen3-Reranker-0.6B,top3_bm25_fusion_a0p6,213,0.1121597938,0.1370689062,0.0249091124,tmp/qwen_aggregation_eval_hits50_Qwen3_Reranker_0p6B_gap3000.json
Qwen_Qwen3_Reranker_0_6B__top3_bm25_fusion_a0p6__qwen_aggregation_eval_hits50_Qwen3_Reranker_0p6B_gap3000,Qwen/Qwen3-Reranker-0.6B,top3_bm25_fusion_a0p6,219,0.4933573156,0.4264243749,-0.0669329407,tmp/qwen_aggregation_eval_hits50_Qwen3_Reranker_0p6B_gap3000.json
Qwen_Qwen3_Reranker_0_6B__top3_bm25_fusion_a0p6__qwen_aggregation_eval_hits50_Qwen3_Reranker_0p6B_gap3000,Qwen/Qwen3-Reranker-0.6B,top3_bm25_fusion_a0p6,224,0.8164972119,0.5145261587,-0.3019710531,tmp/qwen_aggregation_eval_hits50_Qwen3_Reranker_0p6B_gap3000.json
Qwen_Qwen3_Reranker_0_6B__top3_bm25_fusion_a0p6__qwen_aggregation_eval_hits50_Qwen3_Reranker_0p6B_gap3000,Qwen/Qwen3-Reranker-0.6B,top3_bm25_fusion_a0p6,225,0.2572640430,0.1884210483,-0.0688429948,tmp/qwen_aggregation_eval_hits50_Qwen3_Reranker_0p6B_gap3000.json
Qwen_Qwen3_Reranker_0_6B__top3_bm25_fusion_a0p6__qwen_aggregation_eval_hits50_Qwen3_Reranker_0p6B_gap3000,Qwen/Qwen3-Reranker-0.6B,top3_bm25_fusion_a0p6,233,0.5438357471,0.5473647501,0.0035290029,tmp/qwen_aggregation_eval_hits50_Qwen3_Reranker_0p6B_gap3000.json
Qwen_Qwen3_Reranker_0_6B__top3_bm25_fusion_a0p6__qwen_aggregation_eval_hits50_Qwen3_Reranker_0p6B_gap3000,Qwen/Qwen3-Reranker-0.6B,top3_bm25_fusion_a0p6,273,0.3223275559,0.4254555851,0.1031280291,tmp/qwen_aggregation_eval_hits50_Qwen3_Reranker_0p6B_gap3000.json
Qwen_Qwen3_Reranker_0_6B__top3_bm25_fusion_a0p6__qwen_aggregation_eval_hits50_Qwen3_Reranker_0p6B_gap3000,Qwen/Qwen3-Reranker-0.6B,top3_bm25_fusion_a0p6,300,0.3546016102,0.3051037852,-0.0494978250,tmp/qwen_aggregation_eval_hits50_Qwen3_Reranker_0p6B_gap3000.json
Qwen_Qwen3_Reranker_0_6B__top3_bm25_fusion_a0p6__qwen_aggregation_eval_hits50_Qwen3_Reranker_0p6B_gap3000,Qwen/Qwen3-Reranker-0.6B,top3_bm25_fusion_a0p6,407,0.2786364165,0.4590191475,0.1803827311,tmp/qwen_aggregation_eval_hits50_Qwen3_Reranker_0p6B_gap3000.json
Qwen_Qwen3_Reranker_0_6B__top3_bm25_fusion_a0p6__qwen_aggregation_eval_hits50_Qwen3_Reranker_0p6B_gap3000,Qwen/Qwen3-Reranker-0.6B,top3_bm25_fusion_a0p6,477,0.4559153326,0.5492535488,0.0933382162,tmp/qwen_aggregation_eval_hits50_Qwen3_Reranker_0p6B_gap3000.json
Qwen_Qwen3_Reranker_0_6B__top3_bm25_fusion_a0p6__qwen_aggregation_eval_hits50_Qwen3_Reranker_0p6B_gap3000,Qwen/Qwen3-Reranker-0.6B,top3_bm25_fusion_a0p6,499,0.6816109119,0.7375098665,0.0558989547,tmp/qwen_aggregation_eval_hits50_Qwen3_Reranker_0p6B_gap3000.json
Qwen_Qwen3_Reranker_0_6B__top3_bm25_fusion_a0p6__qwen_aggregation_eval_hits50_Qwen3_Reranker_0p6B_gap3000,Qwen/Qwen3-Reranker-0.6B,top3_bm25_fusion_a0p6,515,0.2299254607,0.2291771096,-0.0007483511,tmp/qwen_aggregation_eval_hits50_Qwen3_Reranker_0p6B_gap3000.json
Qwen_Qwen3_Reranker_0_6B__top3_bm25_fusion_a0p6__qwen_aggregation_eval_hits50_Qwen3_Reranker_0p6B_gap3000,Qwen/Qwen3-Reranker-0.6B,top3_bm25_fusion_a0p6,707,0.2026664542,0.2631032289,0.0604367747,tmp/qwen_aggregation_eval_hits50_Qwen3_Reranker_0p6B_gap3000.json
Qwen_Qwen3_Reranker_0_6B__top3_bm25_fusion_a0p6__qwen_aggregation_eval_hits50_Qwen3_Reranker_0p6B_gap3000,Qwen/Qwen3-Reranker-0.6B,top3_bm25_fusion_a0p6,897,0.3048742399,0.3410145182,0.0361402783,tmp/qwen_aggregation_eval_hits50_Qwen3_Reranker_0p6B_gap3000.json
Qwen_Qwen3_Reranker_0_6B__top3_bm25_fusion_a0p6__qwen_aggregation_eval_hits50_Qwen3_Reranker_0p6B_ov0,Qwen/Qwen3-Reranker-0.6B,top3_bm25_fusion_a0p6,14,0.3553332721,0.4131909485,0.0578576764,tmp/qwen_aggregation_eval_hits50_Qwen3_Reranker_0p6B_ov0.json
Qwen_Qwen3_Reranker_0_6B__top3_bm25_fusion_a0p6__qwen_aggregation_eval_hits50_Qwen3_Reranker_0p6B_ov0,Qwen/Qwen3-Reranker-0.6B,top3_bm25_fusion_a0p6,31,0.8478053202,0.8249381275,-0.0228671927,tmp/qwen_aggregation_eval_hits50_Qwen3_Reranker_0p6B_ov0.json
Qwen_Qwen3_Reranker_0_6B__top3_bm25_fusion_a0p6__qwen_aggregation_eval_hits50_Qwen3_Reranker_0p6B_ov0,Qwen/Qwen3-Reranker-0.6B,top3_bm25_fusion_a0p6,37,0.6389817974,0.5842248024,-0.0547569949,tmp/qwen_aggregation_eval_hits50_Qwen3_Reranker_0p6B_ov0.json
Qwen_Qwen3_Reranker_0_6B__top3_bm25_fusion_a0p6__qwen_aggregation_eval_hits50_Qwen3_Reranker_0p6B_ov0,Qwen/Qwen3-Reranker-0.6B,top3_bm25_fusion_a0p6,58,0.5008083446,0.5731247231,0.0723163785,tmp/qwen_aggregation_eval_hits50_Qwen3_Reranker_0p6B_ov0.json
Qwen_Qwen3_Reranker_0_6B__top3_bm25_fusion_a0p6__qwen_aggregation_eval_hits50_Qwen3_Reranker_0p6B_ov0,Qwen/Qwen3-Reranker-0.6B,top3_bm25_fusion_a0p6,72,0.3236594717,0.3846635121,0.0610040405,tmp/qwen_aggregation_eval_hits50_Qwen3_Reranker_0p6B_ov0.json
Qwen_Qwen3_Reranker_0_6B__top3_bm25_fusion_a0p6__qwen_aggregation_eval_hits50_Qwen3_Reranker_0p6B_ov0,Qwen/Qwen3-Reranker-0.6B,top3_bm25_fusion_a0p6,84,0.4918004153,0.5315456147,0.0397451994,tmp/qwen_aggregation_eval_hits50_Qwen3_Reranker_0p6B_ov0.json
Qwen_Qwen3_Reranker_0_6B__top3_bm25_fusion_a0p6__qwen_aggregation_eval_hits50_Qwen3_Reranker_0p6B_ov0,Qwen/Qwen3-Reranker-0.6B,top3_bm25_fusion_a0p6,144,0.0886758433,0.1692117720,0.0805359287,tmp/qwen_aggregation_eval_hits50_Qwen3_Reranker_0p6B_ov0.json
Qwen_Qwen3_Reranker_0_6B__top3_bm25_fusion_a0p6__qwen_aggregation_eval_hits50_Qwen3_Reranker_0p6B_ov0,Qwen/Qwen3-Reranker-0.6B,top3_bm25_fusion_a0p6,161,0.6663255611,0.6760780446,0.0097524835,tmp/qwen_aggregation_eval_hits50_Qwen3_Reranker_0p6B_ov0.json
Qwen_Qwen3_Reranker_0_6B__top3_bm25_fusion_a0p6__qwen_aggregation_eval_hits50_Qwen3_Reranker_0p6B_ov0,Qwen/Qwen3-Reranker-0.6B,top3_bm25_fusion_a0p6,200,0.1400835882,0.4363903109,0.2963067227,tmp/qwen_aggregation_eval_hits50_Qwen3_Reranker_0p6B_ov0.json
Qwen_Qwen3_Reranker_0_6B__top3_bm25_fusion_a0p6__qwen_aggregation_eval_hits50_Qwen3_Reranker_0p6B_ov0,Qwen/Qwen3-Reranker-0.6B,top3_bm25_fusion_a0p6,213,0.1121597938,0.2054940048,0.0933342110,tmp/qwen_aggregation_eval_hits50_Qwen3_Reranker_0p6B_ov0.json
Qwen_Qwen3_Reranker_0_6B__top3_bm25_fusion_a0p6__qwen_aggregation_eval_hits50_Qwen3_Reranker_0p6B_ov0,Qwen/Qwen3-Reranker-0.6B,top3_bm25_fusion_a0p6,219,0.4933573156,0.4009760596,-0.0923812560,tmp/qwen_aggregation_eval_hits50_Qwen3_Reranker_0p6B_ov0.json
Qwen_Qwen3_Reranker_0_6B__top3_bm25_fusion_a0p6__qwen_aggregation_eval_hits50_Qwen3_Reranker_0p6B_ov0,Qwen/Qwen3-Reranker-0.6B,top3_bm25_fusion_a0p6,224,0.8164972119,0.5403763819,-0.2761208300,tmp/qwen_aggregation_eval_hits50_Qwen3_Reranker_0p6B_ov0.json
Qwen_Qwen3_Reranker_0_6B__top3_bm25_fusion_a0p6__qwen_aggregation_eval_hits50_Qwen3_Reranker_0p6B_ov0,Qwen/Qwen3-Reranker-0.6B,top3_bm25_fusion_a0p6,225,0.2572640430,0.1929895481,-0.0642744949,tmp/qwen_aggregation_eval_hits50_Qwen3_Reranker_0p6B_ov0.json
Qwen_Qwen3_Reranker_0_6B__top3_bm25_fusion_a0p6__qwen_aggregation_eval_hits50_Qwen3_Reranker_0p6B_ov0,Qwen/Qwen3-Reranker-0.6B,top3_bm25_fusion_a0p6,233,0.5438357471,0.4976672258,-0.0461685213,tmp/qwen_aggregation_eval_hits50_Qwen3_Reranker_0p6B_ov0.json
Qwen_Qwen3_Reranker_0_6B__top3_bm25_fusion_a0p6__qwen_aggregation_eval_hits50_Qwen3_Reranker_0p6B_ov0,Qwen/Qwen3-Reranker-0.6B,top3_bm25_fusion_a0p6,273,0.3223275559,0.4214008062,0.0990732503,tmp/qwen_aggregation_eval_hits50_Qwen3_Reranker_0p6B_ov0.json
Qwen_Qwen3_Reranker_0_6B__top3_bm25_fusion_a0p6__qwen_aggregation_eval_hits50_Qwen3_Reranker_0p6B_ov0,Qwen/Qwen3-Reranker-0.6B,top3_bm25_fusion_a0p6,300,0.3546016102,0.2824980533,-0.0721035569,tmp/qwen_aggregation_eval_hits50_Qwen3_Reranker_0p6B_ov0.json
Qwen_Qwen3_Reranker_0_6B__top3_bm25_fusion_a0p6__qwen_aggregation_eval_hits50_Qwen3_Reranker_0p6B_ov0,Qwen/Qwen3-Reranker-0.6B,top3_bm25_fusion_a0p6,407,0.2786364165,0.4929128327,0.2142764162,tmp/qwen_aggregation_eval_hits50_Qwen3_Reranker_0p6B_ov0.json
Qwen_Qwen3_Reranker_0_6B__top3_bm25_fusion_a0p6__qwen_aggregation_eval_hits50_Qwen3_Reranker_0p6B_ov0,Qwen/Qwen3-Reranker-0.6B,top3_bm25_fusion_a0p6,477,0.4559153326,0.5667632924,0.1108479597,tmp/qwen_aggregation_eval_hits50_Qwen3_Reranker_0p6B_ov0.json
Qwen_Qwen3_Reranker_0_6B__top3_bm25_fusion_a0p6__qwen_aggregation_eval_hits50_Qwen3_Reranker_0p6B_ov0,Qwen/Qwen3-Reranker-0.6B,top3_bm25_fusion_a0p6,499,0.6816109119,0.7328615196,0.0512506077,tmp/qwen_aggregation_eval_hits50_Qwen3_Reranker_0p6B_ov0.json
Qwen_Qwen3_Reranker_0_6B__top3_bm25_fusion_a0p6__qwen_aggregation_eval_hits50_Qwen3_Reranker_0p6B_ov0,Qwen/Qwen3-Reranker-0.6B,top3_bm25_fusion_a0p6,515,0.2299254607,0.2291771096,-0.0007483511,tmp/qwen_aggregation_eval_hits50_Qwen3_Reranker_0p6B_ov0.json
Qwen_Qwen3_Reranker_0_6B__top3_bm25_fusion_a0p6__qwen_aggregation_eval_hits50_Qwen3_Reranker_0p6B_ov0,Qwen/Qwen3-Reranker-0.6B,top3_bm25_fusion_a0p6,707,0.2026664542,0.3484519728,0.1457855187,tmp/qwen_aggregation_eval_hits50_Qwen3_Reranker_0p6B_ov0.json
Qwen_Qwen3_Reranker_0_6B__top3_bm25_fusion_a0p6__qwen_aggregation_eval_hits50_Qwen3_Reranker_0p6B_ov0,Qwen/Qwen3-Reranker-0.6B,top3_bm25_fusion_a0p6,897,0.3048742399,0.4043580912,0.0994838513,tmp/qwen_aggregation_eval_hits50_Qwen3_Reranker_0p6B_ov0.json
Qwen_Qwen3_Reranker_0_6B__top3_bm25_fusion_a0p75__qwen_aggregation_eval_hits50_Qwen3_Reranker_0p6B,Qwen/Qwen3-Reranker-0.6B,top3_bm25_fusion_a0p75,14,0.3553332721,0.4046329806,0.0492997085,tmp/qwen_aggregation_eval_hits50_Qwen3_Reranker_0p6B.json
Qwen_Qwen3_Reranker_0_6B__top3_bm25_fusion_a0p75__qwen_aggregation_eval_hits50_Qwen3_Reranker_0p6B,Qwen/Qwen3-Reranker-0.6B,top3_bm25_fusion_a0p75,31,0.8478053202,0.6710242217,-0.1767810985,tmp/qwen_aggregation_eval_hits50_Qwen3_Reranker_0p6B.json
Qwen_Qwen3_Reranker_0_6B__top3_bm25_fusion_a0p75__qwen_aggregation_eval_hits50_Qwen3_Reranker_0p6B,Qwen/Qwen3-Reranker-0.6B,top3_bm25_fusion_a0p75,37,0.6389817974,0.5133201187,-0.1256616787,tmp/qwen_aggregation_eval_hits50_Qwen3_Reranker_0p6B.json
Qwen_Qwen3_Reranker_0_6B__top3_bm25_fusion_a0p75__qwen_aggregation_eval_hits50_Qwen3_Reranker_0p6B,Qwen/Qwen3-Reranker-0.6B,top3_bm25_fusion_a0p75,58,0.5008083446,0.5638753770,0.0630670324,tmp/qwen_aggregation_eval_hits50_Qwen3_Reranker_0p6B.json
Qwen_Qwen3_Reranker_0_6B__top3_bm25_fusion_a0p75__qwen_aggregation_eval_hits50_Qwen3_Reranker_0p6B,Qwen/Qwen3-Reranker-0.6B,top3_bm25_fusion_a0p75,72,0.3236594717,0.3864621385,0.0628026668,tmp/qwen_aggregation_eval_hits50_Qwen3_Reranker_0p6B.json
Qwen_Qwen3_Reranker_0_6B__top3_bm25_fusion_a0p75__qwen_aggregation_eval_hits50_Qwen3_Reranker_0p6B,Qwen/Qwen3-Reranker-0.6B,top3_bm25_fusion_a0p75,84,0.4918004153,0.5011430778,0.0093426625,tmp/qwen_aggregation_eval_hits50_Qwen3_Reranker_0p6B.json
Qwen_Qwen3_Reranker_0_6B__top3_bm25_fusion_a0p75__qwen_aggregation_eval_hits50_Qwen3_Reranker_0p6B,Qwen/Qwen3-Reranker-0.6B,top3_bm25_fusion_a0p75,144,0.0886758433,0.2028354094,0.1141595661,tmp/qwen_aggregation_eval_hits50_Qwen3_Reranker_0p6B.json
Qwen_Qwen3_Reranker_0_6B__top3_bm25_fusion_a0p75__qwen_aggregation_eval_hits50_Qwen3_Reranker_0p6B,Qwen/Qwen3-Reranker-0.6B,top3_bm25_fusion_a0p75,161,0.6663255611,0.7306555764,0.0643300153,tmp/qwen_aggregation_eval_hits50_Qwen3_Reranker_0p6B.json
Qwen_Qwen3_Reranker_0_6B__top3_bm25_fusion_a0p75__qwen_aggregation_eval_hits50_Qwen3_Reranker_0p6B,Qwen/Qwen3-Reranker-0.6B,top3_bm25_fusion_a0p75,200,0.1400835882,0.4448309454,0.3047473572,tmp/qwen_aggregation_eval_hits50_Qwen3_Reranker_0p6B.json
Qwen_Qwen3_Reranker_0_6B__top3_bm25_fusion_a0p75__qwen_aggregation_eval_hits50_Qwen3_Reranker_0p6B,Qwen/Qwen3-Reranker-0.6B,top3_bm25_fusion_a0p75,213,0.1121597938,0.2156139342,0.1034541404,tmp/qwen_aggregation_eval_hits50_Qwen3_Reranker_0p6B.json
Qwen_Qwen3_Reranker_0_6B__top3_bm25_fusion_a0p75__qwen_aggregation_eval_hits50_Qwen3_Reranker_0p6B,Qwen/Qwen3-Reranker-0.6B,top3_bm25_fusion_a0p75,219,0.4933573156,0.4649111785,-0.0284461371,tmp/qwen_aggregation_eval_hits50_Qwen3_Reranker_0p6B.json
Qwen_Qwen3_Reranker_0_6B__top3_bm25_fusion_a0p75__qwen_aggregation_eval_hits50_Qwen3_Reranker_0p6B,Qwen/Qwen3-Reranker-0.6B,top3_bm25_fusion_a0p75,224,0.8164972119,0.4823778387,-0.3341193732,tmp/qwen_aggregation_eval_hits50_Qwen3_Reranker_0p6B.json
Qwen_Qwen3_Reranker_0_6B__top3_bm25_fusion_a0p75__qwen_aggregation_eval_hits50_Qwen3_Reranker_0p6B,Qwen/Qwen3-Reranker-0.6B,top3_bm25_fusion_a0p75,225,0.2572640430,0.1884210483,-0.0688429948,tmp/qwen_aggregation_eval_hits50_Qwen3_Reranker_0p6B.json
Qwen_Qwen3_Reranker_0_6B__top3_bm25_fusion_a0p75__qwen_aggregation_eval_hits50_Qwen3_Reranker_0p6B,Qwen/Qwen3-Reranker-0.6B,top3_bm25_fusion_a0p75,233,0.5438357471,0.5095120439,-0.0343237032,tmp/qwen_aggregation_eval_hits50_Qwen3_Reranker_0p6B.json
Qwen_Qwen3_Reranker_0_6B__top3_bm25_fusion_a0p75__qwen_aggregation_eval_hits50_Qwen3_Reranker_0p6B,Qwen/Qwen3-Reranker-0.6B,top3_bm25_fusion_a0p75,273,0.3223275559,0.3538040924,0.0314765365,tmp/qwen_aggregation_eval_hits50_Qwen3_Reranker_0p6B.json
Qwen_Qwen3_Reranker_0_6B__top3_bm25_fusion_a0p75__qwen_aggregation_eval_hits50_Qwen3_Reranker_0p6B,Qwen/Qwen3-Reranker-0.6B,top3_bm25_fusion_a0p75,300,0.3546016102,0.3198230913,-0.0347785189,tmp/qwen_aggregation_eval_hits50_Qwen3_Reranker_0p6B.json
Qwen_Qwen3_Reranker_0_6B__top3_bm25_fusion_a0p75__qwen_aggregation_eval_hits50_Qwen3_Reranker_0p6B,Qwen/Qwen3-Reranker-0.6B,top3_bm25_fusion_a0p75,407,0.2786364165,0.4044870434,0.1258506269,tmp/qwen_aggregation_eval_hits50_Qwen3_Reranker_0p6B.json
Qwen_Qwen3_Reranker_0_6B__top3_bm25_fusion_a0p75__qwen_aggregation_eval_hits50_Qwen3_Reranker_0p6B,Qwen/Qwen3-Reranker-0.6B,top3_bm25_fusion_a0p75,477,0.4559153326,0.5492535488,0.0933382162,tmp/qwen_aggregation_eval_hits50_Qwen3_Reranker_0p6B.json
Qwen_Qwen3_Reranker_0_6B__top3_bm25_fusion_a0p75__qwen_aggregation_eval_hits50_Qwen3_Reranker_0p6B,Qwen/Qwen3-Reranker-0.6B,top3_bm25_fusion_a0p75,499,0.6816109119,0.7319146425,0.0503037306,tmp/qwen_aggregation_eval_hits50_Qwen3_Reranker_0p6B.json
Qwen_Qwen3_Reranker_0_6B__top3_bm25_fusion_a0p75__qwen_aggregation_eval_hits50_Qwen3_Reranker_0p6B,Qwen/Qwen3-Reranker-0.6B,top3_bm25_fusion_a0p75,515,0.2299254607,0.2165696341,-0.0133558267,tmp/qwen_aggregation_eval_hits50_Qwen3_Reranker_0p6B.json
Qwen_Qwen3_Reranker_0_6B__top3_bm25_fusion_a0p75__qwen_aggregation_eval_hits50_Qwen3_Reranker_0p6B,Qwen/Qwen3-Reranker-0.6B,top3_bm25_fusion_a0p75,707,0.2026664542,0.2924078686,0.0897414144,tmp/qwen_aggregation_eval_hits50_Qwen3_Reranker_0p6B.json
Qwen_Qwen3_Reranker_0_6B__top3_bm25_fusion_a0p75__qwen_aggregation_eval_hits50_Qwen3_Reranker_0p6B,Qwen/Qwen3-Reranker-0.6B,top3_bm25_fusion_a0p75,897,0.3048742399,0.3835256433,0.0786514034,tmp/qwen_aggregation_eval_hits50_Qwen3_Reranker_0p6B.json
Qwen_Qwen3_Reranker_0_6B__top3_bm25_fusion_a0p75__qwen_aggregation_eval_hits50_Qwen3_Reranker_0p6B_gap2000,Qwen/Qwen3-Reranker-0.6B,top3_bm25_fusion_a0p75,14,0.3553332721,0.3948418162,0.0395085441,tmp/qwen_aggregation_eval_hits50_Qwen3_Reranker_0p6B_gap2000.json
Qwen_Qwen3_Reranker_0_6B__top3_bm25_fusion_a0p75__qwen_aggregation_eval_hits50_Qwen3_Reranker_0p6B_gap2000,Qwen/Qwen3-Reranker-0.6B,top3_bm25_fusion_a0p75,31,0.8478053202,0.7522907756,-0.0955145446,tmp/qwen_aggregation_eval_hits50_Qwen3_Reranker_0p6B_gap2000.json
Qwen_Qwen3_Reranker_0_6B__top3_bm25_fusion_a0p75__qwen_aggregation_eval_hits50_Qwen3_Reranker_0p6B_gap2000,Qwen/Qwen3-Reranker-0.6B,top3_bm25_fusion_a0p75,37,0.6389817974,0.4726611711,-0.1663206262,tmp/qwen_aggregation_eval_hits50_Qwen3_Reranker_0p6B_gap2000.json
Qwen_Qwen3_Reranker_0_6B__top3_bm25_fusion_a0p75__qwen_aggregation_eval_hits50_Qwen3_Reranker_0p6B_gap2000,Qwen/Qwen3-Reranker-0.6B,top3_bm25_fusion_a0p75,58,0.5008083446,0.5561591796,0.0553508350,tmp/qwen_aggregation_eval_hits50_Qwen3_Reranker_0p6B_gap2000.json
Qwen_Qwen3_Reranker_0_6B__top3_bm25_fusion_a0p75__qwen_aggregation_eval_hits50_Qwen3_Reranker_0p6B_gap2000,Qwen/Qwen3-Reranker-0.6B,top3_bm25_fusion_a0p75,72,0.3236594717,0.3885688867,0.0649094150,tmp/qwen_aggregation_eval_hits50_Qwen3_Reranker_0p6B_gap2000.json
Qwen_Qwen3_Reranker_0_6B__top3_bm25_fusion_a0p75__qwen_aggregation_eval_hits50_Qwen3_Reranker_0p6B_gap2000,Qwen/Qwen3-Reranker-0.6B,top3_bm25_fusion_a0p75,84,0.4918004153,0.4424096652,-0.0493907501,tmp/qwen_aggregation_eval_hits50_Qwen3_Reranker_0p6B_gap2000.json
Qwen_Qwen3_Reranker_0_6B__top3_bm25_fusion_a0p75__qwen_aggregation_eval_hits50_Qwen3_Reranker_0p6B_gap2000,Qwen/Qwen3-Reranker-0.6B,top3_bm25_fusion_a0p75,144,0.0886758433,0.1980938882,0.1094180449,tmp/qwen_aggregation_eval_hits50_Qwen3_Reranker_0p6B_gap2000.json
Qwen_Qwen3_Reranker_0_6B__top3_bm25_fusion_a0p75__qwen_aggregation_eval_hits50_Qwen3_Reranker_0p6B_gap2000,Qwen/Qwen3-Reranker-0.6B,top3_bm25_fusion_a0p75,161,0.6663255611,0.7607755382,0.0944499771,tmp/qwen_aggregation_eval_hits50_Qwen3_Reranker_0p6B_gap2000.json
Qwen_Qwen3_Reranker_0_6B__top3_bm25_fusion_a0p75__qwen_aggregation_eval_hits50_Qwen3_Reranker_0p6B_gap2000,Qwen/Qwen3-Reranker-0.6B,top3_bm25_fusion_a0p75,200,0.1400835882,0.5368094085,0.3967258203,tmp/qwen_aggregation_eval_hits50_Qwen3_Reranker_0p6B_gap2000.json
Qwen_Qwen3_Reranker_0_6B__top3_bm25_fusion_a0p75__qwen_aggregation_eval_hits50_Qwen3_Reranker_0p6B_gap2000,Qwen/Qwen3-Reranker-0.6B,top3_bm25_fusion_a0p75,213,0.1121597938,0.1504426061,0.0382828123,tmp/qwen_aggregation_eval_hits50_Qwen3_Reranker_0p6B_gap2000.json
Qwen_Qwen3_Reranker_0_6B__top3_bm25_fusion_a0p75__qwen_aggregation_eval_hits50_Qwen3_Reranker_0p6B_gap2000,Qwen/Qwen3-Reranker-0.6B,top3_bm25_fusion_a0p75,219,0.4933573156,0.4649111785,-0.0284461371,tmp/qwen_aggregation_eval_hits50_Qwen3_Reranker_0p6B_gap2000.json
Qwen_Qwen3_Reranker_0_6B__top3_bm25_fusion_a0p75__qwen_aggregation_eval_hits50_Qwen3_Reranker_0p6B_gap2000,Qwen/Qwen3-Reranker-0.6B,top3_bm25_fusion_a0p75,224,0.8164972119,0.5263388353,-0.2901583766,tmp/qwen_aggregation_eval_hits50_Qwen3_Reranker_0p6B_gap2000.json
Qwen_Qwen3_Reranker_0_6B__top3_bm25_fusion_a0p75__qwen_aggregation_eval_hits50_Qwen3_Reranker_0p6B_gap2000,Qwen/Qwen3-Reranker-0.6B,top3_bm25_fusion_a0p75,225,0.2572640430,0.2155939839,-0.0416700591,tmp/qwen_aggregation_eval_hits50_Qwen3_Reranker_0p6B_gap2000.json
Qwen_Qwen3_Reranker_0_6B__top3_bm25_fusion_a0p75__qwen_aggregation_eval_hits50_Qwen3_Reranker_0p6B_gap2000,Qwen/Qwen3-Reranker-0.6B,top3_bm25_fusion_a0p75,233,0.5438357471,0.5871487217,0.0433129746,tmp/qwen_aggregation_eval_hits50_Qwen3_Reranker_0p6B_gap2000.json
Qwen_Qwen3_Reranker_0_6B__top3_bm25_fusion_a0p75__qwen_aggregation_eval_hits50_Qwen3_Reranker_0p6B_gap2000,Qwen/Qwen3-Reranker-0.6B,top3_bm25_fusion_a0p75,273,0.3223275559,0.3843197775,0.0619922216,tmp/qwen_aggregation_eval_hits50_Qwen3_Reranker_0p6B_gap2000.json
Qwen_Qwen3_Reranker_0_6B__top3_bm25_fusion_a0p75__qwen_aggregation_eval_hits50_Qwen3_Reranker_0p6B_gap2000,Qwen/Qwen3-Reranker-0.6B,top3_bm25_fusion_a0p75,300,0.3546016102,0.3311780277,-0.0234235825,tmp/qwen_aggregation_eval_hits50_Qwen3_Reranker_0p6B_gap2000.json
Qwen_Qwen3_Reranker_0_6B__top3_bm25_fusion_a0p75__qwen_aggregation_eval_hits50_Qwen3_Reranker_0p6B_gap2000,Qwen/Qwen3-Reranker-0.6B,top3_bm25_fusion_a0p75,407,0.2786364165,0.3987057445,0.1200693280,tmp/qwen_aggregation_eval_hits50_Qwen3_Reranker_0p6B_gap2000.json
Qwen_Qwen3_Reranker_0_6B__top3_bm25_fusion_a0p75__qwen_aggregation_eval_hits50_Qwen3_Reranker_0p6B_gap2000,Qwen/Qwen3-Reranker-0.6B,top3_bm25_fusion_a0p75,477,0.4559153326,0.6103947987,0.1544794660,tmp/qwen_aggregation_eval_hits50_Qwen3_Reranker_0p6B_gap2000.json
Qwen_Qwen3_Reranker_0_6B__top3_bm25_fusion_a0p75__qwen_aggregation_eval_hits50_Qwen3_Reranker_0p6B_gap2000,Qwen/Qwen3-Reranker-0.6B,top3_bm25_fusion_a0p75,499,0.6816109119,0.6735658205,-0.0080450913,tmp/qwen_aggregation_eval_hits50_Qwen3_Reranker_0p6B_gap2000.json
Qwen_Qwen3_Reranker_0_6B__top3_bm25_fusion_a0p75__qwen_aggregation_eval_hits50_Qwen3_Reranker_0p6B_gap2000,Qwen/Qwen3-Reranker-0.6B,top3_bm25_fusion_a0p75,515,0.2299254607,0.2468792409,0.0169537802,tmp/qwen_aggregation_eval_hits50_Qwen3_Reranker_0p6B_gap2000.json
Qwen_Qwen3_Reranker_0_6B__top3_bm25_fusion_a0p75__qwen_aggregation_eval_hits50_Qwen3_Reranker_0p6B_gap2000,Qwen/Qwen3-Reranker-0.6B,top3_bm25_fusion_a0p75,707,0.2026664542,0.2745724449,0.0719059907,tmp/qwen_aggregation_eval_hits50_Qwen3_Reranker_0p6B_gap2000.json
Qwen_Qwen3_Reranker_0_6B__top3_bm25_fusion_a0p75__qwen_aggregation_eval_hits50_Qwen3_Reranker_0p6B_gap2000,Qwen/Qwen3-Reranker-0.6B,top3_bm25_fusion_a0p75,897,0.3048742399,0.3816117991,0.0767375592,tmp/qwen_aggregation_eval_hits50_Qwen3_Reranker_0p6B_gap2000.json
Qwen_Qwen3_Reranker_0_6B__top3_bm25_fusion_a0p75__qwen_aggregation_eval_hits50_Qwen3_Reranker_0p6B_gap3000,Qwen/Qwen3-Reranker-0.6B,top3_bm25_fusion_a0p75,14,0.3553332721,0.3948418162,0.0395085441,tmp/qwen_aggregation_eval_hits50_Qwen3_Reranker_0p6B_gap3000.json
Qwen_Qwen3_Reranker_0_6B__top3_bm25_fusion_a0p75__qwen_aggregation_eval_hits50_Qwen3_Reranker_0p6B_gap3000,Qwen/Qwen3-Reranker-0.6B,top3_bm25_fusion_a0p75,31,0.8478053202,0.7522907756,-0.0955145446,tmp/qwen_aggregation_eval_hits50_Qwen3_Reranker_0p6B_gap3000.json
Qwen_Qwen3_Reranker_0_6B__top3_bm25_fusion_a0p75__qwen_aggregation_eval_hits50_Qwen3_Reranker_0p6B_gap3000,Qwen/Qwen3-Reranker-0.6B,top3_bm25_fusion_a0p75,37,0.6389817974,0.4726611711,-0.1663206262,tmp/qwen_aggregation_eval_hits50_Qwen3_Reranker_0p6B_gap3000.json
Qwen_Qwen3_Reranker_0_6B__top3_bm25_fusion_a0p75__qwen_aggregation_eval_hits50_Qwen3_Reranker_0p6B_gap3000,Qwen/Qwen3-Reranker-0.6B,top3_bm25_fusion_a0p75,58,0.5008083446,0.5561591796,0.0553508350,tmp/qwen_aggregation_eval_hits50_Qwen3_Reranker_0p6B_gap3000.json
Qwen_Qwen3_Reranker_0_6B__top3_bm25_fusion_a0p75__qwen_aggregation_eval_hits50_Qwen3_Reranker_0p6B_gap3000,Qwen/Qwen3-Reranker-0.6B,top3_bm25_fusion_a0p75,72,0.3236594717,0.3885688867,0.0649094150,tmp/qwen_aggregation_eval_hits50_Qwen3_Reranker_0p6B_gap3000.json
Qwen_Qwen3_Reranker_0_6B__top3_bm25_fusion_a0p75__qwen_aggregation_eval_hits50_Qwen3_Reranker_0p6B_gap3000,Qwen/Qwen3-Reranker-0.6B,top3_bm25_fusion_a0p75,84,0.4918004153,0.4424096652,-0.0493907501,tmp/qwen_aggregation_eval_hits50_Qwen3_Reranker_0p6B_gap3000.json
Qwen_Qwen3_Reranker_0_6B__top3_bm25_fusion_a0p75__qwen_aggregation_eval_hits50_Qwen3_Reranker_0p6B_gap3000,Qwen/Qwen3-Reranker-0.6B,top3_bm25_fusion_a0p75,144,0.0886758433,0.1980938882,0.1094180449,tmp/qwen_aggregation_eval_hits50_Qwen3_Reranker_0p6B_gap3000.json
Qwen_Qwen3_Reranker_0_6B__top3_bm25_fusion_a0p75__qwen_aggregation_eval_hits50_Qwen3_Reranker_0p6B_gap3000,Qwen/Qwen3-Reranker-0.6B,top3_bm25_fusion_a0p75,161,0.6663255611,0.7607755382,0.0944499771,tmp/qwen_aggregation_eval_hits50_Qwen3_Reranker_0p6B_gap3000.json
Qwen_Qwen3_Reranker_0_6B__top3_bm25_fusion_a0p75__qwen_aggregation_eval_hits50_Qwen3_Reranker_0p6B_gap3000,Qwen/Qwen3-Reranker-0.6B,top3_bm25_fusion_a0p75,200,0.1400835882,0.5368094085,0.3967258203,tmp/qwen_aggregation_eval_hits50_Qwen3_Reranker_0p6B_gap3000.json
Qwen_Qwen3_Reranker_0_6B__top3_bm25_fusion_a0p75__qwen_aggregation_eval_hits50_Qwen3_Reranker_0p6B_gap3000,Qwen/Qwen3-Reranker-0.6B,top3_bm25_fusion_a0p75,213,0.1121597938,0.1504426061,0.0382828123,tmp/qwen_aggregation_eval_hits50_Qwen3_Reranker_0p6B_gap3000.json
Qwen_Qwen3_Reranker_0_6B__top3_bm25_fusion_a0p75__qwen_aggregation_eval_hits50_Qwen3_Reranker_0p6B_gap3000,Qwen/Qwen3-Reranker-0.6B,top3_bm25_fusion_a0p75,219,0.4933573156,0.4649111785,-0.0284461371,tmp/qwen_aggregation_eval_hits50_Qwen3_Reranker_0p6B_gap3000.json
Qwen_Qwen3_Reranker_0_6B__top3_bm25_fusion_a0p75__qwen_aggregation_eval_hits50_Qwen3_Reranker_0p6B_gap3000,Qwen/Qwen3-Reranker-0.6B,top3_bm25_fusion_a0p75,224,0.8164972119,0.5263388353,-0.2901583766,tmp/qwen_aggregation_eval_hits50_Qwen3_Reranker_0p6B_gap3000.json
Qwen_Qwen3_Reranker_0_6B__top3_bm25_fusion_a0p75__qwen_aggregation_eval_hits50_Qwen3_Reranker_0p6B_gap3000,Qwen/Qwen3-Reranker-0.6B,top3_bm25_fusion_a0p75,225,0.2572640430,0.2155939839,-0.0416700591,tmp/qwen_aggregation_eval_hits50_Qwen3_Reranker_0p6B_gap3000.json
Qwen_Qwen3_Reranker_0_6B__top3_bm25_fusion_a0p75__qwen_aggregation_eval_hits50_Qwen3_Reranker_0p6B_gap3000,Qwen/Qwen3-Reranker-0.6B,top3_bm25_fusion_a0p75,233,0.5438357471,0.5871487217,0.0433129746,tmp/qwen_aggregation_eval_hits50_Qwen3_Reranker_0p6B_gap3000.json
Qwen_Qwen3_Reranker_0_6B__top3_bm25_fusion_a0p75__qwen_aggregation_eval_hits50_Qwen3_Reranker_0p6B_gap3000,Qwen/Qwen3-Reranker-0.6B,top3_bm25_fusion_a0p75,273,0.3223275559,0.3843197775,0.0619922216,tmp/qwen_aggregation_eval_hits50_Qwen3_Reranker_0p6B_gap3000.json
Qwen_Qwen3_Reranker_0_6B__top3_bm25_fusion_a0p75__qwen_aggregation_eval_hits50_Qwen3_Reranker_0p6B_gap3000,Qwen/Qwen3-Reranker-0.6B,top3_bm25_fusion_a0p75,300,0.3546016102,0.3311780277,-0.0234235825,tmp/qwen_aggregation_eval_hits50_Qwen3_Reranker_0p6B_gap3000.json
Qwen_Qwen3_Reranker_0_6B__top3_bm25_fusion_a0p75__qwen_aggregation_eval_hits50_Qwen3_Reranker_0p6B_gap3000,Qwen/Qwen3-Reranker-0.6B,top3_bm25_fusion_a0p75,407,0.2786364165,0.3987057445,0.1200693280,tmp/qwen_aggregation_eval_hits50_Qwen3_Reranker_0p6B_gap3000.json
Qwen_Qwen3_Reranker_0_6B__top3_bm25_fusion_a0p75__qwen_aggregation_eval_hits50_Qwen3_Reranker_0p6B_gap3000,Qwen/Qwen3-Reranker-0.6B,top3_bm25_fusion_a0p75,477,0.4559153326,0.6103947987,0.1544794660,tmp/qwen_aggregation_eval_hits50_Qwen3_Reranker_0p6B_gap3000.json
Qwen_Qwen3_Reranker_0_6B__top3_bm25_fusion_a0p75__qwen_aggregation_eval_hits50_Qwen3_Reranker_0p6B_gap3000,Qwen/Qwen3-Reranker-0.6B,top3_bm25_fusion_a0p75,499,0.6816109119,0.6735658205,-0.0080450913,tmp/qwen_aggregation_eval_hits50_Qwen3_Reranker_0p6B_gap3000.json
Qwen_Qwen3_Reranker_0_6B__top3_bm25_fusion_a0p75__qwen_aggregation_eval_hits50_Qwen3_Reranker_0p6B_gap3000,Qwen/Qwen3-Reranker-0.6B,top3_bm25_fusion_a0p75,515,0.2299254607,0.2468792409,0.0169537802,tmp/qwen_aggregation_eval_hits50_Qwen3_Reranker_0p6B_gap3000.json
Qwen_Qwen3_Reranker_0_6B__top3_bm25_fusion_a0p75__qwen_aggregation_eval_hits50_Qwen3_Reranker_0p6B_gap3000,Qwen/Qwen3-Reranker-0.6B,top3_bm25_fusion_a0p75,707,0.2026664542,0.2745724449,0.0719059907,tmp/qwen_aggregation_eval_hits50_Qwen3_Reranker_0p6B_gap3000.json
Qwen_Qwen3_Reranker_0_6B__top3_bm25_fusion_a0p75__qwen_aggregation_eval_hits50_Qwen3_Reranker_0p6B_gap3000,Qwen/Qwen3-Reranker-0.6B,top3_bm25_fusion_a0p75,897,0.3048742399,0.3816117991,0.0767375592,tmp/qwen_aggregation_eval_hits50_Qwen3_Reranker_0p6B_gap3000.json
Qwen_Qwen3_Reranker_0_6B__top3_bm25_fusion_a0p75__qwen_aggregation_eval_hits50_Qwen3_Reranker_0p6B_ov0,Qwen/Qwen3-Reranker-0.6B,top3_bm25_fusion_a0p75,14,0.3553332721,0.4779934223,0.1226601502,tmp/qwen_aggregation_eval_hits50_Qwen3_Reranker_0p6B_ov0.json
Qwen_Qwen3_Reranker_0_6B__top3_bm25_fusion_a0p75__qwen_aggregation_eval_hits50_Qwen3_Reranker_0p6B_ov0,Qwen/Qwen3-Reranker-0.6B,top3_bm25_fusion_a0p75,31,0.8478053202,0.7970369581,-0.0507683622,tmp/qwen_aggregation_eval_hits50_Qwen3_Reranker_0p6B_ov0.json
Qwen_Qwen3_Reranker_0_6B__top3_bm25_fusion_a0p75__qwen_aggregation_eval_hits50_Qwen3_Reranker_0p6B_ov0,Qwen/Qwen3-Reranker-0.6B,top3_bm25_fusion_a0p75,37,0.6389817974,0.5144699802,-0.1245118171,tmp/qwen_aggregation_eval_hits50_Qwen3_Reranker_0p6B_ov0.json
Qwen_Qwen3_Reranker_0_6B__top3_bm25_fusion_a0p75__qwen_aggregation_eval_hits50_Qwen3_Reranker_0p6B_ov0,Qwen/Qwen3-Reranker-0.6B,top3_bm25_fusion_a0p75,58,0.5008083446,0.5515108326,0.0507024880,tmp/qwen_aggregation_eval_hits50_Qwen3_Reranker_0p6B_ov0.json
Qwen_Qwen3_Reranker_0_6B__top3_bm25_fusion_a0p75__qwen_aggregation_eval_hits50_Qwen3_Reranker_0p6B_ov0,Qwen/Qwen3-Reranker-0.6B,top3_bm25_fusion_a0p75,72,0.3236594717,0.3864621385,0.0628026668,tmp/qwen_aggregation_eval_hits50_Qwen3_Reranker_0p6B_ov0.json
Qwen_Qwen3_Reranker_0_6B__top3_bm25_fusion_a0p75__qwen_aggregation_eval_hits50_Qwen3_Reranker_0p6B_ov0,Qwen/Qwen3-Reranker-0.6B,top3_bm25_fusion_a0p75,84,0.4918004153,0.4841775343,-0.0076228810,tmp/qwen_aggregation_eval_hits50_Qwen3_Reranker_0p6B_ov0.json
Qwen_Qwen3_Reranker_0_6B__top3_bm25_fusion_a0p75__qwen_aggregation_eval_hits50_Qwen3_Reranker_0p6B_ov0,Qwen/Qwen3-Reranker-0.6B,top3_bm25_fusion_a0p75,144,0.0886758433,0.1979206529,0.1092448096,tmp/qwen_aggregation_eval_hits50_Qwen3_Reranker_0p6B_ov0.json
Qwen_Qwen3_Reranker_0_6B__top3_bm25_fusion_a0p75__qwen_aggregation_eval_hits50_Qwen3_Reranker_0p6B_ov0,Qwen/Qwen3-Reranker-0.6B,top3_bm25_fusion_a0p75,161,0.6663255611,0.6889146996,0.0225891385,tmp/qwen_aggregation_eval_hits50_Qwen3_Reranker_0p6B_ov0.json
Qwen_Qwen3_Reranker_0_6B__top3_bm25_fusion_a0p75__qwen_aggregation_eval_hits50_Qwen3_Reranker_0p6B_ov0,Qwen/Qwen3-Reranker-0.6B,top3_bm25_fusion_a0p75,200,0.1400835882,0.4454663451,0.3053827569,tmp/qwen_aggregation_eval_hits50_Qwen3_Reranker_0p6B_ov0.json
Qwen_Qwen3_Reranker_0_6B__top3_bm25_fusion_a0p75__qwen_aggregation_eval_hits50_Qwen3_Reranker_0p6B_ov0,Qwen/Qwen3-Reranker-0.6B,top3_bm25_fusion_a0p75,213,0.1121597938,0.1476628154,0.0355030216,tmp/qwen_aggregation_eval_hits50_Qwen3_Reranker_0p6B_ov0.json
Qwen_Qwen3_Reranker_0_6B__top3_bm25_fusion_a0p75__qwen_aggregation_eval_hits50_Qwen3_Reranker_0p6B_ov0,Qwen/Qwen3-Reranker-0.6B,top3_bm25_fusion_a0p75,219,0.4933573156,0.2985746820,-0.1947826336,tmp/qwen_aggregation_eval_hits50_Qwen3_Reranker_0p6B_ov0.json
Qwen_Qwen3_Reranker_0_6B__top3_bm25_fusion_a0p75__qwen_aggregation_eval_hits50_Qwen3_Reranker_0p6B_ov0,Qwen/Qwen3-Reranker-0.6B,top3_bm25_fusion_a0p75,224,0.8164972119,0.5152191000,-0.3012781119,tmp/qwen_aggregation_eval_hits50_Qwen3_Reranker_0p6B_ov0.json
Qwen_Qwen3_Reranker_0_6B__top3_bm25_fusion_a0p75__qwen_aggregation_eval_hits50_Qwen3_Reranker_0p6B_ov0,Qwen/Qwen3-Reranker-0.6B,top3_bm25_fusion_a0p75,225,0.2572640430,0.2128278182,-0.0444362248,tmp/qwen_aggregation_eval_hits50_Qwen3_Reranker_0p6B_ov0.json
Qwen_Qwen3_Reranker_0_6B__top3_bm25_fusion_a0p75__qwen_aggregation_eval_hits50_Qwen3_Reranker_0p6B_ov0,Qwen/Qwen3-Reranker-0.6B,top3_bm25_fusion_a0p75,233,0.5438357471,0.5688914463,0.0250556991,tmp/qwen_aggregation_eval_hits50_Qwen3_Reranker_0p6B_ov0.json
Qwen_Qwen3_Reranker_0_6B__top3_bm25_fusion_a0p75__qwen_aggregation_eval_hits50_Qwen3_Reranker_0p6B_ov0,Qwen/Qwen3-Reranker-0.6B,top3_bm25_fusion_a0p75,273,0.3223275559,0.3641203688,0.0417928128,tmp/qwen_aggregation_eval_hits50_Qwen3_Reranker_0p6B_ov0.json
Qwen_Qwen3_Reranker_0_6B__top3_bm25_fusion_a0p75__qwen_aggregation_eval_hits50_Qwen3_Reranker_0p6B_ov0,Qwen/Qwen3-Reranker-0.6B,top3_bm25_fusion_a0p75,300,0.3546016102,0.2974182286,-0.0571833816,tmp/qwen_aggregation_eval_hits50_Qwen3_Reranker_0p6B_ov0.json
Qwen_Qwen3_Reranker_0_6B__top3_bm25_fusion_a0p75__qwen_aggregation_eval_hits50_Qwen3_Reranker_0p6B_ov0,Qwen/Qwen3-Reranker-0.6B,top3_bm25_fusion_a0p75,407,0.2786364165,0.4935780500,0.2149416335,tmp/qwen_aggregation_eval_hits50_Qwen3_Reranker_0p6B_ov0.json
Qwen_Qwen3_Reranker_0_6B__top3_bm25_fusion_a0p75__qwen_aggregation_eval_hits50_Qwen3_Reranker_0p6B_ov0,Qwen/Qwen3-Reranker-0.6B,top3_bm25_fusion_a0p75,477,0.4559153326,0.5255042523,0.0695889197,tmp/qwen_aggregation_eval_hits50_Qwen3_Reranker_0p6B_ov0.json
Qwen_Qwen3_Reranker_0_6B__top3_bm25_fusion_a0p75__qwen_aggregation_eval_hits50_Qwen3_Reranker_0p6B_ov0,Qwen/Qwen3-Reranker-0.6B,top3_bm25_fusion_a0p75,499,0.6816109119,0.7298078943,0.0481969824,tmp/qwen_aggregation_eval_hits50_Qwen3_Reranker_0p6B_ov0.json
Qwen_Qwen3_Reranker_0_6B__top3_bm25_fusion_a0p75__qwen_aggregation_eval_hits50_Qwen3_Reranker_0p6B_ov0,Qwen/Qwen3-Reranker-0.6B,top3_bm25_fusion_a0p75,515,0.2299254607,0.2044632733,-0.0254621874,tmp/qwen_aggregation_eval_hits50_Qwen3_Reranker_0p6B_ov0.json
Qwen_Qwen3_Reranker_0_6B__top3_bm25_fusion_a0p75__qwen_aggregation_eval_hits50_Qwen3_Reranker_0p6B_ov0,Qwen/Qwen3-Reranker-0.6B,top3_bm25_fusion_a0p75,707,0.2026664542,0.3927319257,0.1900654715,tmp/qwen_aggregation_eval_hits50_Qwen3_Reranker_0p6B_ov0.json
Qwen_Qwen3_Reranker_0_6B__top3_bm25_fusion_a0p75__qwen_aggregation_eval_hits50_Qwen3_Reranker_0p6B_ov0,Qwen/Qwen3-Reranker-0.6B,top3_bm25_fusion_a0p75,897,0.3048742399,0.3987422701,0.0938680301,tmp/qwen_aggregation_eval_hits50_Qwen3_Reranker_0p6B_ov0.json
Qwen_Qwen3_Reranker_0_6B__top3_bm25_fusion_a0p85__qwen_aggregation_eval_hits50_Qwen3_Reranker_0p6B,Qwen/Qwen3-Reranker-0.6B,top3_bm25_fusion_a0p85,14,0.3553332721,0.4396663083,0.0843330362,tmp/qwen_aggregation_eval_hits50_Qwen3_Reranker_0p6B.json
Qwen_Qwen3_Reranker_0_6B__top3_bm25_fusion_a0p85__qwen_aggregation_eval_hits50_Qwen3_Reranker_0p6B,Qwen/Qwen3-Reranker-0.6B,top3_bm25_fusion_a0p85,31,0.8478053202,0.6406216849,-0.2071836353,tmp/qwen_aggregation_eval_hits50_Qwen3_Reranker_0p6B.json
Qwen_Qwen3_Reranker_0_6B__top3_bm25_fusion_a0p85__qwen_aggregation_eval_hits50_Qwen3_Reranker_0p6B,Qwen/Qwen3-Reranker-0.6B,top3_bm25_fusion_a0p85,37,0.6389817974,0.4646162419,-0.1743655554,tmp/qwen_aggregation_eval_hits50_Qwen3_Reranker_0p6B.json
Qwen_Qwen3_Reranker_0_6B__top3_bm25_fusion_a0p85__qwen_aggregation_eval_hits50_Qwen3_Reranker_0p6B,Qwen/Qwen3-Reranker-0.6B,top3_bm25_fusion_a0p85,58,0.5008083446,0.5274181721,0.0266098275,tmp/qwen_aggregation_eval_hits50_Qwen3_Reranker_0p6B.json
Qwen_Qwen3_Reranker_0_6B__top3_bm25_fusion_a0p85__qwen_aggregation_eval_hits50_Qwen3_Reranker_0p6B,Qwen/Qwen3-Reranker-0.6B,top3_bm25_fusion_a0p85,72,0.3236594717,0.4394655172,0.1158060456,tmp/qwen_aggregation_eval_hits50_Qwen3_Reranker_0p6B.json
Qwen_Qwen3_Reranker_0_6B__top3_bm25_fusion_a0p85__qwen_aggregation_eval_hits50_Qwen3_Reranker_0p6B,Qwen/Qwen3-Reranker-0.6B,top3_bm25_fusion_a0p85,84,0.4918004153,0.5469566679,0.0551562526,tmp/qwen_aggregation_eval_hits50_Qwen3_Reranker_0p6B.json
Qwen_Qwen3_Reranker_0_6B__top3_bm25_fusion_a0p85__qwen_aggregation_eval_hits50_Qwen3_Reranker_0p6B,Qwen/Qwen3-Reranker-0.6B,top3_bm25_fusion_a0p85,144,0.0886758433,0.2031865341,0.1145106908,tmp/qwen_aggregation_eval_hits50_Qwen3_Reranker_0p6B.json
Qwen_Qwen3_Reranker_0_6B__top3_bm25_fusion_a0p85__qwen_aggregation_eval_hits50_Qwen3_Reranker_0p6B,Qwen/Qwen3-Reranker-0.6B,top3_bm25_fusion_a0p85,161,0.6663255611,0.6602603284,-0.0060652327,tmp/qwen_aggregation_eval_hits50_Qwen3_Reranker_0p6B.json
Qwen_Qwen3_Reranker_0_6B__top3_bm25_fusion_a0p85__qwen_aggregation_eval_hits50_Qwen3_Reranker_0p6B,Qwen/Qwen3-Reranker-0.6B,top3_bm25_fusion_a0p85,200,0.1400835882,0.4638613214,0.3237777332,tmp/qwen_aggregation_eval_hits50_Qwen3_Reranker_0p6B.json
Qwen_Qwen3_Reranker_0_6B__top3_bm25_fusion_a0p85__qwen_aggregation_eval_hits50_Qwen3_Reranker_0p6B,Qwen/Qwen3-Reranker-0.6B,top3_bm25_fusion_a0p85,213,0.1121597938,0.1553720988,0.0432123050,tmp/qwen_aggregation_eval_hits50_Qwen3_Reranker_0p6B.json
Qwen_Qwen3_Reranker_0_6B__top3_bm25_fusion_a0p85__qwen_aggregation_eval_hits50_Qwen3_Reranker_0p6B,Qwen/Qwen3-Reranker-0.6B,top3_bm25_fusion_a0p85,219,0.4933573156,0.4572131809,-0.0361441347,tmp/qwen_aggregation_eval_hits50_Qwen3_Reranker_0p6B.json
Qwen_Qwen3_Reranker_0_6B__top3_bm25_fusion_a0p85__qwen_aggregation_eval_hits50_Qwen3_Reranker_0p6B,Qwen/Qwen3-Reranker-0.6B,top3_bm25_fusion_a0p85,224,0.8164972119,0.4861696780,-0.3303275339,tmp/qwen_aggregation_eval_hits50_Qwen3_Reranker_0p6B.json
Qwen_Qwen3_Reranker_0_6B__top3_bm25_fusion_a0p85__qwen_aggregation_eval_hits50_Qwen3_Reranker_0p6B,Qwen/Qwen3-Reranker-0.6B,top3_bm25_fusion_a0p85,225,0.2572640430,0.2182956312,-0.0389684118,tmp/qwen_aggregation_eval_hits50_Qwen3_Reranker_0p6B.json
Qwen_Qwen3_Reranker_0_6B__top3_bm25_fusion_a0p85__qwen_aggregation_eval_hits50_Qwen3_Reranker_0p6B,Qwen/Qwen3-Reranker-0.6B,top3_bm25_fusion_a0p85,233,0.5438357471,0.5095120439,-0.0343237032,tmp/qwen_aggregation_eval_hits50_Qwen3_Reranker_0p6B.json
Qwen_Qwen3_Reranker_0_6B__top3_bm25_fusion_a0p85__qwen_aggregation_eval_hits50_Qwen3_Reranker_0p6B,Qwen/Qwen3-Reranker-0.6B,top3_bm25_fusion_a0p85,273,0.3223275559,0.3453414245,0.0230138686,tmp/qwen_aggregation_eval_hits50_Qwen3_Reranker_0p6B.json
Qwen_Qwen3_Reranker_0_6B__top3_bm25_fusion_a0p85__qwen_aggregation_eval_hits50_Qwen3_Reranker_0p6B,Qwen/Qwen3-Reranker-0.6B,top3_bm25_fusion_a0p85,300,0.3546016102,0.4673349738,0.1127333636,tmp/qwen_aggregation_eval_hits50_Qwen3_Reranker_0p6B.json
Qwen_Qwen3_Reranker_0_6B__top3_bm25_fusion_a0p85__qwen_aggregation_eval_hits50_Qwen3_Reranker_0p6B,Qwen/Qwen3-Reranker-0.6B,top3_bm25_fusion_a0p85,407,0.2786364165,0.5185316235,0.2398952070,tmp/qwen_aggregation_eval_hits50_Qwen3_Reranker_0p6B.json
Qwen_Qwen3_Reranker_0_6B__top3_bm25_fusion_a0p85__qwen_aggregation_eval_hits50_Qwen3_Reranker_0p6B,Qwen/Qwen3-Reranker-0.6B,top3_bm25_fusion_a0p85,477,0.4559153326,0.6201512293,0.1642358966,tmp/qwen_aggregation_eval_hits50_Qwen3_Reranker_0p6B.json
Qwen_Qwen3_Reranker_0_6B__top3_bm25_fusion_a0p85__qwen_aggregation_eval_hits50_Qwen3_Reranker_0p6B,Qwen/Qwen3-Reranker-0.6B,top3_bm25_fusion_a0p85,499,0.6816109119,0.7702417565,0.0886308446,tmp/qwen_aggregation_eval_hits50_Qwen3_Reranker_0p6B.json
Qwen_Qwen3_Reranker_0_6B__top3_bm25_fusion_a0p85__qwen_aggregation_eval_hits50_Qwen3_Reranker_0p6B,Qwen/Qwen3-Reranker-0.6B,top3_bm25_fusion_a0p85,515,0.2299254607,0.2165696341,-0.0133558267,tmp/qwen_aggregation_eval_hits50_Qwen3_Reranker_0p6B.json
Qwen_Qwen3_Reranker_0_6B__top3_bm25_fusion_a0p85__qwen_aggregation_eval_hits50_Qwen3_Reranker_0p6B,Qwen/Qwen3-Reranker-0.6B,top3_bm25_fusion_a0p85,707,0.2026664542,0.2988820459,0.0962155917,tmp/qwen_aggregation_eval_hits50_Qwen3_Reranker_0p6B.json
Qwen_Qwen3_Reranker_0_6B__top3_bm25_fusion_a0p85__qwen_aggregation_eval_hits50_Qwen3_Reranker_0p6B,Qwen/Qwen3-Reranker-0.6B,top3_bm25_fusion_a0p85,897,0.3048742399,0.3627116902,0.0578374503,tmp/qwen_aggregation_eval_hits50_Qwen3_Reranker_0p6B.json
Qwen_Qwen3_Reranker_0_6B__top3_bm25_fusion_a0p85__qwen_aggregation_eval_hits50_Qwen3_Reranker_0p6B_gap2000,Qwen/Qwen3-Reranker-0.6B,top3_bm25_fusion_a0p85,14,0.3553332721,0.4139098861,0.0585766140,tmp/qwen_aggregation_eval_hits50_Qwen3_Reranker_0p6B_gap2000.json
Qwen_Qwen3_Reranker_0_6B__top3_bm25_fusion_a0p85__qwen_aggregation_eval_hits50_Qwen3_Reranker_0p6B_gap2000,Qwen/Qwen3-Reranker-0.6B,top3_bm25_fusion_a0p85,31,0.8478053202,0.7157983090,-0.1320070112,tmp/qwen_aggregation_eval_hits50_Qwen3_Reranker_0p6B_gap2000.json
Qwen_Qwen3_Reranker_0_6B__top3_bm25_fusion_a0p85__qwen_aggregation_eval_hits50_Qwen3_Reranker_0p6B_gap2000,Qwen/Qwen3-Reranker-0.6B,top3_bm25_fusion_a0p85,37,0.6389817974,0.4165682025,-0.2224135949,tmp/qwen_aggregation_eval_hits50_Qwen3_Reranker_0p6B_gap2000.json
Qwen_Qwen3_Reranker_0_6B__top3_bm25_fusion_a0p85__qwen_aggregation_eval_hits50_Qwen3_Reranker_0p6B_gap2000,Qwen/Qwen3-Reranker-0.6B,top3_bm25_fusion_a0p85,58,0.5008083446,0.4882814389,-0.0125269057,tmp/qwen_aggregation_eval_hits50_Qwen3_Reranker_0p6B_gap2000.json
Qwen_Qwen3_Reranker_0_6B__top3_bm25_fusion_a0p85__qwen_aggregation_eval_hits50_Qwen3_Reranker_0p6B_gap2000,Qwen/Qwen3-Reranker-0.6B,top3_bm25_fusion_a0p85,72,0.3236594717,0.4394655172,0.1158060456,tmp/qwen_aggregation_eval_hits50_Qwen3_Reranker_0p6B_gap2000.json
Qwen_Qwen3_Reranker_0_6B__top3_bm25_fusion_a0p85__qwen_aggregation_eval_hits50_Qwen3_Reranker_0p6B_gap2000,Qwen/Qwen3-Reranker-0.6B,top3_bm25_fusion_a0p85,84,0.4918004153,0.4388124126,-0.0529880027,tmp/qwen_aggregation_eval_hits50_Qwen3_Reranker_0p6B_gap2000.json
Qwen_Qwen3_Reranker_0_6B__top3_bm25_fusion_a0p85__qwen_aggregation_eval_hits50_Qwen3_Reranker_0p6B_gap2000,Qwen/Qwen3-Reranker-0.6B,top3_bm25_fusion_a0p85,144,0.0886758433,0.1951246441,0.1064488008,tmp/qwen_aggregation_eval_hits50_Qwen3_Reranker_0p6B_gap2000.json
Qwen_Qwen3_Reranker_0_6B__top3_bm25_fusion_a0p85__qwen_aggregation_eval_hits50_Qwen3_Reranker_0p6B_gap2000,Qwen/Qwen3-Reranker-0.6B,top3_bm25_fusion_a0p85,161,0.6663255611,0.7013961359,0.0350705748,tmp/qwen_aggregation_eval_hits50_Qwen3_Reranker_0p6B_gap2000.json
Qwen_Qwen3_Reranker_0_6B__top3_bm25_fusion_a0p85__qwen_aggregation_eval_hits50_Qwen3_Reranker_0p6B_gap2000,Qwen/Qwen3-Reranker-0.6B,top3_bm25_fusion_a0p85,200,0.1400835882,0.5761840673,0.4361004791,tmp/qwen_aggregation_eval_hits50_Qwen3_Reranker_0p6B_gap2000.json
Qwen_Qwen3_Reranker_0_6B__top3_bm25_fusion_a0p85__qwen_aggregation_eval_hits50_Qwen3_Reranker_0p6B_gap2000,Qwen/Qwen3-Reranker-0.6B,top3_bm25_fusion_a0p85,213,0.1121597938,0.1491735567,0.0370137629,tmp/qwen_aggregation_eval_hits50_Qwen3_Reranker_0p6B_gap2000.json
Qwen_Qwen3_Reranker_0_6B__top3_bm25_fusion_a0p85__qwen_aggregation_eval_hits50_Qwen3_Reranker_0p6B_gap2000,Qwen/Qwen3-Reranker-0.6B,top3_bm25_fusion_a0p85,219,0.4933573156,0.3622016876,-0.1311556280,tmp/qwen_aggregation_eval_hits50_Qwen3_Reranker_0p6B_gap2000.json
Qwen_Qwen3_Reranker_0_6B__top3_bm25_fusion_a0p85__qwen_aggregation_eval_hits50_Qwen3_Reranker_0p6B_gap2000,Qwen/Qwen3-Reranker-0.6B,top3_bm25_fusion_a0p85,224,0.8164972119,0.5249436446,-0.2915535673,tmp/qwen_aggregation_eval_hits50_Qwen3_Reranker_0p6B_gap2000.json
Qwen_Qwen3_Reranker_0_6B__top3_bm25_fusion_a0p85__qwen_aggregation_eval_hits50_Qwen3_Reranker_0p6B_gap2000,Qwen/Qwen3-Reranker-0.6B,top3_bm25_fusion_a0p85,225,0.2572640430,0.2155939839,-0.0416700591,tmp/qwen_aggregation_eval_hits50_Qwen3_Reranker_0p6B_gap2000.json
Qwen_Qwen3_Reranker_0_6B__top3_bm25_fusion_a0p85__qwen_aggregation_eval_hits50_Qwen3_Reranker_0p6B_gap2000,Qwen/Qwen3-Reranker-0.6B,top3_bm25_fusion_a0p85,233,0.5438357471,0.5205956818,-0.0232400654,tmp/qwen_aggregation_eval_hits50_Qwen3_Reranker_0p6B_gap2000.json
Qwen_Qwen3_Reranker_0_6B__top3_bm25_fusion_a0p85__qwen_aggregation_eval_hits50_Qwen3_Reranker_0p6B_gap2000,Qwen/Qwen3-Reranker-0.6B,top3_bm25_fusion_a0p85,273,0.3223275559,0.3518280486,0.0295004926,tmp/qwen_aggregation_eval_hits50_Qwen3_Reranker_0p6B_gap2000.json
Qwen_Qwen3_Reranker_0_6B__top3_bm25_fusion_a0p85__qwen_aggregation_eval_hits50_Qwen3_Reranker_0p6B_gap2000,Qwen/Qwen3-Reranker-0.6B,top3_bm25_fusion_a0p85,300,0.3546016102,0.4328465875,0.0782449773,tmp/qwen_aggregation_eval_hits50_Qwen3_Reranker_0p6B_gap2000.json
Qwen_Qwen3_Reranker_0_6B__top3_bm25_fusion_a0p85__qwen_aggregation_eval_hits50_Qwen3_Reranker_0p6B_gap2000,Qwen/Qwen3-Reranker-0.6B,top3_bm25_fusion_a0p85,407,0.2786364165,0.5127503246,0.2341139082,tmp/qwen_aggregation_eval_hits50_Qwen3_Reranker_0p6B_gap2000.json
Qwen_Qwen3_Reranker_0_6B__top3_bm25_fusion_a0p85__qwen_aggregation_eval_hits50_Qwen3_Reranker_0p6B_gap2000,Qwen/Qwen3-Reranker-0.6B,top3_bm25_fusion_a0p85,477,0.4559153326,0.5363997173,0.0804843847,tmp/qwen_aggregation_eval_hits50_Qwen3_Reranker_0p6B_gap2000.json
Qwen_Qwen3_Reranker_0_6B__top3_bm25_fusion_a0p85__qwen_aggregation_eval_hits50_Qwen3_Reranker_0p6B_gap2000,Qwen/Qwen3-Reranker-0.6B,top3_bm25_fusion_a0p85,499,0.6816109119,0.5817646870,-0.0998462248,tmp/qwen_aggregation_eval_hits50_Qwen3_Reranker_0p6B_gap2000.json
Qwen_Qwen3_Reranker_0_6B__top3_bm25_fusion_a0p85__qwen_aggregation_eval_hits50_Qwen3_Reranker_0p6B_gap2000,Qwen/Qwen3-Reranker-0.6B,top3_bm25_fusion_a0p85,515,0.2299254607,0.2338148973,0.0038894366,tmp/qwen_aggregation_eval_hits50_Qwen3_Reranker_0p6B_gap2000.json
Qwen_Qwen3_Reranker_0_6B__top3_bm25_fusion_a0p85__qwen_aggregation_eval_hits50_Qwen3_Reranker_0p6B_gap2000,Qwen/Qwen3-Reranker-0.6B,top3_bm25_fusion_a0p85,707,0.2026664542,0.3113992531,0.1087327989,tmp/qwen_aggregation_eval_hits50_Qwen3_Reranker_0p6B_gap2000.json
Qwen_Qwen3_Reranker_0_6B__top3_bm25_fusion_a0p85__qwen_aggregation_eval_hits50_Qwen3_Reranker_0p6B_gap2000,Qwen/Qwen3-Reranker-0.6B,top3_bm25_fusion_a0p85,897,0.3048742399,0.3404092045,0.0355349646,tmp/qwen_aggregation_eval_hits50_Qwen3_Reranker_0p6B_gap2000.json
Qwen_Qwen3_Reranker_0_6B__top3_bm25_fusion_a0p85__qwen_aggregation_eval_hits50_Qwen3_Reranker_0p6B_gap3000,Qwen/Qwen3-Reranker-0.6B,top3_bm25_fusion_a0p85,14,0.3553332721,0.4139098861,0.0585766140,tmp/qwen_aggregation_eval_hits50_Qwen3_Reranker_0p6B_gap3000.json
Qwen_Qwen3_Reranker_0_6B__top3_bm25_fusion_a0p85__qwen_aggregation_eval_hits50_Qwen3_Reranker_0p6B_gap3000,Qwen/Qwen3-Reranker-0.6B,top3_bm25_fusion_a0p85,31,0.8478053202,0.7157983090,-0.1320070112,tmp/qwen_aggregation_eval_hits50_Qwen3_Reranker_0p6B_gap3000.json
Qwen_Qwen3_Reranker_0_6B__top3_bm25_fusion_a0p85__qwen_aggregation_eval_hits50_Qwen3_Reranker_0p6B_gap3000,Qwen/Qwen3-Reranker-0.6B,top3_bm25_fusion_a0p85,37,0.6389817974,0.4165682025,-0.2224135949,tmp/qwen_aggregation_eval_hits50_Qwen3_Reranker_0p6B_gap3000.json
Qwen_Qwen3_Reranker_0_6B__top3_bm25_fusion_a0p85__qwen_aggregation_eval_hits50_Qwen3_Reranker_0p6B_gap3000,Qwen/Qwen3-Reranker-0.6B,top3_bm25_fusion_a0p85,58,0.5008083446,0.4882814389,-0.0125269057,tmp/qwen_aggregation_eval_hits50_Qwen3_Reranker_0p6B_gap3000.json
Qwen_Qwen3_Reranker_0_6B__top3_bm25_fusion_a0p85__qwen_aggregation_eval_hits50_Qwen3_Reranker_0p6B_gap3000,Qwen/Qwen3-Reranker-0.6B,top3_bm25_fusion_a0p85,72,0.3236594717,0.4394655172,0.1158060456,tmp/qwen_aggregation_eval_hits50_Qwen3_Reranker_0p6B_gap3000.json
Qwen_Qwen3_Reranker_0_6B__top3_bm25_fusion_a0p85__qwen_aggregation_eval_hits50_Qwen3_Reranker_0p6B_gap3000,Qwen/Qwen3-Reranker-0.6B,top3_bm25_fusion_a0p85,84,0.4918004153,0.4388124126,-0.0529880027,tmp/qwen_aggregation_eval_hits50_Qwen3_Reranker_0p6B_gap3000.json
Qwen_Qwen3_Reranker_0_6B__top3_bm25_fusion_a0p85__qwen_aggregation_eval_hits50_Qwen3_Reranker_0p6B_gap3000,Qwen/Qwen3-Reranker-0.6B,top3_bm25_fusion_a0p85,144,0.0886758433,0.1951246441,0.1064488008,tmp/qwen_aggregation_eval_hits50_Qwen3_Reranker_0p6B_gap3000.json
Qwen_Qwen3_Reranker_0_6B__top3_bm25_fusion_a0p85__qwen_aggregation_eval_hits50_Qwen3_Reranker_0p6B_gap3000,Qwen/Qwen3-Reranker-0.6B,top3_bm25_fusion_a0p85,161,0.6663255611,0.7013961359,0.0350705748,tmp/qwen_aggregation_eval_hits50_Qwen3_Reranker_0p6B_gap3000.json
Qwen_Qwen3_Reranker_0_6B__top3_bm25_fusion_a0p85__qwen_aggregation_eval_hits50_Qwen3_Reranker_0p6B_gap3000,Qwen/Qwen3-Reranker-0.6B,top3_bm25_fusion_a0p85,200,0.1400835882,0.5761840673,0.4361004791,tmp/qwen_aggregation_eval_hits50_Qwen3_Reranker_0p6B_gap3000.json
Qwen_Qwen3_Reranker_0_6B__top3_bm25_fusion_a0p85__qwen_aggregation_eval_hits50_Qwen3_Reranker_0p6B_gap3000,Qwen/Qwen3-Reranker-0.6B,top3_bm25_fusion_a0p85,213,0.1121597938,0.1491735567,0.0370137629,tmp/qwen_aggregation_eval_hits50_Qwen3_Reranker_0p6B_gap3000.json
Qwen_Qwen3_Reranker_0_6B__top3_bm25_fusion_a0p85__qwen_aggregation_eval_hits50_Qwen3_Reranker_0p6B_gap3000,Qwen/Qwen3-Reranker-0.6B,top3_bm25_fusion_a0p85,219,0.4933573156,0.3622016876,-0.1311556280,tmp/qwen_aggregation_eval_hits50_Qwen3_Reranker_0p6B_gap3000.json
Qwen_Qwen3_Reranker_0_6B__top3_bm25_fusion_a0p85__qwen_aggregation_eval_hits50_Qwen3_Reranker_0p6B_gap3000,Qwen/Qwen3-Reranker-0.6B,top3_bm25_fusion_a0p85,224,0.8164972119,0.5249436446,-0.2915535673,tmp/qwen_aggregation_eval_hits50_Qwen3_Reranker_0p6B_gap3000.json
Qwen_Qwen3_Reranker_0_6B__top3_bm25_fusion_a0p85__qwen_aggregation_eval_hits50_Qwen3_Reranker_0p6B_gap3000,Qwen/Qwen3-Reranker-0.6B,top3_bm25_fusion_a0p85,225,0.2572640430,0.2155939839,-0.0416700591,tmp/qwen_aggregation_eval_hits50_Qwen3_Reranker_0p6B_gap3000.json
Qwen_Qwen3_Reranker_0_6B__top3_bm25_fusion_a0p85__qwen_aggregation_eval_hits50_Qwen3_Reranker_0p6B_gap3000,Qwen/Qwen3-Reranker-0.6B,top3_bm25_fusion_a0p85,233,0.5438357471,0.5205956818,-0.0232400654,tmp/qwen_aggregation_eval_hits50_Qwen3_Reranker_0p6B_gap3000.json
Qwen_Qwen3_Reranker_0_6B__top3_bm25_fusion_a0p85__qwen_aggregation_eval_hits50_Qwen3_Reranker_0p6B_gap3000,Qwen/Qwen3-Reranker-0.6B,top3_bm25_fusion_a0p85,273,0.3223275559,0.3518280486,0.0295004926,tmp/qwen_aggregation_eval_hits50_Qwen3_Reranker_0p6B_gap3000.json
Qwen_Qwen3_Reranker_0_6B__top3_bm25_fusion_a0p85__qwen_aggregation_eval_hits50_Qwen3_Reranker_0p6B_gap3000,Qwen/Qwen3-Reranker-0.6B,top3_bm25_fusion_a0p85,300,0.3546016102,0.4328465875,0.0782449773,tmp/qwen_aggregation_eval_hits50_Qwen3_Reranker_0p6B_gap3000.json
Qwen_Qwen3_Reranker_0_6B__top3_bm25_fusion_a0p85__qwen_aggregation_eval_hits50_Qwen3_Reranker_0p6B_gap3000,Qwen/Qwen3-Reranker-0.6B,top3_bm25_fusion_a0p85,407,0.2786364165,0.5127503246,0.2341139082,tmp/qwen_aggregation_eval_hits50_Qwen3_Reranker_0p6B_gap3000.json
Qwen_Qwen3_Reranker_0_6B__top3_bm25_fusion_a0p85__qwen_aggregation_eval_hits50_Qwen3_Reranker_0p6B_gap3000,Qwen/Qwen3-Reranker-0.6B,top3_bm25_fusion_a0p85,477,0.4559153326,0.5363997173,0.0804843847,tmp/qwen_aggregation_eval_hits50_Qwen3_Reranker_0p6B_gap3000.json
Qwen_Qwen3_Reranker_0_6B__top3_bm25_fusion_a0p85__qwen_aggregation_eval_hits50_Qwen3_Reranker_0p6B_gap3000,Qwen/Qwen3-Reranker-0.6B,top3_bm25_fusion_a0p85,499,0.6816109119,0.5817646870,-0.0998462248,tmp/qwen_aggregation_eval_hits50_Qwen3_Reranker_0p6B_gap3000.json
Qwen_Qwen3_Reranker_0_6B__top3_bm25_fusion_a0p85__qwen_aggregation_eval_hits50_Qwen3_Reranker_0p6B_gap3000,Qwen/Qwen3-Reranker-0.6B,top3_bm25_fusion_a0p85,515,0.2299254607,0.2338148973,0.0038894366,tmp/qwen_aggregation_eval_hits50_Qwen3_Reranker_0p6B_gap3000.json
Qwen_Qwen3_Reranker_0_6B__top3_bm25_fusion_a0p85__qwen_aggregation_eval_hits50_Qwen3_Reranker_0p6B_gap3000,Qwen/Qwen3-Reranker-0.6B,top3_bm25_fusion_a0p85,707,0.2026664542,0.3113992531,0.1087327989,tmp/qwen_aggregation_eval_hits50_Qwen3_Reranker_0p6B_gap3000.json
Qwen_Qwen3_Reranker_0_6B__top3_bm25_fusion_a0p85__qwen_aggregation_eval_hits50_Qwen3_Reranker_0p6B_gap3000,Qwen/Qwen3-Reranker-0.6B,top3_bm25_fusion_a0p85,897,0.3048742399,0.3404092045,0.0355349646,tmp/qwen_aggregation_eval_hits50_Qwen3_Reranker_0p6B_gap3000.json
Qwen_Qwen3_Reranker_0_6B__top3_bm25_fusion_a0p85__qwen_aggregation_eval_hits50_Qwen3_Reranker_0p6B_ov0,Qwen/Qwen3-Reranker-0.6B,top3_bm25_fusion_a0p85,14,0.3553332721,0.4550184835,0.0996852114,tmp/qwen_aggregation_eval_hits50_Qwen3_Reranker_0p6B_ov0.json
Qwen_Qwen3_Reranker_0_6B__top3_bm25_fusion_a0p85__qwen_aggregation_eval_hits50_Qwen3_Reranker_0p6B_ov0,Qwen/Qwen3-Reranker-0.6B,top3_bm25_fusion_a0p85,31,0.8478053202,0.7139996827,-0.1338056375,tmp/qwen_aggregation_eval_hits50_Qwen3_Reranker_0p6B_ov0.json
Qwen_Qwen3_Reranker_0_6B__top3_bm25_fusion_a0p85__qwen_aggregation_eval_hits50_Qwen3_Reranker_0p6B_ov0,Qwen/Qwen3-Reranker-0.6B,top3_bm25_fusion_a0p85,37,0.6389817974,0.4605006034,-0.1784811940,tmp/qwen_aggregation_eval_hits50_Qwen3_Reranker_0p6B_ov0.json
Qwen_Qwen3_Reranker_0_6B__top3_bm25_fusion_a0p85__qwen_aggregation_eval_hits50_Qwen3_Reranker_0p6B_ov0,Qwen/Qwen3-Reranker-0.6B,top3_bm25_fusion_a0p85,58,0.5008083446,0.4703873159,-0.0304210288,tmp/qwen_aggregation_eval_hits50_Qwen3_Reranker_0p6B_ov0.json
Qwen_Qwen3_Reranker_0_6B__top3_bm25_fusion_a0p85__qwen_aggregation_eval_hits50_Qwen3_Reranker_0p6B_ov0,Qwen/Qwen3-Reranker-0.6B,top3_bm25_fusion_a0p85,72,0.3236594717,0.4394655172,0.1158060456,tmp/qwen_aggregation_eval_hits50_Qwen3_Reranker_0p6B_ov0.json
Qwen_Qwen3_Reranker_0_6B__top3_bm25_fusion_a0p85__qwen_aggregation_eval_hits50_Qwen3_Reranker_0p6B_ov0,Qwen/Qwen3-Reranker-0.6B,top3_bm25_fusion_a0p85,84,0.4918004153,0.5456141754,0.0538137601,tmp/qwen_aggregation_eval_hits50_Qwen3_Reranker_0p6B_ov0.json
Qwen_Qwen3_Reranker_0_6B__top3_bm25_fusion_a0p85__qwen_aggregation_eval_hits50_Qwen3_Reranker_0p6B_ov0,Qwen/Qwen3-Reranker-0.6B,top3_bm25_fusion_a0p85,144,0.0886758433,0.1972494066,0.1085735633,tmp/qwen_aggregation_eval_hits50_Qwen3_Reranker_0p6B_ov0.json
Qwen_Qwen3_Reranker_0_6B__top3_bm25_fusion_a0p85__qwen_aggregation_eval_hits50_Qwen3_Reranker_0p6B_ov0,Qwen/Qwen3-Reranker-0.6B,top3_bm25_fusion_a0p85,161,0.6663255611,0.7467245199,0.0803989588,tmp/qwen_aggregation_eval_hits50_Qwen3_Reranker_0p6B_ov0.json
Qwen_Qwen3_Reranker_0_6B__top3_bm25_fusion_a0p85__qwen_aggregation_eval_hits50_Qwen3_Reranker_0p6B_ov0,Qwen/Qwen3-Reranker-0.6B,top3_bm25_fusion_a0p85,200,0.1400835882,0.4638613214,0.3237777332,tmp/qwen_aggregation_eval_hits50_Qwen3_Reranker_0p6B_ov0.json
Qwen_Qwen3_Reranker_0_6B__top3_bm25_fusion_a0p85__qwen_aggregation_eval_hits50_Qwen3_Reranker_0p6B_ov0,Qwen/Qwen3-Reranker-0.6B,top3_bm25_fusion_a0p85,213,0.1121597938,0.1461146025,0.0339548087,tmp/qwen_aggregation_eval_hits50_Qwen3_Reranker_0p6B_ov0.json
Qwen_Qwen3_Reranker_0_6B__top3_bm25_fusion_a0p85__qwen_aggregation_eval_hits50_Qwen3_Reranker_0p6B_ov0,Qwen/Qwen3-Reranker-0.6B,top3_bm25_fusion_a0p85,219,0.4933573156,0.2908584846,-0.2024988310,tmp/qwen_aggregation_eval_hits50_Qwen3_Reranker_0p6B_ov0.json
Qwen_Qwen3_Reranker_0_6B__top3_bm25_fusion_a0p85__qwen_aggregation_eval_hits50_Qwen3_Reranker_0p6B_ov0,Qwen/Qwen3-Reranker-0.6B,top3_bm25_fusion_a0p85,224,0.8164972119,0.5206510763,-0.2958461356,tmp/qwen_aggregation_eval_hits50_Qwen3_Reranker_0p6B_ov0.json
Qwen_Qwen3_Reranker_0_6B__top3_bm25_fusion_a0p85__qwen_aggregation_eval_hits50_Qwen3_Reranker_0p6B_ov0,Qwen/Qwen3-Reranker-0.6B,top3_bm25_fusion_a0p85,225,0.2572640430,0.2352524691,-0.0220115739,tmp/qwen_aggregation_eval_hits50_Qwen3_Reranker_0p6B_ov0.json
Qwen_Qwen3_Reranker_0_6B__top3_bm25_fusion_a0p85__qwen_aggregation_eval_hits50_Qwen3_Reranker_0p6B_ov0,Qwen/Qwen3-Reranker-0.6B,top3_bm25_fusion_a0p85,233,0.5438357471,0.5265368548,-0.0172988924,tmp/qwen_aggregation_eval_hits50_Qwen3_Reranker_0p6B_ov0.json
Qwen_Qwen3_Reranker_0_6B__top3_bm25_fusion_a0p85__qwen_aggregation_eval_hits50_Qwen3_Reranker_0p6B_ov0,Qwen/Qwen3-Reranker-0.6B,top3_bm25_fusion_a0p85,273,0.3223275559,0.3340726292,0.0117450732,tmp/qwen_aggregation_eval_hits50_Qwen3_Reranker_0p6B_ov0.json
Qwen_Qwen3_Reranker_0_6B__top3_bm25_fusion_a0p85__qwen_aggregation_eval_hits50_Qwen3_Reranker_0p6B_ov0,Qwen/Qwen3-Reranker-0.6B,top3_bm25_fusion_a0p85,300,0.3546016102,0.2836930130,-0.0709085972,tmp/qwen_aggregation_eval_hits50_Qwen3_Reranker_0p6B_ov0.json
Qwen_Qwen3_Reranker_0_6B__top3_bm25_fusion_a0p85__qwen_aggregation_eval_hits50_Qwen3_Reranker_0p6B_ov0,Qwen/Qwen3-Reranker-0.6B,top3_bm25_fusion_a0p85,407,0.2786364165,0.4908549084,0.2122184919,tmp/qwen_aggregation_eval_hits50_Qwen3_Reranker_0p6B_ov0.json
Qwen_Qwen3_Reranker_0_6B__top3_bm25_fusion_a0p85__qwen_aggregation_eval_hits50_Qwen3_Reranker_0p6B_ov0,Qwen/Qwen3-Reranker-0.6B,top3_bm25_fusion_a0p85,477,0.4559153326,0.5289683626,0.0730530300,tmp/qwen_aggregation_eval_hits50_Qwen3_Reranker_0p6B_ov0.json
Qwen_Qwen3_Reranker_0_6B__top3_bm25_fusion_a0p85__qwen_aggregation_eval_hits50_Qwen3_Reranker_0p6B_ov0,Qwen/Qwen3-Reranker-0.6B,top3_bm25_fusion_a0p85,499,0.6816109119,0.7702417565,0.0886308446,tmp/qwen_aggregation_eval_hits50_Qwen3_Reranker_0p6B_ov0.json
Qwen_Qwen3_Reranker_0_6B__top3_bm25_fusion_a0p85__qwen_aggregation_eval_hits50_Qwen3_Reranker_0p6B_ov0,Qwen/Qwen3-Reranker-0.6B,top3_bm25_fusion_a0p85,515,0.2299254607,0.2150071022,-0.0149183585,tmp/qwen_aggregation_eval_hits50_Qwen3_Reranker_0p6B_ov0.json
Qwen_Qwen3_Reranker_0_6B__top3_bm25_fusion_a0p85__qwen_aggregation_eval_hits50_Qwen3_Reranker_0p6B_ov0,Qwen/Qwen3-Reranker-0.6B,top3_bm25_fusion_a0p85,707,0.2026664542,0.4088940087,0.2062275545,tmp/qwen_aggregation_eval_hits50_Qwen3_Reranker_0p6B_ov0.json
Qwen_Qwen3_Reranker_0_6B__top3_bm25_fusion_a0p85__qwen_aggregation_eval_hits50_Qwen3_Reranker_0p6B_ov0,Qwen/Qwen3-Reranker-0.6B,top3_bm25_fusion_a0p85,897,0.3048742399,0.3574305889,0.0525563490,tmp/qwen_aggregation_eval_hits50_Qwen3_Reranker_0p6B_ov0.json
Qwen_Qwen3_Reranker_0_6B__top3_weighted__qwen_aggregation_eval_hits20_Qwen3_Reranker_0p6B,Qwen/Qwen3-Reranker-0.6B,top3_weighted,14,0.3553332721,0.4468771320,0.0915438599,tmp/qwen_aggregation_eval_hits20_Qwen3_Reranker_0p6B.json
Qwen_Qwen3_Reranker_0_6B__top3_weighted__qwen_aggregation_eval_hits20_Qwen3_Reranker_0p6B,Qwen/Qwen3-Reranker-0.6B,top3_weighted,31,0.8478053202,0.6699672537,-0.1778380665,tmp/qwen_aggregation_eval_hits20_Qwen3_Reranker_0p6B.json
Qwen_Qwen3_Reranker_0_6B__top3_weighted__qwen_aggregation_eval_hits20_Qwen3_Reranker_0p6B,Qwen/Qwen3-Reranker-0.6B,top3_weighted,37,0.6389817974,0.5037847277,-0.1351970696,tmp/qwen_aggregation_eval_hits20_Qwen3_Reranker_0p6B.json
Qwen_Qwen3_Reranker_0_6B__top3_weighted__qwen_aggregation_eval_hits20_Qwen3_Reranker_0p6B,Qwen/Qwen3-Reranker-0.6B,top3_weighted,58,0.5008083446,0.5840025616,0.0831942170,tmp/qwen_aggregation_eval_hits20_Qwen3_Reranker_0p6B.json
Qwen_Qwen3_Reranker_0_6B__top3_weighted__qwen_aggregation_eval_hits20_Qwen3_Reranker_0p6B,Qwen/Qwen3-Reranker-0.6B,top3_weighted,72,0.3236594717,0.7963486934,0.4726892218,tmp/qwen_aggregation_eval_hits20_Qwen3_Reranker_0p6B.json
Qwen_Qwen3_Reranker_0_6B__top3_weighted__qwen_aggregation_eval_hits20_Qwen3_Reranker_0p6B,Qwen/Qwen3-Reranker-0.6B,top3_weighted,84,0.4918004153,0.4505975314,-0.0412028838,tmp/qwen_aggregation_eval_hits20_Qwen3_Reranker_0p6B.json
Qwen_Qwen3_Reranker_0_6B__top3_weighted__qwen_aggregation_eval_hits20_Qwen3_Reranker_0p6B,Qwen/Qwen3-Reranker-0.6B,top3_weighted,144,0.0886758433,0.1612229336,0.0725470903,tmp/qwen_aggregation_eval_hits20_Qwen3_Reranker_0p6B.json
Qwen_Qwen3_Reranker_0_6B__top3_weighted__qwen_aggregation_eval_hits20_Qwen3_Reranker_0p6B,Qwen/Qwen3-Reranker-0.6B,top3_weighted,161,0.6663255611,0.5216780774,-0.1446474836,tmp/qwen_aggregation_eval_hits20_Qwen3_Reranker_0p6B.json
Qwen_Qwen3_Reranker_0_6B__top3_weighted__qwen_aggregation_eval_hits20_Qwen3_Reranker_0p6B,Qwen/Qwen3-Reranker-0.6B,top3_weighted,200,0.1400835882,0.3702355097,0.2301519214,tmp/qwen_aggregation_eval_hits20_Qwen3_Reranker_0p6B.json
Qwen_Qwen3_Reranker_0_6B__top3_weighted__qwen_aggregation_eval_hits20_Qwen3_Reranker_0p6B,Qwen/Qwen3-Reranker-0.6B,top3_weighted,213,0.1121597938,0.1885866358,0.0764268420,tmp/qwen_aggregation_eval_hits20_Qwen3_Reranker_0p6B.json
Qwen_Qwen3_Reranker_0_6B__top3_weighted__qwen_aggregation_eval_hits20_Qwen3_Reranker_0p6B,Qwen/Qwen3-Reranker-0.6B,top3_weighted,219,0.4933573156,0.4582704557,-0.0350868599,tmp/qwen_aggregation_eval_hits20_Qwen3_Reranker_0p6B.json
Qwen_Qwen3_Reranker_0_6B__top3_weighted__qwen_aggregation_eval_hits20_Qwen3_Reranker_0p6B,Qwen/Qwen3-Reranker-0.6B,top3_weighted,224,0.8164972119,0.5545879911,-0.2619092207,tmp/qwen_aggregation_eval_hits20_Qwen3_Reranker_0p6B.json
Qwen_Qwen3_Reranker_0_6B__top3_weighted__qwen_aggregation_eval_hits20_Qwen3_Reranker_0p6B,Qwen/Qwen3-Reranker-0.6B,top3_weighted,225,0.2572640430,0.2574230563,0.0001590133,tmp/qwen_aggregation_eval_hits20_Qwen3_Reranker_0p6B.json
Qwen_Qwen3_Reranker_0_6B__top3_weighted__qwen_aggregation_eval_hits20_Qwen3_Reranker_0p6B,Qwen/Qwen3-Reranker-0.6B,top3_weighted,233,0.5438357471,0.5592374533,0.0154017061,tmp/qwen_aggregation_eval_hits20_Qwen3_Reranker_0p6B.json
Qwen_Qwen3_Reranker_0_6B__top3_weighted__qwen_aggregation_eval_hits20_Qwen3_Reranker_0p6B,Qwen/Qwen3-Reranker-0.6B,top3_weighted,273,0.3223275559,0.3400603779,0.0177328220,tmp/qwen_aggregation_eval_hits20_Qwen3_Reranker_0p6B.json
Qwen_Qwen3_Reranker_0_6B__top3_weighted__qwen_aggregation_eval_hits20_Qwen3_Reranker_0p6B,Qwen/Qwen3-Reranker-0.6B,top3_weighted,300,0.3546016102,0.4401489082,0.0855472980,tmp/qwen_aggregation_eval_hits20_Qwen3_Reranker_0p6B.json
Qwen_Qwen3_Reranker_0_6B__top3_weighted__qwen_aggregation_eval_hits20_Qwen3_Reranker_0p6B,Qwen/Qwen3-Reranker-0.6B,top3_weighted,407,0.2786364165,0.4273431664,0.1487067499,tmp/qwen_aggregation_eval_hits20_Qwen3_Reranker_0p6B.json
Qwen_Qwen3_Reranker_0_6B__top3_weighted__qwen_aggregation_eval_hits20_Qwen3_Reranker_0p6B,Qwen/Qwen3-Reranker-0.6B,top3_weighted,477,0.4559153326,0.4929615671,0.0370462344,tmp/qwen_aggregation_eval_hits20_Qwen3_Reranker_0p6B.json
Qwen_Qwen3_Reranker_0_6B__top3_weighted__qwen_aggregation_eval_hits20_Qwen3_Reranker_0p6B,Qwen/Qwen3-Reranker-0.6B,top3_weighted,499,0.6816109119,0.7028870238,0.0212761120,tmp/qwen_aggregation_eval_hits20_Qwen3_Reranker_0p6B.json
Qwen_Qwen3_Reranker_0_6B__top3_weighted__qwen_aggregation_eval_hits20_Qwen3_Reranker_0p6B,Qwen/Qwen3-Reranker-0.6B,top3_weighted,515,0.2299254607,0.1690966004,-0.0608288603,tmp/qwen_aggregation_eval_hits20_Qwen3_Reranker_0p6B.json
Qwen_Qwen3_Reranker_0_6B__top3_weighted__qwen_aggregation_eval_hits20_Qwen3_Reranker_0p6B,Qwen/Qwen3-Reranker-0.6B,top3_weighted,707,0.2026664542,0.3706717508,0.1680052966,tmp/qwen_aggregation_eval_hits20_Qwen3_Reranker_0p6B.json
Qwen_Qwen3_Reranker_0_6B__top3_weighted__qwen_aggregation_eval_hits20_Qwen3_Reranker_0p6B,Qwen/Qwen3-Reranker-0.6B,top3_weighted,897,0.3048742399,0.4506236347,0.1457493948,tmp/qwen_aggregation_eval_hits20_Qwen3_Reranker_0p6B.json
Qwen_Qwen3_Reranker_0_6B__top3_weighted__qwen_aggregation_eval_hits50_Qwen3_Reranker_0p6B,Qwen/Qwen3-Reranker-0.6B,top3_weighted,14,0.3553332721,0.4435085164,0.0881752443,tmp/qwen_aggregation_eval_hits50_Qwen3_Reranker_0p6B.json
Qwen_Qwen3_Reranker_0_6B__top3_weighted__qwen_aggregation_eval_hits50_Qwen3_Reranker_0p6B,Qwen/Qwen3-Reranker-0.6B,top3_weighted,31,0.8478053202,0.5762491438,-0.2715561764,tmp/qwen_aggregation_eval_hits50_Qwen3_Reranker_0p6B.json
Qwen_Qwen3_Reranker_0_6B__top3_weighted__qwen_aggregation_eval_hits50_Qwen3_Reranker_0p6B,Qwen/Qwen3-Reranker-0.6B,top3_weighted,37,0.6389817974,0.4360271725,-0.2029546248,tmp/qwen_aggregation_eval_hits50_Qwen3_Reranker_0p6B.json
Qwen_Qwen3_Reranker_0_6B__top3_weighted__qwen_aggregation_eval_hits50_Qwen3_Reranker_0p6B,Qwen/Qwen3-Reranker-0.6B,top3_weighted,58,0.5008083446,0.5583457126,0.0575373680,tmp/qwen_aggregation_eval_hits50_Qwen3_Reranker_0p6B.json
Qwen_Qwen3_Reranker_0_6B__top3_weighted__qwen_aggregation_eval_hits50_Qwen3_Reranker_0p6B,Qwen/Qwen3-Reranker-0.6B,top3_weighted,72,0.3236594717,0.8193410688,0.4956815971,tmp/qwen_aggregation_eval_hits50_Qwen3_Reranker_0p6B.json
Qwen_Qwen3_Reranker_0_6B__top3_weighted__qwen_aggregation_eval_hits50_Qwen3_Reranker_0p6B,Qwen/Qwen3-Reranker-0.6B,top3_weighted,84,0.4918004153,0.6097512562,0.1179508409,tmp/qwen_aggregation_eval_hits50_Qwen3_Reranker_0p6B.json
Qwen_Qwen3_Reranker_0_6B__top3_weighted__qwen_aggregation_eval_hits50_Qwen3_Reranker_0p6B,Qwen/Qwen3-Reranker-0.6B,top3_weighted,144,0.0886758433,0.2017628610,0.1130870177,tmp/qwen_aggregation_eval_hits50_Qwen3_Reranker_0p6B.json
Qwen_Qwen3_Reranker_0_6B__top3_weighted__qwen_aggregation_eval_hits50_Qwen3_Reranker_0p6B,Qwen/Qwen3-Reranker-0.6B,top3_weighted,161,0.6663255611,0.6537234940,-0.0126020671,tmp/qwen_aggregation_eval_hits50_Qwen3_Reranker_0p6B.json
Qwen_Qwen3_Reranker_0_6B__top3_weighted__qwen_aggregation_eval_hits50_Qwen3_Reranker_0p6B,Qwen/Qwen3-Reranker-0.6B,top3_weighted,200,0.1400835882,0.4929068893,0.3528233011,tmp/qwen_aggregation_eval_hits50_Qwen3_Reranker_0p6B.json
Qwen_Qwen3_Reranker_0_6B__top3_weighted__qwen_aggregation_eval_hits50_Qwen3_Reranker_0p6B,Qwen/Qwen3-Reranker-0.6B,top3_weighted,213,0.1121597938,0.1988309209,0.0866711271,tmp/qwen_aggregation_eval_hits50_Qwen3_Reranker_0p6B.json
Qwen_Qwen3_Reranker_0_6B__top3_weighted__qwen_aggregation_eval_hits50_Qwen3_Reranker_0p6B,Qwen/Qwen3-Reranker-0.6B,top3_weighted,219,0.4933573156,0.3552369425,-0.1381203731,tmp/qwen_aggregation_eval_hits50_Qwen3_Reranker_0p6B.json
Qwen_Qwen3_Reranker_0_6B__top3_weighted__qwen_aggregation_eval_hits50_Qwen3_Reranker_0p6B,Qwen/Qwen3-Reranker-0.6B,top3_weighted,224,0.8164972119,0.5187011535,-0.2977960584,tmp/qwen_aggregation_eval_hits50_Qwen3_Reranker_0p6B.json
Qwen_Qwen3_Reranker_0_6B__top3_weighted__qwen_aggregation_eval_hits50_Qwen3_Reranker_0p6B,Qwen/Qwen3-Reranker-0.6B,top3_weighted,225,0.2572640430,0.3211995403,0.0639354973,tmp/qwen_aggregation_eval_hits50_Qwen3_Reranker_0p6B.json
Qwen_Qwen3_Reranker_0_6B__top3_weighted__qwen_aggregation_eval_hits50_Qwen3_Reranker_0p6B,Qwen/Qwen3-Reranker-0.6B,top3_weighted,233,0.5438357471,0.4615948438,-0.0822409033,tmp/qwen_aggregation_eval_hits50_Qwen3_Reranker_0p6B.json
Qwen_Qwen3_Reranker_0_6B__top3_weighted__qwen_aggregation_eval_hits50_Qwen3_Reranker_0p6B,Qwen/Qwen3-Reranker-0.6B,top3_weighted,273,0.3223275559,0.3588652338,0.0365376779,tmp/qwen_aggregation_eval_hits50_Qwen3_Reranker_0p6B.json
Qwen_Qwen3_Reranker_0_6B__top3_weighted__qwen_aggregation_eval_hits50_Qwen3_Reranker_0p6B,Qwen/Qwen3-Reranker-0.6B,top3_weighted,300,0.3546016102,0.4789681734,0.1243665632,tmp/qwen_aggregation_eval_hits50_Qwen3_Reranker_0p6B.json
Qwen_Qwen3_Reranker_0_6B__top3_weighted__qwen_aggregation_eval_hits50_Qwen3_Reranker_0p6B,Qwen/Qwen3-Reranker-0.6B,top3_weighted,407,0.2786364165,0.4882476225,0.2096112060,tmp/qwen_aggregation_eval_hits50_Qwen3_Reranker_0p6B.json
Qwen_Qwen3_Reranker_0_6B__top3_weighted__qwen_aggregation_eval_hits50_Qwen3_Reranker_0p6B,Qwen/Qwen3-Reranker-0.6B,top3_weighted,477,0.4559153326,0.6294316151,0.1735162825,tmp/qwen_aggregation_eval_hits50_Qwen3_Reranker_0p6B.json
Qwen_Qwen3_Reranker_0_6B__top3_weighted__qwen_aggregation_eval_hits50_Qwen3_Reranker_0p6B,Qwen/Qwen3-Reranker-0.6B,top3_weighted,499,0.6816109119,0.6505951476,-0.0310157643,tmp/qwen_aggregation_eval_hits50_Qwen3_Reranker_0p6B.json
Qwen_Qwen3_Reranker_0_6B__top3_weighted__qwen_aggregation_eval_hits50_Qwen3_Reranker_0p6B,Qwen/Qwen3-Reranker-0.6B,top3_weighted,515,0.2299254607,0.1690966004,-0.0608288603,tmp/qwen_aggregation_eval_hits50_Qwen3_Reranker_0p6B.json
Qwen_Qwen3_Reranker_0_6B__top3_weighted__qwen_aggregation_eval_hits50_Qwen3_Reranker_0p6B,Qwen/Qwen3-Reranker-0.6B,top3_weighted,707,0.2026664542,0.3374816628,0.1348152086,tmp/qwen_aggregation_eval_hits50_Qwen3_Reranker_0p6B.json
Qwen_Qwen3_Reranker_0_6B__top3_weighted__qwen_aggregation_eval_hits50_Qwen3_Reranker_0p6B,Qwen/Qwen3-Reranker-0.6B,top3_weighted,897,0.3048742399,0.3229136428,0.0180394029,tmp/qwen_aggregation_eval_hits50_Qwen3_Reranker_0p6B.json
Qwen_Qwen3_Reranker_0_6B__top3_weighted__qwen_aggregation_eval_hits50_Qwen3_Reranker_0p6B_gap2000,Qwen/Qwen3-Reranker-0.6B,top3_weighted,14,0.3553332721,0.4124240073,0.0570907352,tmp/qwen_aggregation_eval_hits50_Qwen3_Reranker_0p6B_gap2000.json
Qwen_Qwen3_Reranker_0_6B__top3_weighted__qwen_aggregation_eval_hits50_Qwen3_Reranker_0p6B_gap2000,Qwen/Qwen3-Reranker-0.6B,top3_weighted,31,0.8478053202,0.6603614922,-0.1874438280,tmp/qwen_aggregation_eval_hits50_Qwen3_Reranker_0p6B_gap2000.json
Qwen_Qwen3_Reranker_0_6B__top3_weighted__qwen_aggregation_eval_hits50_Qwen3_Reranker_0p6B_gap2000,Qwen/Qwen3-Reranker-0.6B,top3_weighted,37,0.6389817974,0.4566342567,-0.1823475406,tmp/qwen_aggregation_eval_hits50_Qwen3_Reranker_0p6B_gap2000.json
Qwen_Qwen3_Reranker_0_6B__top3_weighted__qwen_aggregation_eval_hits50_Qwen3_Reranker_0p6B_gap2000,Qwen/Qwen3-Reranker-0.6B,top3_weighted,58,0.5008083446,0.4694648043,-0.0313435403,tmp/qwen_aggregation_eval_hits50_Qwen3_Reranker_0p6B_gap2000.json
Qwen_Qwen3_Reranker_0_6B__top3_weighted__qwen_aggregation_eval_hits50_Qwen3_Reranker_0p6B_gap2000,Qwen/Qwen3-Reranker-0.6B,top3_weighted,72,0.3236594717,0.9078691961,0.5842097245,tmp/qwen_aggregation_eval_hits50_Qwen3_Reranker_0p6B_gap2000.json
Qwen_Qwen3_Reranker_0_6B__top3_weighted__qwen_aggregation_eval_hits50_Qwen3_Reranker_0p6B_gap2000,Qwen/Qwen3-Reranker-0.6B,top3_weighted,84,0.4918004153,0.5044953719,0.0126949567,tmp/qwen_aggregation_eval_hits50_Qwen3_Reranker_0p6B_gap2000.json
Qwen_Qwen3_Reranker_0_6B__top3_weighted__qwen_aggregation_eval_hits50_Qwen3_Reranker_0p6B_gap2000,Qwen/Qwen3-Reranker-0.6B,top3_weighted,144,0.0886758433,0.1951246441,0.1064488008,tmp/qwen_aggregation_eval_hits50_Qwen3_Reranker_0p6B_gap2000.json
Qwen_Qwen3_Reranker_0_6B__top3_weighted__qwen_aggregation_eval_hits50_Qwen3_Reranker_0p6B_gap2000,Qwen/Qwen3-Reranker-0.6B,top3_weighted,161,0.6663255611,0.6460072966,-0.0203182645,tmp/qwen_aggregation_eval_hits50_Qwen3_Reranker_0p6B_gap2000.json
Qwen_Qwen3_Reranker_0_6B__top3_weighted__qwen_aggregation_eval_hits50_Qwen3_Reranker_0p6B_gap2000,Qwen/Qwen3-Reranker-0.6B,top3_weighted,200,0.1400835882,0.5687538698,0.4286702815,tmp/qwen_aggregation_eval_hits50_Qwen3_Reranker_0p6B_gap2000.json
Qwen_Qwen3_Reranker_0_6B__top3_weighted__qwen_aggregation_eval_hits50_Qwen3_Reranker_0p6B_gap2000,Qwen/Qwen3-Reranker-0.6B,top3_weighted,213,0.1121597938,0.1417362431,0.0295764493,tmp/qwen_aggregation_eval_hits50_Qwen3_Reranker_0p6B_gap2000.json
Qwen_Qwen3_Reranker_0_6B__top3_weighted__qwen_aggregation_eval_hits50_Qwen3_Reranker_0p6B_gap2000,Qwen/Qwen3-Reranker-0.6B,top3_weighted,219,0.4933573156,0.3422976749,-0.1510596407,tmp/qwen_aggregation_eval_hits50_Qwen3_Reranker_0p6B_gap2000.json
Qwen_Qwen3_Reranker_0_6B__top3_weighted__qwen_aggregation_eval_hits50_Qwen3_Reranker_0p6B_gap2000,Qwen/Qwen3-Reranker-0.6B,top3_weighted,224,0.8164972119,0.5741458759,-0.2423513360,tmp/qwen_aggregation_eval_hits50_Qwen3_Reranker_0p6B_gap2000.json
Qwen_Qwen3_Reranker_0_6B__top3_weighted__qwen_aggregation_eval_hits50_Qwen3_Reranker_0p6B_gap2000,Qwen/Qwen3-Reranker-0.6B,top3_weighted,225,0.2572640430,0.3191518346,0.0618877915,tmp/qwen_aggregation_eval_hits50_Qwen3_Reranker_0p6B_gap2000.json
Qwen_Qwen3_Reranker_0_6B__top3_weighted__qwen_aggregation_eval_hits50_Qwen3_Reranker_0p6B_gap2000,Qwen/Qwen3-Reranker-0.6B,top3_weighted,233,0.5438357471,0.4103443705,-0.1334913766,tmp/qwen_aggregation_eval_hits50_Qwen3_Reranker_0p6B_gap2000.json
Qwen_Qwen3_Reranker_0_6B__top3_weighted__qwen_aggregation_eval_hits50_Qwen3_Reranker_0p6B_gap2000,Qwen/Qwen3-Reranker-0.6B,top3_weighted,273,0.3223275559,0.3415264804,0.0191989244,tmp/qwen_aggregation_eval_hits50_Qwen3_Reranker_0p6B_gap2000.json
Qwen_Qwen3_Reranker_0_6B__top3_weighted__qwen_aggregation_eval_hits50_Qwen3_Reranker_0p6B_gap2000,Qwen/Qwen3-Reranker-0.6B,top3_weighted,300,0.3546016102,0.4959337169,0.1413321067,tmp/qwen_aggregation_eval_hits50_Qwen3_Reranker_0p6B_gap2000.json
Qwen_Qwen3_Reranker_0_6B__top3_weighted__qwen_aggregation_eval_hits50_Qwen3_Reranker_0p6B_gap2000,Qwen/Qwen3-Reranker-0.6B,top3_weighted,407,0.2786364165,0.4788566395,0.2002202230,tmp/qwen_aggregation_eval_hits50_Qwen3_Reranker_0p6B_gap2000.json
Qwen_Qwen3_Reranker_0_6B__top3_weighted__qwen_aggregation_eval_hits50_Qwen3_Reranker_0p6B_gap2000,Qwen/Qwen3-Reranker-0.6B,top3_weighted,477,0.4559153326,0.5860070022,0.1300916696,tmp/qwen_aggregation_eval_hits50_Qwen3_Reranker_0p6B_gap2000.json
Qwen_Qwen3_Reranker_0_6B__top3_weighted__qwen_aggregation_eval_hits50_Qwen3_Reranker_0p6B_gap2000,Qwen/Qwen3-Reranker-0.6B,top3_weighted,499,0.6816109119,0.5668277655,-0.1147831464,tmp/qwen_aggregation_eval_hits50_Qwen3_Reranker_0p6B_gap2000.json
Qwen_Qwen3_Reranker_0_6B__top3_weighted__qwen_aggregation_eval_hits50_Qwen3_Reranker_0p6B_gap2000,Qwen/Qwen3-Reranker-0.6B,top3_weighted,515,0.2299254607,0.1535311403,-0.0763943205,tmp/qwen_aggregation_eval_hits50_Qwen3_Reranker_0p6B_gap2000.json
Qwen_Qwen3_Reranker_0_6B__top3_weighted__qwen_aggregation_eval_hits50_Qwen3_Reranker_0p6B_gap2000,Qwen/Qwen3-Reranker-0.6B,top3_weighted,707,0.2026664542,0.3219018029,0.1192353487,tmp/qwen_aggregation_eval_hits50_Qwen3_Reranker_0p6B_gap2000.json
Qwen_Qwen3_Reranker_0_6B__top3_weighted__qwen_aggregation_eval_hits50_Qwen3_Reranker_0p6B_gap2000,Qwen/Qwen3-Reranker-0.6B,top3_weighted,897,0.3048742399,0.3266111477,0.0217369078,tmp/qwen_aggregation_eval_hits50_Qwen3_Reranker_0p6B_gap2000.json
Qwen_Qwen3_Reranker_0_6B__top3_weighted__qwen_aggregation_eval_hits50_Qwen3_Reranker_0p6B_gap3000,Qwen/Qwen3-Reranker-0.6B,top3_weighted,14,0.3553332721,0.4124240073,0.0570907352,tmp/qwen_aggregation_eval_hits50_Qwen3_Reranker_0p6B_gap3000.json
Qwen_Qwen3_Reranker_0_6B__top3_weighted__qwen_aggregation_eval_hits50_Qwen3_Reranker_0p6B_gap3000,Qwen/Qwen3-Reranker-0.6B,top3_weighted,31,0.8478053202,0.6603614922,-0.1874438280,tmp/qwen_aggregation_eval_hits50_Qwen3_Reranker_0p6B_gap3000.json
Qwen_Qwen3_Reranker_0_6B__top3_weighted__qwen_aggregation_eval_hits50_Qwen3_Reranker_0p6B_gap3000,Qwen/Qwen3-Reranker-0.6B,top3_weighted,37,0.6389817974,0.4566342567,-0.1823475406,tmp/qwen_aggregation_eval_hits50_Qwen3_Reranker_0p6B_gap3000.json
Qwen_Qwen3_Reranker_0_6B__top3_weighted__qwen_aggregation_eval_hits50_Qwen3_Reranker_0p6B_gap3000,Qwen/Qwen3-Reranker-0.6B,top3_weighted,58,0.5008083446,0.4694648043,-0.0313435403,tmp/qwen_aggregation_eval_hits50_Qwen3_Reranker_0p6B_gap3000.json
Qwen_Qwen3_Reranker_0_6B__top3_weighted__qwen_aggregation_eval_hits50_Qwen3_Reranker_0p6B_gap3000,Qwen/Qwen3-Reranker-0.6B,top3_weighted,72,0.3236594717,0.9078691961,0.5842097245,tmp/qwen_aggregation_eval_hits50_Qwen3_Reranker_0p6B_gap3000.json
Qwen_Qwen3_Reranker_0_6B__top3_weighted__qwen_aggregation_eval_hits50_Qwen3_Reranker_0p6B_gap3000,Qwen/Qwen3-Reranker-0.6B,top3_weighted,84,0.4918004153,0.5044953719,0.0126949567,tmp/qwen_aggregation_eval_hits50_Qwen3_Reranker_0p6B_gap3000.json
Qwen_Qwen3_Reranker_0_6B__top3_weighted__qwen_aggregation_eval_hits50_Qwen3_Reranker_0p6B_gap3000,Qwen/Qwen3-Reranker-0.6B,top3_weighted,144,0.0886758433,0.1951246441,0.1064488008,tmp/qwen_aggregation_eval_hits50_Qwen3_Reranker_0p6B_gap3000.json
Qwen_Qwen3_Reranker_0_6B__top3_weighted__qwen_aggregation_eval_hits50_Qwen3_Reranker_0p6B_gap3000,Qwen/Qwen3-Reranker-0.6B,top3_weighted,161,0.6663255611,0.6460072966,-0.0203182645,tmp/qwen_aggregation_eval_hits50_Qwen3_Reranker_0p6B_gap3000.json
Qwen_Qwen3_Reranker_0_6B__top3_weighted__qwen_aggregation_eval_hits50_Qwen3_Reranker_0p6B_gap3000,Qwen/Qwen3-Reranker-0.6B,top3_weighted,200,0.1400835882,0.5687538698,0.4286702815,tmp/qwen_aggregation_eval_hits50_Qwen3_Reranker_0p6B_gap3000.json
Qwen_Qwen3_Reranker_0_6B__top3_weighted__qwen_aggregation_eval_hits50_Qwen3_Reranker_0p6B_gap3000,Qwen/Qwen3-Reranker-0.6B,top3_weighted,213,0.1121597938,0.1417362431,0.0295764493,tmp/qwen_aggregation_eval_hits50_Qwen3_Reranker_0p6B_gap3000.json
Qwen_Qwen3_Reranker_0_6B__top3_weighted__qwen_aggregation_eval_hits50_Qwen3_Reranker_0p6B_gap3000,Qwen/Qwen3-Reranker-0.6B,top3_weighted,219,0.4933573156,0.3422976749,-0.1510596407,tmp/qwen_aggregation_eval_hits50_Qwen3_Reranker_0p6B_gap3000.json
Qwen_Qwen3_Reranker_0_6B__top3_weighted__qwen_aggregation_eval_hits50_Qwen3_Reranker_0p6B_gap3000,Qwen/Qwen3-Reranker-0.6B,top3_weighted,224,0.8164972119,0.5741458759,-0.2423513360,tmp/qwen_aggregation_eval_hits50_Qwen3_Reranker_0p6B_gap3000.json
Qwen_Qwen3_Reranker_0_6B__top3_weighted__qwen_aggregation_eval_hits50_Qwen3_Reranker_0p6B_gap3000,Qwen/Qwen3-Reranker-0.6B,top3_weighted,225,0.2572640430,0.3191518346,0.0618877915,tmp/qwen_aggregation_eval_hits50_Qwen3_Reranker_0p6B_gap3000.json
Qwen_Qwen3_Reranker_0_6B__top3_weighted__qwen_aggregation_eval_hits50_Qwen3_Reranker_0p6B_gap3000,Qwen/Qwen3-Reranker-0.6B,top3_weighted,233,0.5438357471,0.4103443705,-0.1334913766,tmp/qwen_aggregation_eval_hits50_Qwen3_Reranker_0p6B_gap3000.json
Qwen_Qwen3_Reranker_0_6B__top3_weighted__qwen_aggregation_eval_hits50_Qwen3_Reranker_0p6B_gap3000,Qwen/Qwen3-Reranker-0.6B,top3_weighted,273,0.3223275559,0.3415264804,0.0191989244,tmp/qwen_aggregation_eval_hits50_Qwen3_Reranker_0p6B_gap3000.json
Qwen_Qwen3_Reranker_0_6B__top3_weighted__qwen_aggregation_eval_hits50_Qwen3_Reranker_0p6B_gap3000,Qwen/Qwen3-Reranker-0.6B,top3_weighted,300,0.3546016102,0.4959337169,0.1413321067,tmp/qwen_aggregation_eval_hits50_Qwen3_Reranker_0p6B_gap3000.json
Qwen_Qwen3_Reranker_0_6B__top3_weighted__qwen_aggregation_eval_hits50_Qwen3_Reranker_0p6B_gap3000,Qwen/Qwen3-Reranker-0.6B,top3_weighted,407,0.2786364165,0.4788566395,0.2002202230,tmp/qwen_aggregation_eval_hits50_Qwen3_Reranker_0p6B_gap3000.json
Qwen_Qwen3_Reranker_0_6B__top3_weighted__qwen_aggregation_eval_hits50_Qwen3_Reranker_0p6B_gap3000,Qwen/Qwen3-Reranker-0.6B,top3_weighted,477,0.4559153326,0.5860070022,0.1300916696,tmp/qwen_aggregation_eval_hits50_Qwen3_Reranker_0p6B_gap3000.json
Qwen_Qwen3_Reranker_0_6B__top3_weighted__qwen_aggregation_eval_hits50_Qwen3_Reranker_0p6B_gap3000,Qwen/Qwen3-Reranker-0.6B,top3_weighted,499,0.6816109119,0.5668277655,-0.1147831464,tmp/qwen_aggregation_eval_hits50_Qwen3_Reranker_0p6B_gap3000.json
Qwen_Qwen3_Reranker_0_6B__top3_weighted__qwen_aggregation_eval_hits50_Qwen3_Reranker_0p6B_gap3000,Qwen/Qwen3-Reranker-0.6B,top3_weighted,515,0.2299254607,0.1535311403,-0.0763943205,tmp/qwen_aggregation_eval_hits50_Qwen3_Reranker_0p6B_gap3000.json
Qwen_Qwen3_Reranker_0_6B__top3_weighted__qwen_aggregation_eval_hits50_Qwen3_Reranker_0p6B_gap3000,Qwen/Qwen3-Reranker-0.6B,top3_weighted,707,0.2026664542,0.3219018029,0.1192353487,tmp/qwen_aggregation_eval_hits50_Qwen3_Reranker_0p6B_gap3000.json
Qwen_Qwen3_Reranker_0_6B__top3_weighted__qwen_aggregation_eval_hits50_Qwen3_Reranker_0p6B_gap3000,Qwen/Qwen3-Reranker-0.6B,top3_weighted,897,0.3048742399,0.3266111477,0.0217369078,tmp/qwen_aggregation_eval_hits50_Qwen3_Reranker_0p6B_gap3000.json
Qwen_Qwen3_Reranker_0_6B__top3_weighted__qwen_aggregation_eval_hits50_Qwen3_Reranker_0p6B_ov0,Qwen/Qwen3-Reranker-0.6B,top3_weighted,14,0.3553332721,0.4883132201,0.1329799480,tmp/qwen_aggregation_eval_hits50_Qwen3_Reranker_0p6B_ov0.json
Qwen_Qwen3_Reranker_0_6B__top3_weighted__qwen_aggregation_eval_hits50_Qwen3_Reranker_0p6B_ov0,Qwen/Qwen3-Reranker-0.6B,top3_weighted,31,0.8478053202,0.6987959760,-0.1490093442,tmp/qwen_aggregation_eval_hits50_Qwen3_Reranker_0p6B_ov0.json
Qwen_Qwen3_Reranker_0_6B__top3_weighted__qwen_aggregation_eval_hits50_Qwen3_Reranker_0p6B_ov0,Qwen/Qwen3-Reranker-0.6B,top3_weighted,37,0.6389817974,0.4447417025,-0.1942400949,tmp/qwen_aggregation_eval_hits50_Qwen3_Reranker_0p6B_ov0.json
Qwen_Qwen3_Reranker_0_6B__top3_weighted__qwen_aggregation_eval_hits50_Qwen3_Reranker_0p6B_ov0,Qwen/Qwen3-Reranker-0.6B,top3_weighted,58,0.5008083446,0.5614918728,0.0606835282,tmp/qwen_aggregation_eval_hits50_Qwen3_Reranker_0p6B_ov0.json
Qwen_Qwen3_Reranker_0_6B__top3_weighted__qwen_aggregation_eval_hits50_Qwen3_Reranker_0p6B_ov0,Qwen/Qwen3-Reranker-0.6B,top3_weighted,72,0.3236594717,0.7994339803,0.4757745086,tmp/qwen_aggregation_eval_hits50_Qwen3_Reranker_0p6B_ov0.json
Qwen_Qwen3_Reranker_0_6B__top3_weighted__qwen_aggregation_eval_hits50_Qwen3_Reranker_0p6B_ov0,Qwen/Qwen3-Reranker-0.6B,top3_weighted,84,0.4918004153,0.6399969605,0.1481965452,tmp/qwen_aggregation_eval_hits50_Qwen3_Reranker_0p6B_ov0.json
Qwen_Qwen3_Reranker_0_6B__top3_weighted__qwen_aggregation_eval_hits50_Qwen3_Reranker_0p6B_ov0,Qwen/Qwen3-Reranker-0.6B,top3_weighted,144,0.0886758433,0.1972494066,0.1085735633,tmp/qwen_aggregation_eval_hits50_Qwen3_Reranker_0p6B_ov0.json
Qwen_Qwen3_Reranker_0_6B__top3_weighted__qwen_aggregation_eval_hits50_Qwen3_Reranker_0p6B_ov0,Qwen/Qwen3-Reranker-0.6B,top3_weighted,161,0.6663255611,0.7079404933,0.0416149322,tmp/qwen_aggregation_eval_hits50_Qwen3_Reranker_0p6B_ov0.json
Qwen_Qwen3_Reranker_0_6B__top3_weighted__qwen_aggregation_eval_hits50_Qwen3_Reranker_0p6B_ov0,Qwen/Qwen3-Reranker-0.6B,top3_weighted,200,0.1400835882,0.4929068893,0.3528233011,tmp/qwen_aggregation_eval_hits50_Qwen3_Reranker_0p6B_ov0.json
Qwen_Qwen3_Reranker_0_6B__top3_weighted__qwen_aggregation_eval_hits50_Qwen3_Reranker_0p6B_ov0,Qwen/Qwen3-Reranker-0.6B,top3_weighted,213,0.1121597938,0.1294074823,0.0172476885,tmp/qwen_aggregation_eval_hits50_Qwen3_Reranker_0p6B_ov0.json
Qwen_Qwen3_Reranker_0_6B__top3_weighted__qwen_aggregation_eval_hits50_Qwen3_Reranker_0p6B_ov0,Qwen/Qwen3-Reranker-0.6B,top3_weighted,219,0.4933573156,0.3235875617,-0.1697697539,tmp/qwen_aggregation_eval_hits50_Qwen3_Reranker_0p6B_ov0.json
Qwen_Qwen3_Reranker_0_6B__top3_weighted__qwen_aggregation_eval_hits50_Qwen3_Reranker_0p6B_ov0,Qwen/Qwen3-Reranker-0.6B,top3_weighted,224,0.8164972119,0.5602792304,-0.2562179815,tmp/qwen_aggregation_eval_hits50_Qwen3_Reranker_0p6B_ov0.json
Qwen_Qwen3_Reranker_0_6B__top3_weighted__qwen_aggregation_eval_hits50_Qwen3_Reranker_0p6B_ov0,Qwen/Qwen3-Reranker-0.6B,top3_weighted,225,0.2572640430,0.3271590903,0.0698950473,tmp/qwen_aggregation_eval_hits50_Qwen3_Reranker_0p6B_ov0.json
Qwen_Qwen3_Reranker_0_6B__top3_weighted__qwen_aggregation_eval_hits50_Qwen3_Reranker_0p6B_ov0,Qwen/Qwen3-Reranker-0.6B,top3_weighted,233,0.5438357471,0.3719686040,-0.1718671432,tmp/qwen_aggregation_eval_hits50_Qwen3_Reranker_0p6B_ov0.json
Qwen_Qwen3_Reranker_0_6B__top3_weighted__qwen_aggregation_eval_hits50_Qwen3_Reranker_0p6B_ov0,Qwen/Qwen3-Reranker-0.6B,top3_weighted,273,0.3223275559,0.3378392804,0.0155117245,tmp/qwen_aggregation_eval_hits50_Qwen3_Reranker_0p6B_ov0.json
Qwen_Qwen3_Reranker_0_6B__top3_weighted__qwen_aggregation_eval_hits50_Qwen3_Reranker_0p6B_ov0,Qwen/Qwen3-Reranker-0.6B,top3_weighted,300,0.3546016102,0.4692529370,0.1146513267,tmp/qwen_aggregation_eval_hits50_Qwen3_Reranker_0p6B_ov0.json
Qwen_Qwen3_Reranker_0_6B__top3_weighted__qwen_aggregation_eval_hits50_Qwen3_Reranker_0p6B_ov0,Qwen/Qwen3-Reranker-0.6B,top3_weighted,407,0.2786364165,0.4582182205,0.1795818040,tmp/qwen_aggregation_eval_hits50_Qwen3_Reranker_0p6B_ov0.json
Qwen_Qwen3_Reranker_0_6B__top3_weighted__qwen_aggregation_eval_hits50_Qwen3_Reranker_0p6B_ov0,Qwen/Qwen3-Reranker-0.6B,top3_weighted,477,0.4559153326,0.6751374599,0.2192221273,tmp/qwen_aggregation_eval_hits50_Qwen3_Reranker_0p6B_ov0.json
Qwen_Qwen3_Reranker_0_6B__top3_weighted__qwen_aggregation_eval_hits50_Qwen3_Reranker_0p6B_ov0,Qwen/Qwen3-Reranker-0.6B,top3_weighted,499,0.6816109119,0.6286630897,-0.0529478222,tmp/qwen_aggregation_eval_hits50_Qwen3_Reranker_0p6B_ov0.json
Qwen_Qwen3_Reranker_0_6B__top3_weighted__qwen_aggregation_eval_hits50_Qwen3_Reranker_0p6B_ov0,Qwen/Qwen3-Reranker-0.6B,top3_weighted,515,0.2299254607,0.1538602280,-0.0760652327,tmp/qwen_aggregation_eval_hits50_Qwen3_Reranker_0p6B_ov0.json
Qwen_Qwen3_Reranker_0_6B__top3_weighted__qwen_aggregation_eval_hits50_Qwen3_Reranker_0p6B_ov0,Qwen/Qwen3-Reranker-0.6B,top3_weighted,707,0.2026664542,0.4209177878,0.2182513336,tmp/qwen_aggregation_eval_hits50_Qwen3_Reranker_0p6B_ov0.json
Qwen_Qwen3_Reranker_0_6B__top3_weighted__qwen_aggregation_eval_hits50_Qwen3_Reranker_0p6B_ov0,Qwen/Qwen3-Reranker-0.6B,top3_weighted,897,0.3048742399,0.3424859421,0.0376117022,tmp/qwen_aggregation_eval_hits50_Qwen3_Reranker_0p6B_ov0.json
Qwen_Qwen3_Reranker_0_6B__top4_weighted__qwen_aggregation_eval_hits20_Qwen3_Reranker_0p6B,Qwen/Qwen3-Reranker-0.6B,top4_weighted,14,0.3553332721,0.4468771320,0.0915438599,tmp/qwen_aggregation_eval_hits20_Qwen3_Reranker_0p6B.json
Qwen_Qwen3_Reranker_0_6B__top4_weighted__qwen_aggregation_eval_hits20_Qwen3_Reranker_0p6B,Qwen/Qwen3-Reranker-0.6B,top4_weighted,31,0.8478053202,0.6674269691,-0.1803783511,tmp/qwen_aggregation_eval_hits20_Qwen3_Reranker_0p6B.json
Qwen_Qwen3_Reranker_0_6B__top4_weighted__qwen_aggregation_eval_hits20_Qwen3_Reranker_0p6B,Qwen/Qwen3-Reranker-0.6B,top4_weighted,37,0.6389817974,0.5064697128,-0.1325120846,tmp/qwen_aggregation_eval_hits20_Qwen3_Reranker_0p6B.json
Qwen_Qwen3_Reranker_0_6B__top4_weighted__qwen_aggregation_eval_hits20_Qwen3_Reranker_0p6B,Qwen/Qwen3-Reranker-0.6B,top4_weighted,58,0.5008083446,0.5861093098,0.0853009652,tmp/qwen_aggregation_eval_hits20_Qwen3_Reranker_0p6B.json
Qwen_Qwen3_Reranker_0_6B__top4_weighted__qwen_aggregation_eval_hits20_Qwen3_Reranker_0p6B,Qwen/Qwen3-Reranker-0.6B,top4_weighted,72,0.3236594717,0.8048314652,0.4811719935,tmp/qwen_aggregation_eval_hits20_Qwen3_Reranker_0p6B.json
Qwen_Qwen3_Reranker_0_6B__top4_weighted__qwen_aggregation_eval_hits20_Qwen3_Reranker_0p6B,Qwen/Qwen3-Reranker-0.6B,top4_weighted,84,0.4918004153,0.4448793055,-0.0469211098,tmp/qwen_aggregation_eval_hits20_Qwen3_Reranker_0p6B.json
Qwen_Qwen3_Reranker_0_6B__top4_weighted__qwen_aggregation_eval_hits20_Qwen3_Reranker_0p6B,Qwen/Qwen3-Reranker-0.6B,top4_weighted,144,0.0886758433,0.1612229336,0.0725470903,tmp/qwen_aggregation_eval_hits20_Qwen3_Reranker_0p6B.json
Qwen_Qwen3_Reranker_0_6B__top4_weighted__qwen_aggregation_eval_hits20_Qwen3_Reranker_0p6B,Qwen/Qwen3-Reranker-0.6B,top4_weighted,161,0.6663255611,0.5216780774,-0.1446474836,tmp/qwen_aggregation_eval_hits20_Qwen3_Reranker_0p6B.json
Qwen_Qwen3_Reranker_0_6B__top4_weighted__qwen_aggregation_eval_hits20_Qwen3_Reranker_0p6B,Qwen/Qwen3-Reranker-0.6B,top4_weighted,200,0.1400835882,0.3702355097,0.2301519214,tmp/qwen_aggregation_eval_hits20_Qwen3_Reranker_0p6B.json
Qwen_Qwen3_Reranker_0_6B__top4_weighted__qwen_aggregation_eval_hits20_Qwen3_Reranker_0p6B,Qwen/Qwen3-Reranker-0.6B,top4_weighted,213,0.1121597938,0.2013107934,0.0891509996,tmp/qwen_aggregation_eval_hits20_Qwen3_Reranker_0p6B.json
Qwen_Qwen3_Reranker_0_6B__top4_weighted__qwen_aggregation_eval_hits20_Qwen3_Reranker_0p6B,Qwen/Qwen3-Reranker-0.6B,top4_weighted,219,0.4933573156,0.4582704557,-0.0350868599,tmp/qwen_aggregation_eval_hits20_Qwen3_Reranker_0p6B.json
Qwen_Qwen3_Reranker_0_6B__top4_weighted__qwen_aggregation_eval_hits20_Qwen3_Reranker_0p6B,Qwen/Qwen3-Reranker-0.6B,top4_weighted,224,0.8164972119,0.5545879911,-0.2619092207,tmp/qwen_aggregation_eval_hits20_Qwen3_Reranker_0p6B.json
Qwen_Qwen3_Reranker_0_6B__top4_weighted__qwen_aggregation_eval_hits20_Qwen3_Reranker_0p6B,Qwen/Qwen3-Reranker-0.6B,top4_weighted,225,0.2572640430,0.2570198180,-0.0002442250,tmp/qwen_aggregation_eval_hits20_Qwen3_Reranker_0p6B.json
Qwen_Qwen3_Reranker_0_6B__top4_weighted__qwen_aggregation_eval_hits20_Qwen3_Reranker_0p6B,Qwen/Qwen3-Reranker-0.6B,top4_weighted,233,0.5438357471,0.5490010150,0.0051652679,tmp/qwen_aggregation_eval_hits20_Qwen3_Reranker_0p6B.json
Qwen_Qwen3_Reranker_0_6B__top4_weighted__qwen_aggregation_eval_hits20_Qwen3_Reranker_0p6B,Qwen/Qwen3-Reranker-0.6B,top4_weighted,273,0.3223275559,0.2965880832,-0.0257394727,tmp/qwen_aggregation_eval_hits20_Qwen3_Reranker_0p6B.json
Qwen_Qwen3_Reranker_0_6B__top4_weighted__qwen_aggregation_eval_hits20_Qwen3_Reranker_0p6B,Qwen/Qwen3-Reranker-0.6B,top4_weighted,300,0.3546016102,0.4388781088,0.0842764986,tmp/qwen_aggregation_eval_hits20_Qwen3_Reranker_0p6B.json
Qwen_Qwen3_Reranker_0_6B__top4_weighted__qwen_aggregation_eval_hits20_Qwen3_Reranker_0p6B,Qwen/Qwen3-Reranker-0.6B,top4_weighted,407,0.2786364165,0.4269669613,0.1483305449,tmp/qwen_aggregation_eval_hits20_Qwen3_Reranker_0p6B.json
Qwen_Qwen3_Reranker_0_6B__top4_weighted__qwen_aggregation_eval_hits20_Qwen3_Reranker_0p6B,Qwen/Qwen3-Reranker-0.6B,top4_weighted,477,0.4559153326,0.5254532960,0.0695379634,tmp/qwen_aggregation_eval_hits20_Qwen3_Reranker_0p6B.json
Qwen_Qwen3_Reranker_0_6B__top4_weighted__qwen_aggregation_eval_hits20_Qwen3_Reranker_0p6B,Qwen/Qwen3-Reranker-0.6B,top4_weighted,499,0.6816109119,0.7159827920,0.0343718801,tmp/qwen_aggregation_eval_hits20_Qwen3_Reranker_0p6B.json
Qwen_Qwen3_Reranker_0_6B__top4_weighted__qwen_aggregation_eval_hits20_Qwen3_Reranker_0p6B,Qwen/Qwen3-Reranker-0.6B,top4_weighted,515,0.2299254607,0.1823086250,-0.0476168357,tmp/qwen_aggregation_eval_hits20_Qwen3_Reranker_0p6B.json
Qwen_Qwen3_Reranker_0_6B__top4_weighted__qwen_aggregation_eval_hits20_Qwen3_Reranker_0p6B,Qwen/Qwen3-Reranker-0.6B,top4_weighted,707,0.2026664542,0.3686217447,0.1659552905,tmp/qwen_aggregation_eval_hits20_Qwen3_Reranker_0p6B.json
Qwen_Qwen3_Reranker_0_6B__top4_weighted__qwen_aggregation_eval_hits20_Qwen3_Reranker_0p6B,Qwen/Qwen3-Reranker-0.6B,top4_weighted,897,0.3048742399,0.4506236347,0.1457493948,tmp/qwen_aggregation_eval_hits20_Qwen3_Reranker_0p6B.json
Qwen_Qwen3_Reranker_0_6B__top4_weighted__qwen_aggregation_eval_hits50_Qwen3_Reranker_0p6B,Qwen/Qwen3-Reranker-0.6B,top4_weighted,14,0.3553332721,0.4381126375,0.0827793654,tmp/qwen_aggregation_eval_hits50_Qwen3_Reranker_0p6B.json
Qwen_Qwen3_Reranker_0_6B__top4_weighted__qwen_aggregation_eval_hits50_Qwen3_Reranker_0p6B,Qwen/Qwen3-Reranker-0.6B,top4_weighted,31,0.8478053202,0.6016703545,-0.2461349657,tmp/qwen_aggregation_eval_hits50_Qwen3_Reranker_0p6B.json
Qwen_Qwen3_Reranker_0_6B__top4_weighted__qwen_aggregation_eval_hits50_Qwen3_Reranker_0p6B,Qwen/Qwen3-Reranker-0.6B,top4_weighted,37,0.6389817974,0.5011641539,-0.1378176434,tmp/qwen_aggregation_eval_hits50_Qwen3_Reranker_0p6B.json
Qwen_Qwen3_Reranker_0_6B__top4_weighted__qwen_aggregation_eval_hits50_Qwen3_Reranker_0p6B,Qwen/Qwen3-Reranker-0.6B,top4_weighted,58,0.5008083446,0.5635986210,0.0627902764,tmp/qwen_aggregation_eval_hits50_Qwen3_Reranker_0p6B.json
Qwen_Qwen3_Reranker_0_6B__top4_weighted__qwen_aggregation_eval_hits50_Qwen3_Reranker_0p6B,Qwen/Qwen3-Reranker-0.6B,top4_weighted,72,0.3236594717,0.8179365700,0.4942770983,tmp/qwen_aggregation_eval_hits50_Qwen3_Reranker_0p6B.json
Qwen_Qwen3_Reranker_0_6B__top4_weighted__qwen_aggregation_eval_hits50_Qwen3_Reranker_0p6B,Qwen/Qwen3-Reranker-0.6B,top4_weighted,84,0.4918004153,0.5167817383,0.0249813231,tmp/qwen_aggregation_eval_hits50_Qwen3_Reranker_0p6B.json
Qwen_Qwen3_Reranker_0_6B__top4_weighted__qwen_aggregation_eval_hits50_Qwen3_Reranker_0p6B,Qwen/Qwen3-Reranker-0.6B,top4_weighted,144,0.0886758433,0.2022872210,0.1136113777,tmp/qwen_aggregation_eval_hits50_Qwen3_Reranker_0p6B.json
Qwen_Qwen3_Reranker_0_6B__top4_weighted__qwen_aggregation_eval_hits50_Qwen3_Reranker_0p6B,Qwen/Qwen3-Reranker-0.6B,top4_weighted,161,0.6663255611,0.6537234940,-0.0126020671,tmp/qwen_aggregation_eval_hits50_Qwen3_Reranker_0p6B.json
Qwen_Qwen3_Reranker_0_6B__top4_weighted__qwen_aggregation_eval_hits50_Qwen3_Reranker_0p6B,Qwen/Qwen3-Reranker-0.6B,top4_weighted,200,0.1400835882,0.4929068893,0.3528233011,tmp/qwen_aggregation_eval_hits50_Qwen3_Reranker_0p6B.json
Qwen_Qwen3_Reranker_0_6B__top4_weighted__qwen_aggregation_eval_hits50_Qwen3_Reranker_0p6B,Qwen/Qwen3-Reranker-0.6B,top4_weighted,213,0.1121597938,0.1988309209,0.0866711271,tmp/qwen_aggregation_eval_hits50_Qwen3_Reranker_0p6B.json
Qwen_Qwen3_Reranker_0_6B__top4_weighted__qwen_aggregation_eval_hits50_Qwen3_Reranker_0p6B,Qwen/Qwen3-Reranker-0.6B,top4_weighted,219,0.4933573156,0.3416264286,-0.1517308870,tmp/qwen_aggregation_eval_hits50_Qwen3_Reranker_0p6B.json
Qwen_Qwen3_Reranker_0_6B__top4_weighted__qwen_aggregation_eval_hits50_Qwen3_Reranker_0p6B,Qwen/Qwen3-Reranker-0.6B,top4_weighted,224,0.8164972119,0.5254453527,-0.2910518592,tmp/qwen_aggregation_eval_hits50_Qwen3_Reranker_0p6B.json
Qwen_Qwen3_Reranker_0_6B__top4_weighted__qwen_aggregation_eval_hits50_Qwen3_Reranker_0p6B,Qwen/Qwen3-Reranker-0.6B,top4_weighted,225,0.2572640430,0.3106943242,0.0534302812,tmp/qwen_aggregation_eval_hits50_Qwen3_Reranker_0p6B.json
Qwen_Qwen3_Reranker_0_6B__top4_weighted__qwen_aggregation_eval_hits50_Qwen3_Reranker_0p6B,Qwen/Qwen3-Reranker-0.6B,top4_weighted,233,0.5438357471,0.4133661394,-0.1304696078,tmp/qwen_aggregation_eval_hits50_Qwen3_Reranker_0p6B.json
Qwen_Qwen3_Reranker_0_6B__top4_weighted__qwen_aggregation_eval_hits50_Qwen3_Reranker_0p6B,Qwen/Qwen3-Reranker-0.6B,top4_weighted,273,0.3223275559,0.3431627453,0.0208351894,tmp/qwen_aggregation_eval_hits50_Qwen3_Reranker_0p6B.json
Qwen_Qwen3_Reranker_0_6B__top4_weighted__qwen_aggregation_eval_hits50_Qwen3_Reranker_0p6B,Qwen/Qwen3-Reranker-0.6B,top4_weighted,300,0.3546016102,0.4789681734,0.1243665632,tmp/qwen_aggregation_eval_hits50_Qwen3_Reranker_0p6B.json
Qwen_Qwen3_Reranker_0_6B__top4_weighted__qwen_aggregation_eval_hits50_Qwen3_Reranker_0p6B,Qwen/Qwen3-Reranker-0.6B,top4_weighted,407,0.2786364165,0.4337155183,0.1550791018,tmp/qwen_aggregation_eval_hits50_Qwen3_Reranker_0p6B.json
Qwen_Qwen3_Reranker_0_6B__top4_weighted__qwen_aggregation_eval_hits50_Qwen3_Reranker_0p6B,Qwen/Qwen3-Reranker-0.6B,top4_weighted,477,0.4559153326,0.5807063936,0.1247910610,tmp/qwen_aggregation_eval_hits50_Qwen3_Reranker_0p6B.json
Qwen_Qwen3_Reranker_0_6B__top4_weighted__qwen_aggregation_eval_hits50_Qwen3_Reranker_0p6B,Qwen/Qwen3-Reranker-0.6B,top4_weighted,499,0.6816109119,0.6250615666,-0.0565493452,tmp/qwen_aggregation_eval_hits50_Qwen3_Reranker_0p6B.json
Qwen_Qwen3_Reranker_0_6B__top4_weighted__qwen_aggregation_eval_hits50_Qwen3_Reranker_0p6B,Qwen/Qwen3-Reranker-0.6B,top4_weighted,515,0.2299254607,0.1709506154,-0.0589748454,tmp/qwen_aggregation_eval_hits50_Qwen3_Reranker_0p6B.json
Qwen_Qwen3_Reranker_0_6B__top4_weighted__qwen_aggregation_eval_hits50_Qwen3_Reranker_0p6B,Qwen/Qwen3-Reranker-0.6B,top4_weighted,707,0.2026664542,0.3379392414,0.1352727872,tmp/qwen_aggregation_eval_hits50_Qwen3_Reranker_0p6B.json
Qwen_Qwen3_Reranker_0_6B__top4_weighted__qwen_aggregation_eval_hits50_Qwen3_Reranker_0p6B,Qwen/Qwen3-Reranker-0.6B,top4_weighted,897,0.3048742399,0.3229983421,0.0181241022,tmp/qwen_aggregation_eval_hits50_Qwen3_Reranker_0p6B.json
Qwen_Qwen3_Reranker_0_6B__top4_weighted__qwen_aggregation_eval_hits50_Qwen3_Reranker_0p6B_gap2000,Qwen/Qwen3-Reranker-0.6B,top4_weighted,14,0.3553332721,0.4067362484,0.0514029763,tmp/qwen_aggregation_eval_hits50_Qwen3_Reranker_0p6B_gap2000.json
Qwen_Qwen3_Reranker_0_6B__top4_weighted__qwen_aggregation_eval_hits50_Qwen3_Reranker_0p6B_gap2000,Qwen/Qwen3-Reranker-0.6B,top4_weighted,31,0.8478053202,0.6603614922,-0.1874438280,tmp/qwen_aggregation_eval_hits50_Qwen3_Reranker_0p6B_gap2000.json
Qwen_Qwen3_Reranker_0_6B__top4_weighted__qwen_aggregation_eval_hits50_Qwen3_Reranker_0p6B_gap2000,Qwen/Qwen3-Reranker-0.6B,top4_weighted,37,0.6389817974,0.5084504992,-0.1305312981,tmp/qwen_aggregation_eval_hits50_Qwen3_Reranker_0p6B_gap2000.json
Qwen_Qwen3_Reranker_0_6B__top4_weighted__qwen_aggregation_eval_hits50_Qwen3_Reranker_0p6B_gap2000,Qwen/Qwen3-Reranker-0.6B,top4_weighted,58,0.5008083446,0.4694648043,-0.0313435403,tmp/qwen_aggregation_eval_hits50_Qwen3_Reranker_0p6B_gap2000.json
Qwen_Qwen3_Reranker_0_6B__top4_weighted__qwen_aggregation_eval_hits50_Qwen3_Reranker_0p6B_gap2000,Qwen/Qwen3-Reranker-0.6B,top4_weighted,72,0.3236594717,0.9051842111,0.5815247395,tmp/qwen_aggregation_eval_hits50_Qwen3_Reranker_0p6B_gap2000.json
Qwen_Qwen3_Reranker_0_6B__top4_weighted__qwen_aggregation_eval_hits50_Qwen3_Reranker_0p6B_gap2000,Qwen/Qwen3-Reranker-0.6B,top4_weighted,84,0.4918004153,0.4718809240,-0.0199194913,tmp/qwen_aggregation_eval_hits50_Qwen3_Reranker_0p6B_gap2000.json
Qwen_Qwen3_Reranker_0_6B__top4_weighted__qwen_aggregation_eval_hits50_Qwen3_Reranker_0p6B_gap2000,Qwen/Qwen3-Reranker-0.6B,top4_weighted,144,0.0886758433,0.1951246441,0.1064488008,tmp/qwen_aggregation_eval_hits50_Qwen3_Reranker_0p6B_gap2000.json
Qwen_Qwen3_Reranker_0_6B__top4_weighted__qwen_aggregation_eval_hits50_Qwen3_Reranker_0p6B_gap2000,Qwen/Qwen3-Reranker-0.6B,top4_weighted,161,0.6663255611,0.6406114177,-0.0257141434,tmp/qwen_aggregation_eval_hits50_Qwen3_Reranker_0p6B_gap2000.json
Qwen_Qwen3_Reranker_0_6B__top4_weighted__qwen_aggregation_eval_hits50_Qwen3_Reranker_0p6B_gap2000,Qwen/Qwen3-Reranker-0.6B,top4_weighted,200,0.1400835882,0.5918071183,0.4517235301,tmp/qwen_aggregation_eval_hits50_Qwen3_Reranker_0p6B_gap2000.json
Qwen_Qwen3_Reranker_0_6B__top4_weighted__qwen_aggregation_eval_hits50_Qwen3_Reranker_0p6B_gap2000,Qwen/Qwen3-Reranker-0.6B,top4_weighted,213,0.1121597938,0.1371068147,0.0249470209,tmp/qwen_aggregation_eval_hits50_Qwen3_Reranker_0p6B_gap2000.json
Qwen_Qwen3_Reranker_0_6B__top4_weighted__qwen_aggregation_eval_hits50_Qwen3_Reranker_0p6B_gap2000,Qwen/Qwen3-Reranker-0.6B,top4_weighted,219,0.4933573156,0.3416264286,-0.1517308870,tmp/qwen_aggregation_eval_hits50_Qwen3_Reranker_0p6B_gap2000.json
Qwen_Qwen3_Reranker_0_6B__top4_weighted__qwen_aggregation_eval_hits50_Qwen3_Reranker_0p6B_gap2000,Qwen/Qwen3-Reranker-0.6B,top4_weighted,224,0.8164972119,0.5758402751,-0.2406569368,tmp/qwen_aggregation_eval_hits50_Qwen3_Reranker_0p6B_gap2000.json
Qwen_Qwen3_Reranker_0_6B__top4_weighted__qwen_aggregation_eval_hits50_Qwen3_Reranker_0p6B_gap2000,Qwen/Qwen3-Reranker-0.6B,top4_weighted,225,0.2572640430,0.3145588029,0.0572947598,tmp/qwen_aggregation_eval_hits50_Qwen3_Reranker_0p6B_gap2000.json
Qwen_Qwen3_Reranker_0_6B__top4_weighted__qwen_aggregation_eval_hits50_Qwen3_Reranker_0p6B_gap2000,Qwen/Qwen3-Reranker-0.6B,top4_weighted,233,0.5438357471,0.3884065479,-0.1554291992,tmp/qwen_aggregation_eval_hits50_Qwen3_Reranker_0p6B_gap2000.json
Qwen_Qwen3_Reranker_0_6B__top4_weighted__qwen_aggregation_eval_hits50_Qwen3_Reranker_0p6B_gap2000,Qwen/Qwen3-Reranker-0.6B,top4_weighted,273,0.3223275559,0.3948809838,0.0725534279,tmp/qwen_aggregation_eval_hits50_Qwen3_Reranker_0p6B_gap2000.json
Qwen_Qwen3_Reranker_0_6B__top4_weighted__qwen_aggregation_eval_hits50_Qwen3_Reranker_0p6B_gap2000,Qwen/Qwen3-Reranker-0.6B,top4_weighted,300,0.3546016102,0.4729463318,0.1183447215,tmp/qwen_aggregation_eval_hits50_Qwen3_Reranker_0p6B_gap2000.json
Qwen_Qwen3_Reranker_0_6B__top4_weighted__qwen_aggregation_eval_hits50_Qwen3_Reranker_0p6B_gap2000,Qwen/Qwen3-Reranker-0.6B,top4_weighted,407,0.2786364165,0.4788566395,0.2002202230,tmp/qwen_aggregation_eval_hits50_Qwen3_Reranker_0p6B_gap2000.json
Qwen_Qwen3_Reranker_0_6B__top4_weighted__qwen_aggregation_eval_hits50_Qwen3_Reranker_0p6B_gap2000,Qwen/Qwen3-Reranker-0.6B,top4_weighted,477,0.4559153326,0.5769393866,0.1210240539,tmp/qwen_aggregation_eval_hits50_Qwen3_Reranker_0p6B_gap2000.json
Qwen_Qwen3_Reranker_0_6B__top4_weighted__qwen_aggregation_eval_hits50_Qwen3_Reranker_0p6B_gap2000,Qwen/Qwen3-Reranker-0.6B,top4_weighted,499,0.6816109119,0.5668277655,-0.1147831464,tmp/qwen_aggregation_eval_hits50_Qwen3_Reranker_0p6B_gap2000.json
Qwen_Qwen3_Reranker_0_6B__top4_weighted__qwen_aggregation_eval_hits50_Qwen3_Reranker_0p6B_gap2000,Qwen/Qwen3-Reranker-0.6B,top4_weighted,515,0.2299254607,0.1505095109,-0.0794159499,tmp/qwen_aggregation_eval_hits50_Qwen3_Reranker_0p6B_gap2000.json
Qwen_Qwen3_Reranker_0_6B__top4_weighted__qwen_aggregation_eval_hits50_Qwen3_Reranker_0p6B_gap2000,Qwen/Qwen3-Reranker-0.6B,top4_weighted,707,0.2026664542,0.3140468163,0.1113803621,tmp/qwen_aggregation_eval_hits50_Qwen3_Reranker_0p6B_gap2000.json
Qwen_Qwen3_Reranker_0_6B__top4_weighted__qwen_aggregation_eval_hits50_Qwen3_Reranker_0p6B_gap2000,Qwen/Qwen3-Reranker-0.6B,top4_weighted,897,0.3048742399,0.3334483643,0.0285741244,tmp/qwen_aggregation_eval_hits50_Qwen3_Reranker_0p6B_gap2000.json
Qwen_Qwen3_Reranker_0_6B__top4_weighted__qwen_aggregation_eval_hits50_Qwen3_Reranker_0p6B_gap3000,Qwen/Qwen3-Reranker-0.6B,top4_weighted,14,0.3553332721,0.4067362484,0.0514029763,tmp/qwen_aggregation_eval_hits50_Qwen3_Reranker_0p6B_gap3000.json
Qwen_Qwen3_Reranker_0_6B__top4_weighted__qwen_aggregation_eval_hits50_Qwen3_Reranker_0p6B_gap3000,Qwen/Qwen3-Reranker-0.6B,top4_weighted,31,0.8478053202,0.6603614922,-0.1874438280,tmp/qwen_aggregation_eval_hits50_Qwen3_Reranker_0p6B_gap3000.json
Qwen_Qwen3_Reranker_0_6B__top4_weighted__qwen_aggregation_eval_hits50_Qwen3_Reranker_0p6B_gap3000,Qwen/Qwen3-Reranker-0.6B,top4_weighted,37,0.6389817974,0.5084504992,-0.1305312981,tmp/qwen_aggregation_eval_hits50_Qwen3_Reranker_0p6B_gap3000.json
Qwen_Qwen3_Reranker_0_6B__top4_weighted__qwen_aggregation_eval_hits50_Qwen3_Reranker_0p6B_gap3000,Qwen/Qwen3-Reranker-0.6B,top4_weighted,58,0.5008083446,0.4694648043,-0.0313435403,tmp/qwen_aggregation_eval_hits50_Qwen3_Reranker_0p6B_gap3000.json
Qwen_Qwen3_Reranker_0_6B__top4_weighted__qwen_aggregation_eval_hits50_Qwen3_Reranker_0p6B_gap3000,Qwen/Qwen3-Reranker-0.6B,top4_weighted,72,0.3236594717,0.9051842111,0.5815247395,tmp/qwen_aggregation_eval_hits50_Qwen3_Reranker_0p6B_gap3000.json
Qwen_Qwen3_Reranker_0_6B__top4_weighted__qwen_aggregation_eval_hits50_Qwen3_Reranker_0p6B_gap3000,Qwen/Qwen3-Reranker-0.6B,top4_weighted,84,0.4918004153,0.4718809240,-0.0199194913,tmp/qwen_aggregation_eval_hits50_Qwen3_Reranker_0p6B_gap3000.json
Qwen_Qwen3_Reranker_0_6B__top4_weighted__qwen_aggregation_eval_hits50_Qwen3_Reranker_0p6B_gap3000,Qwen/Qwen3-Reranker-0.6B,top4_weighted,144,0.0886758433,0.1951246441,0.1064488008,tmp/qwen_aggregation_eval_hits50_Qwen3_Reranker_0p6B_gap3000.json
Qwen_Qwen3_Reranker_0_6B__top4_weighted__qwen_aggregation_eval_hits50_Qwen3_Reranker_0p6B_gap3000,Qwen/Qwen3-Reranker-0.6B,top4_weighted,161,0.6663255611,0.6406114177,-0.0257141434,tmp/qwen_aggregation_eval_hits50_Qwen3_Reranker_0p6B_gap3000.json
Qwen_Qwen3_Reranker_0_6B__top4_weighted__qwen_aggregation_eval_hits50_Qwen3_Reranker_0p6B_gap3000,Qwen/Qwen3-Reranker-0.6B,top4_weighted,200,0.1400835882,0.5918071183,0.4517235301,tmp/qwen_aggregation_eval_hits50_Qwen3_Reranker_0p6B_gap3000.json
Qwen_Qwen3_Reranker_0_6B__top4_weighted__qwen_aggregation_eval_hits50_Qwen3_Reranker_0p6B_gap3000,Qwen/Qwen3-Reranker-0.6B,top4_weighted,213,0.1121597938,0.1371068147,0.0249470209,tmp/qwen_aggregation_eval_hits50_Qwen3_Reranker_0p6B_gap3000.json
Qwen_Qwen3_Reranker_0_6B__top4_weighted__qwen_aggregation_eval_hits50_Qwen3_Reranker_0p6B_gap3000,Qwen/Qwen3-Reranker-0.6B,top4_weighted,219,0.4933573156,0.3416264286,-0.1517308870,tmp/qwen_aggregation_eval_hits50_Qwen3_Reranker_0p6B_gap3000.json
Qwen_Qwen3_Reranker_0_6B__top4_weighted__qwen_aggregation_eval_hits50_Qwen3_Reranker_0p6B_gap3000,Qwen/Qwen3-Reranker-0.6B,top4_weighted,224,0.8164972119,0.5758402751,-0.2406569368,tmp/qwen_aggregation_eval_hits50_Qwen3_Reranker_0p6B_gap3000.json
Qwen_Qwen3_Reranker_0_6B__top4_weighted__qwen_aggregation_eval_hits50_Qwen3_Reranker_0p6B_gap3000,Qwen/Qwen3-Reranker-0.6B,top4_weighted,225,0.2572640430,0.3145588029,0.0572947598,tmp/qwen_aggregation_eval_hits50_Qwen3_Reranker_0p6B_gap3000.json
Qwen_Qwen3_Reranker_0_6B__top4_weighted__qwen_aggregation_eval_hits50_Qwen3_Reranker_0p6B_gap3000,Qwen/Qwen3-Reranker-0.6B,top4_weighted,233,0.5438357471,0.3884065479,-0.1554291992,tmp/qwen_aggregation_eval_hits50_Qwen3_Reranker_0p6B_gap3000.json
Qwen_Qwen3_Reranker_0_6B__top4_weighted__qwen_aggregation_eval_hits50_Qwen3_Reranker_0p6B_gap3000,Qwen/Qwen3-Reranker-0.6B,top4_weighted,273,0.3223275559,0.3948809838,0.0725534279,tmp/qwen_aggregation_eval_hits50_Qwen3_Reranker_0p6B_gap3000.json
Qwen_Qwen3_Reranker_0_6B__top4_weighted__qwen_aggregation_eval_hits50_Qwen3_Reranker_0p6B_gap3000,Qwen/Qwen3-Reranker-0.6B,top4_weighted,300,0.3546016102,0.4729463318,0.1183447215,tmp/qwen_aggregation_eval_hits50_Qwen3_Reranker_0p6B_gap3000.json
Qwen_Qwen3_Reranker_0_6B__top4_weighted__qwen_aggregation_eval_hits50_Qwen3_Reranker_0p6B_gap3000,Qwen/Qwen3-Reranker-0.6B,top4_weighted,407,0.2786364165,0.4788566395,0.2002202230,tmp/qwen_aggregation_eval_hits50_Qwen3_Reranker_0p6B_gap3000.json
Qwen_Qwen3_Reranker_0_6B__top4_weighted__qwen_aggregation_eval_hits50_Qwen3_Reranker_0p6B_gap3000,Qwen/Qwen3-Reranker-0.6B,top4_weighted,477,0.4559153326,0.5769393866,0.1210240539,tmp/qwen_aggregation_eval_hits50_Qwen3_Reranker_0p6B_gap3000.json
Qwen_Qwen3_Reranker_0_6B__top4_weighted__qwen_aggregation_eval_hits50_Qwen3_Reranker_0p6B_gap3000,Qwen/Qwen3-Reranker-0.6B,top4_weighted,499,0.6816109119,0.5668277655,-0.1147831464,tmp/qwen_aggregation_eval_hits50_Qwen3_Reranker_0p6B_gap3000.json
Qwen_Qwen3_Reranker_0_6B__top4_weighted__qwen_aggregation_eval_hits50_Qwen3_Reranker_0p6B_gap3000,Qwen/Qwen3-Reranker-0.6B,top4_weighted,515,0.2299254607,0.1505095109,-0.0794159499,tmp/qwen_aggregation_eval_hits50_Qwen3_Reranker_0p6B_gap3000.json
Qwen_Qwen3_Reranker_0_6B__top4_weighted__qwen_aggregation_eval_hits50_Qwen3_Reranker_0p6B_gap3000,Qwen/Qwen3-Reranker-0.6B,top4_weighted,707,0.2026664542,0.3140468163,0.1113803621,tmp/qwen_aggregation_eval_hits50_Qwen3_Reranker_0p6B_gap3000.json
Qwen_Qwen3_Reranker_0_6B__top4_weighted__qwen_aggregation_eval_hits50_Qwen3_Reranker_0p6B_gap3000,Qwen/Qwen3-Reranker-0.6B,top4_weighted,897,0.3048742399,0.3334483643,0.0285741244,tmp/qwen_aggregation_eval_hits50_Qwen3_Reranker_0p6B_gap3000.json
Qwen_Qwen3_Reranker_0_6B__top4_weighted__qwen_aggregation_eval_hits50_Qwen3_Reranker_0p6B_ov0,Qwen/Qwen3-Reranker-0.6B,top4_weighted,14,0.3553332721,0.4973730750,0.1420398029,tmp/qwen_aggregation_eval_hits50_Qwen3_Reranker_0p6B_ov0.json
Qwen_Qwen3_Reranker_0_6B__top4_weighted__qwen_aggregation_eval_hits50_Qwen3_Reranker_0p6B_ov0,Qwen/Qwen3-Reranker-0.6B,top4_weighted,31,0.8478053202,0.6935996380,-0.1542056823,tmp/qwen_aggregation_eval_hits50_Qwen3_Reranker_0p6B_ov0.json
Qwen_Qwen3_Reranker_0_6B__top4_weighted__qwen_aggregation_eval_hits50_Qwen3_Reranker_0p6B_ov0,Qwen/Qwen3-Reranker-0.6B,top4_weighted,37,0.6389817974,0.4625056016,-0.1764761958,tmp/qwen_aggregation_eval_hits50_Qwen3_Reranker_0p6B_ov0.json
Qwen_Qwen3_Reranker_0_6B__top4_weighted__qwen_aggregation_eval_hits50_Qwen3_Reranker_0p6B_ov0,Qwen/Qwen3-Reranker-0.6B,top4_weighted,58,0.5008083446,0.5017613458,0.0009530011,tmp/qwen_aggregation_eval_hits50_Qwen3_Reranker_0p6B_ov0.json
Qwen_Qwen3_Reranker_0_6B__top4_weighted__qwen_aggregation_eval_hits50_Qwen3_Reranker_0p6B_ov0,Qwen/Qwen3-Reranker-0.6B,top4_weighted,72,0.3236594717,0.8009834293,0.4773239576,tmp/qwen_aggregation_eval_hits50_Qwen3_Reranker_0p6B_ov0.json
Qwen_Qwen3_Reranker_0_6B__top4_weighted__qwen_aggregation_eval_hits50_Qwen3_Reranker_0p6B_ov0,Qwen/Qwen3-Reranker-0.6B,top4_weighted,84,0.4918004153,0.5713977580,0.0795973427,tmp/qwen_aggregation_eval_hits50_Qwen3_Reranker_0p6B_ov0.json
Qwen_Qwen3_Reranker_0_6B__top4_weighted__qwen_aggregation_eval_hits50_Qwen3_Reranker_0p6B_ov0,Qwen/Qwen3-Reranker-0.6B,top4_weighted,144,0.0886758433,0.1972494066,0.1085735633,tmp/qwen_aggregation_eval_hits50_Qwen3_Reranker_0p6B_ov0.json
Qwen_Qwen3_Reranker_0_6B__top4_weighted__qwen_aggregation_eval_hits50_Qwen3_Reranker_0p6B_ov0,Qwen/Qwen3-Reranker-0.6B,top4_weighted,161,0.6663255611,0.7201465083,0.0538209472,tmp/qwen_aggregation_eval_hits50_Qwen3_Reranker_0p6B_ov0.json
Qwen_Qwen3_Reranker_0_6B__top4_weighted__qwen_aggregation_eval_hits50_Qwen3_Reranker_0p6B_ov0,Qwen/Qwen3-Reranker-0.6B,top4_weighted,200,0.1400835882,0.5578903472,0.4178067590,tmp/qwen_aggregation_eval_hits50_Qwen3_Reranker_0p6B_ov0.json
Qwen_Qwen3_Reranker_0_6B__top4_weighted__qwen_aggregation_eval_hits50_Qwen3_Reranker_0p6B_ov0,Qwen/Qwen3-Reranker-0.6B,top4_weighted,213,0.1121597938,0.1382413787,0.0260815849,tmp/qwen_aggregation_eval_hits50_Qwen3_Reranker_0p6B_ov0.json
Qwen_Qwen3_Reranker_0_6B__top4_weighted__qwen_aggregation_eval_hits50_Qwen3_Reranker_0p6B_ov0,Qwen/Qwen3-Reranker-0.6B,top4_weighted,219,0.4933573156,0.2726909311,-0.2206663845,tmp/qwen_aggregation_eval_hits50_Qwen3_Reranker_0p6B_ov0.json
Qwen_Qwen3_Reranker_0_6B__top4_weighted__qwen_aggregation_eval_hits50_Qwen3_Reranker_0p6B_ov0,Qwen/Qwen3-Reranker-0.6B,top4_weighted,224,0.8164972119,0.5758402751,-0.2406569368,tmp/qwen_aggregation_eval_hits50_Qwen3_Reranker_0p6B_ov0.json
Qwen_Qwen3_Reranker_0_6B__top4_weighted__qwen_aggregation_eval_hits50_Qwen3_Reranker_0p6B_ov0,Qwen/Qwen3-Reranker-0.6B,top4_weighted,225,0.2572640430,0.3110353103,0.0537712673,tmp/qwen_aggregation_eval_hits50_Qwen3_Reranker_0p6B_ov0.json
Qwen_Qwen3_Reranker_0_6B__top4_weighted__qwen_aggregation_eval_hits50_Qwen3_Reranker_0p6B_ov0,Qwen/Qwen3-Reranker-0.6B,top4_weighted,233,0.5438357471,0.3983414348,-0.1454943123,tmp/qwen_aggregation_eval_hits50_Qwen3_Reranker_0p6B_ov0.json
Qwen_Qwen3_Reranker_0_6B__top4_weighted__qwen_aggregation_eval_hits50_Qwen3_Reranker_0p6B_ov0,Qwen/Qwen3-Reranker-0.6B,top4_weighted,273,0.3223275559,0.3289284976,0.0066009416,tmp/qwen_aggregation_eval_hits50_Qwen3_Reranker_0p6B_ov0.json
Qwen_Qwen3_Reranker_0_6B__top4_weighted__qwen_aggregation_eval_hits50_Qwen3_Reranker_0p6B_ov0,Qwen/Qwen3-Reranker-0.6B,top4_weighted,300,0.3546016102,0.4590703781,0.1044687679,tmp/qwen_aggregation_eval_hits50_Qwen3_Reranker_0p6B_ov0.json
Qwen_Qwen3_Reranker_0_6B__top4_weighted__qwen_aggregation_eval_hits50_Qwen3_Reranker_0p6B_ov0,Qwen/Qwen3-Reranker-0.6B,top4_weighted,407,0.2786364165,0.4582182205,0.1795818040,tmp/qwen_aggregation_eval_hits50_Qwen3_Reranker_0p6B_ov0.json
Qwen_Qwen3_Reranker_0_6B__top4_weighted__qwen_aggregation_eval_hits50_Qwen3_Reranker_0p6B_ov0,Qwen/Qwen3-Reranker-0.6B,top4_weighted,477,0.4559153326,0.6053521315,0.1494367988,tmp/qwen_aggregation_eval_hits50_Qwen3_Reranker_0p6B_ov0.json
Qwen_Qwen3_Reranker_0_6B__top4_weighted__qwen_aggregation_eval_hits50_Qwen3_Reranker_0p6B_ov0,Qwen/Qwen3-Reranker-0.6B,top4_weighted,499,0.6816109119,0.6371686949,-0.0444422169,tmp/qwen_aggregation_eval_hits50_Qwen3_Reranker_0p6B_ov0.json
Qwen_Qwen3_Reranker_0_6B__top4_weighted__qwen_aggregation_eval_hits50_Qwen3_Reranker_0p6B_ov0,Qwen/Qwen3-Reranker-0.6B,top4_weighted,515,0.2299254607,0.1664677036,-0.0634577572,tmp/qwen_aggregation_eval_hits50_Qwen3_Reranker_0p6B_ov0.json
Qwen_Qwen3_Reranker_0_6B__top4_weighted__qwen_aggregation_eval_hits50_Qwen3_Reranker_0p6B_ov0,Qwen/Qwen3-Reranker-0.6B,top4_weighted,707,0.2026664542,0.4577557888,0.2550893346,tmp/qwen_aggregation_eval_hits50_Qwen3_Reranker_0p6B_ov0.json
Qwen_Qwen3_Reranker_0_6B__top4_weighted__qwen_aggregation_eval_hits50_Qwen3_Reranker_0p6B_ov0,Qwen/Qwen3-Reranker-0.6B,top4_weighted,897,0.3048742399,0.3424859421,0.0376117022,tmp/qwen_aggregation_eval_hits50_Qwen3_Reranker_0p6B_ov0.json
Qwen_Qwen3_Reranker_4B__max_plus_support__qwen_aggregation_eval_hits20_Qwen3_Reranker_4B,Qwen/Qwen3-Reranker-4B,max_plus_support,14,0.3553332721,0.4609227653,0.1055894932,tmp/qwen_aggregation_eval_hits20_Qwen3_Reranker_4B.json
Qwen_Qwen3_Reranker_4B__max_plus_support__qwen_aggregation_eval_hits20_Qwen3_Reranker_4B,Qwen/Qwen3-Reranker-4B,max_plus_support,31,0.8478053202,0.6926853744,-0.1551199458,tmp/qwen_aggregation_eval_hits20_Qwen3_Reranker_4B.json
Qwen_Qwen3_Reranker_4B__max_plus_support__qwen_aggregation_eval_hits20_Qwen3_Reranker_4B,Qwen/Qwen3-Reranker-4B,max_plus_support,37,0.6389817974,0.2840433468,-0.3549384506,tmp/qwen_aggregation_eval_hits20_Qwen3_Reranker_4B.json
Qwen_Qwen3_Reranker_4B__max_plus_support__qwen_aggregation_eval_hits20_Qwen3_Reranker_4B,Qwen/Qwen3-Reranker-4B,max_plus_support,58,0.5008083446,0.5133627768,0.0125544322,tmp/qwen_aggregation_eval_hits20_Qwen3_Reranker_4B.json
Qwen_Qwen3_Reranker_4B__max_plus_support__qwen_aggregation_eval_hits20_Qwen3_Reranker_4B,Qwen/Qwen3-Reranker-4B,max_plus_support,72,0.3236594717,0.5603807997,0.2367213280,tmp/qwen_aggregation_eval_hits20_Qwen3_Reranker_4B.json
Qwen_Qwen3_Reranker_4B__max_plus_support__qwen_aggregation_eval_hits20_Qwen3_Reranker_4B,Qwen/Qwen3-Reranker-4B,max_plus_support,84,0.4918004153,0.5607952971,0.0689948818,tmp/qwen_aggregation_eval_hits20_Qwen3_Reranker_4B.json
Qwen_Qwen3_Reranker_4B__max_plus_support__qwen_aggregation_eval_hits20_Qwen3_Reranker_4B,Qwen/Qwen3-Reranker-4B,max_plus_support,144,0.0886758433,0.1668991414,0.0782232981,tmp/qwen_aggregation_eval_hits20_Qwen3_Reranker_4B.json
Qwen_Qwen3_Reranker_4B__max_plus_support__qwen_aggregation_eval_hits20_Qwen3_Reranker_4B,Qwen/Qwen3-Reranker-4B,max_plus_support,161,0.6663255611,0.5443371950,-0.1219883661,tmp/qwen_aggregation_eval_hits20_Qwen3_Reranker_4B.json
Qwen_Qwen3_Reranker_4B__max_plus_support__qwen_aggregation_eval_hits20_Qwen3_Reranker_4B,Qwen/Qwen3-Reranker-4B,max_plus_support,200,0.1400835882,0.2448614638,0.1047778756,tmp/qwen_aggregation_eval_hits20_Qwen3_Reranker_4B.json
Qwen_Qwen3_Reranker_4B__max_plus_support__qwen_aggregation_eval_hits20_Qwen3_Reranker_4B,Qwen/Qwen3-Reranker-4B,max_plus_support,213,0.1121597938,0.2849705759,0.1728107821,tmp/qwen_aggregation_eval_hits20_Qwen3_Reranker_4B.json
Qwen_Qwen3_Reranker_4B__max_plus_support__qwen_aggregation_eval_hits20_Qwen3_Reranker_4B,Qwen/Qwen3-Reranker-4B,max_plus_support,219,0.4933573156,0.4613631212,-0.0319941944,tmp/qwen_aggregation_eval_hits20_Qwen3_Reranker_4B.json
Qwen_Qwen3_Reranker_4B__max_plus_support__qwen_aggregation_eval_hits20_Qwen3_Reranker_4B,Qwen/Qwen3-Reranker-4B,max_plus_support,224,0.8164972119,0.5908901470,-0.2256070649,tmp/qwen_aggregation_eval_hits20_Qwen3_Reranker_4B.json
Qwen_Qwen3_Reranker_4B__max_plus_support__qwen_aggregation_eval_hits20_Qwen3_Reranker_4B,Qwen/Qwen3-Reranker-4B,max_plus_support,225,0.2572640430,0.2087331362,-0.0485309068,tmp/qwen_aggregation_eval_hits20_Qwen3_Reranker_4B.json
Qwen_Qwen3_Reranker_4B__max_plus_support__qwen_aggregation_eval_hits20_Qwen3_Reranker_4B,Qwen/Qwen3-Reranker-4B,max_plus_support,233,0.5438357471,0.5878505975,0.0440148503,tmp/qwen_aggregation_eval_hits20_Qwen3_Reranker_4B.json
Qwen_Qwen3_Reranker_4B__max_plus_support__qwen_aggregation_eval_hits20_Qwen3_Reranker_4B,Qwen/Qwen3-Reranker-4B,max_plus_support,273,0.3223275559,0.3435823804,0.0212548245,tmp/qwen_aggregation_eval_hits20_Qwen3_Reranker_4B.json
Qwen_Qwen3_Reranker_4B__max_plus_support__qwen_aggregation_eval_hits20_Qwen3_Reranker_4B,Qwen/Qwen3-Reranker-4B,max_plus_support,300,0.3546016102,0.3620228431,0.0074212328,tmp/qwen_aggregation_eval_hits20_Qwen3_Reranker_4B.json
Qwen_Qwen3_Reranker_4B__max_plus_support__qwen_aggregation_eval_hits20_Qwen3_Reranker_4B,Qwen/Qwen3-Reranker-4B,max_plus_support,407,0.2786364165,0.5025940761,0.2239576596,tmp/qwen_aggregation_eval_hits20_Qwen3_Reranker_4B.json
Qwen_Qwen3_Reranker_4B__max_plus_support__qwen_aggregation_eval_hits20_Qwen3_Reranker_4B,Qwen/Qwen3-Reranker-4B,max_plus_support,477,0.4559153326,0.6598526439,0.2039373112,tmp/qwen_aggregation_eval_hits20_Qwen3_Reranker_4B.json
Qwen_Qwen3_Reranker_4B__max_plus_support__qwen_aggregation_eval_hits20_Qwen3_Reranker_4B,Qwen/Qwen3-Reranker-4B,max_plus_support,499,0.6816109119,0.6853772803,0.0037663684,tmp/qwen_aggregation_eval_hits20_Qwen3_Reranker_4B.json
Qwen_Qwen3_Reranker_4B__max_plus_support__qwen_aggregation_eval_hits20_Qwen3_Reranker_4B,Qwen/Qwen3-Reranker-4B,max_plus_support,515,0.2299254607,0.1373512277,-0.0925742330,tmp/qwen_aggregation_eval_hits20_Qwen3_Reranker_4B.json
Qwen_Qwen3_Reranker_4B__max_plus_support__qwen_aggregation_eval_hits20_Qwen3_Reranker_4B,Qwen/Qwen3-Reranker-4B,max_plus_support,707,0.2026664542,0.4081158239,0.2054493697,tmp/qwen_aggregation_eval_hits20_Qwen3_Reranker_4B.json
Qwen_Qwen3_Reranker_4B__max_plus_support__qwen_aggregation_eval_hits20_Qwen3_Reranker_4B,Qwen/Qwen3-Reranker-4B,max_plus_support,897,0.3048742399,0.4234282041,0.1185539642,tmp/qwen_aggregation_eval_hits20_Qwen3_Reranker_4B.json
Qwen_Qwen3_Reranker_4B__max_plus_support__qwen_aggregation_eval_hits50_Qwen3_Reranker_4B,Qwen/Qwen3-Reranker-4B,max_plus_support,14,0.3553332721,0.4213424130,0.0660091409,tmp/qwen_aggregation_eval_hits50_Qwen3_Reranker_4B.json
Qwen_Qwen3_Reranker_4B__max_plus_support__qwen_aggregation_eval_hits50_Qwen3_Reranker_4B,Qwen/Qwen3-Reranker-4B,max_plus_support,31,0.8478053202,0.7187503266,-0.1290549936,tmp/qwen_aggregation_eval_hits50_Qwen3_Reranker_4B.json
Qwen_Qwen3_Reranker_4B__max_plus_support__qwen_aggregation_eval_hits50_Qwen3_Reranker_4B,Qwen/Qwen3-Reranker-4B,max_plus_support,37,0.6389817974,0.2375286260,-0.4014531713,tmp/qwen_aggregation_eval_hits50_Qwen3_Reranker_4B.json
Qwen_Qwen3_Reranker_4B__max_plus_support__qwen_aggregation_eval_hits50_Qwen3_Reranker_4B,Qwen/Qwen3-Reranker-4B,max_plus_support,58,0.5008083446,0.4504968846,-0.0503114600,tmp/qwen_aggregation_eval_hits50_Qwen3_Reranker_4B.json
Qwen_Qwen3_Reranker_4B__max_plus_support__qwen_aggregation_eval_hits50_Qwen3_Reranker_4B,Qwen/Qwen3-Reranker-4B,max_plus_support,72,0.3236594717,0.5691805558,0.2455210841,tmp/qwen_aggregation_eval_hits50_Qwen3_Reranker_4B.json
Qwen_Qwen3_Reranker_4B__max_plus_support__qwen_aggregation_eval_hits50_Qwen3_Reranker_4B,Qwen/Qwen3-Reranker-4B,max_plus_support,84,0.4918004153,0.6630468556,0.1712464403,tmp/qwen_aggregation_eval_hits50_Qwen3_Reranker_4B.json
Qwen_Qwen3_Reranker_4B__max_plus_support__qwen_aggregation_eval_hits50_Qwen3_Reranker_4B,Qwen/Qwen3-Reranker-4B,max_plus_support,144,0.0886758433,0.1826202275,0.0939443842,tmp/qwen_aggregation_eval_hits50_Qwen3_Reranker_4B.json
Qwen_Qwen3_Reranker_4B__max_plus_support__qwen_aggregation_eval_hits50_Qwen3_Reranker_4B,Qwen/Qwen3-Reranker-4B,max_plus_support,161,0.6663255611,0.6319898711,-0.0343356900,tmp/qwen_aggregation_eval_hits50_Qwen3_Reranker_4B.json
Qwen_Qwen3_Reranker_4B__max_plus_support__qwen_aggregation_eval_hits50_Qwen3_Reranker_4B,Qwen/Qwen3-Reranker-4B,max_plus_support,200,0.1400835882,0.2590269529,0.1189433647,tmp/qwen_aggregation_eval_hits50_Qwen3_Reranker_4B.json
Qwen_Qwen3_Reranker_4B__max_plus_support__qwen_aggregation_eval_hits50_Qwen3_Reranker_4B,Qwen/Qwen3-Reranker-4B,max_plus_support,213,0.1121597938,0.2577392988,0.1455795050,tmp/qwen_aggregation_eval_hits50_Qwen3_Reranker_4B.json
Qwen_Qwen3_Reranker_4B__max_plus_support__qwen_aggregation_eval_hits50_Qwen3_Reranker_4B,Qwen/Qwen3-Reranker-4B,max_plus_support,219,0.4933573156,0.3670662988,-0.1262910168,tmp/qwen_aggregation_eval_hits50_Qwen3_Reranker_4B.json
Qwen_Qwen3_Reranker_4B__max_plus_support__qwen_aggregation_eval_hits50_Qwen3_Reranker_4B,Qwen/Qwen3-Reranker-4B,max_plus_support,224,0.8164972119,0.5693414823,-0.2471557296,tmp/qwen_aggregation_eval_hits50_Qwen3_Reranker_4B.json
Qwen_Qwen3_Reranker_4B__max_plus_support__qwen_aggregation_eval_hits50_Qwen3_Reranker_4B,Qwen/Qwen3-Reranker-4B,max_plus_support,225,0.2572640430,0.3366770873,0.0794130443,tmp/qwen_aggregation_eval_hits50_Qwen3_Reranker_4B.json
Qwen_Qwen3_Reranker_4B__max_plus_support__qwen_aggregation_eval_hits50_Qwen3_Reranker_4B,Qwen/Qwen3-Reranker-4B,max_plus_support,233,0.5438357471,0.4318718012,-0.1119639459,tmp/qwen_aggregation_eval_hits50_Qwen3_Reranker_4B.json
Qwen_Qwen3_Reranker_4B__max_plus_support__qwen_aggregation_eval_hits50_Qwen3_Reranker_4B,Qwen/Qwen3-Reranker-4B,max_plus_support,273,0.3223275559,0.5065286009,0.1842010450,tmp/qwen_aggregation_eval_hits50_Qwen3_Reranker_4B.json
Qwen_Qwen3_Reranker_4B__max_plus_support__qwen_aggregation_eval_hits50_Qwen3_Reranker_4B,Qwen/Qwen3-Reranker-4B,max_plus_support,300,0.3546016102,0.3840026720,0.0294010618,tmp/qwen_aggregation_eval_hits50_Qwen3_Reranker_4B.json
Qwen_Qwen3_Reranker_4B__max_plus_support__qwen_aggregation_eval_hits50_Qwen3_Reranker_4B,Qwen/Qwen3-Reranker-4B,max_plus_support,407,0.2786364165,0.5961782939,0.3175418775,tmp/qwen_aggregation_eval_hits50_Qwen3_Reranker_4B.json
Qwen_Qwen3_Reranker_4B__max_plus_support__qwen_aggregation_eval_hits50_Qwen3_Reranker_4B,Qwen/Qwen3-Reranker-4B,max_plus_support,477,0.4559153326,0.6397315991,0.1838162664,tmp/qwen_aggregation_eval_hits50_Qwen3_Reranker_4B.json
Qwen_Qwen3_Reranker_4B__max_plus_support__qwen_aggregation_eval_hits50_Qwen3_Reranker_4B,Qwen/Qwen3-Reranker-4B,max_plus_support,499,0.6816109119,0.6645330411,-0.0170778708,tmp/qwen_aggregation_eval_hits50_Qwen3_Reranker_4B.json
Qwen_Qwen3_Reranker_4B__max_plus_support__qwen_aggregation_eval_hits50_Qwen3_Reranker_4B,Qwen/Qwen3-Reranker-4B,max_plus_support,515,0.2299254607,0.0904094755,-0.1395159852,tmp/qwen_aggregation_eval_hits50_Qwen3_Reranker_4B.json
Qwen_Qwen3_Reranker_4B__max_plus_support__qwen_aggregation_eval_hits50_Qwen3_Reranker_4B,Qwen/Qwen3-Reranker-4B,max_plus_support,707,0.2026664542,0.3554800443,0.1528135901,tmp/qwen_aggregation_eval_hits50_Qwen3_Reranker_4B.json
Qwen_Qwen3_Reranker_4B__max_plus_support__qwen_aggregation_eval_hits50_Qwen3_Reranker_4B,Qwen/Qwen3-Reranker-4B,max_plus_support,897,0.3048742399,0.3145616397,0.0096873998,tmp/qwen_aggregation_eval_hits50_Qwen3_Reranker_4B.json
Qwen_Qwen3_Reranker_4B__qwen_max__qwen_aggregation_eval_hits20_Qwen3_Reranker_4B,Qwen/Qwen3-Reranker-4B,qwen_max,14,0.3553332721,0.4583811665,0.1030478944,tmp/qwen_aggregation_eval_hits20_Qwen3_Reranker_4B.json
Qwen_Qwen3_Reranker_4B__qwen_max__qwen_aggregation_eval_hits20_Qwen3_Reranker_4B,Qwen/Qwen3-Reranker-4B,qwen_max,31,0.8478053202,0.7100439303,-0.1377613900,tmp/qwen_aggregation_eval_hits20_Qwen3_Reranker_4B.json
Qwen_Qwen3_Reranker_4B__qwen_max__qwen_aggregation_eval_hits20_Qwen3_Reranker_4B,Qwen/Qwen3-Reranker-4B,qwen_max,37,0.6389817974,0.3165350758,-0.3224467216,tmp/qwen_aggregation_eval_hits20_Qwen3_Reranker_4B.json
Qwen_Qwen3_Reranker_4B__qwen_max__qwen_aggregation_eval_hits20_Qwen3_Reranker_4B,Qwen/Qwen3-Reranker-4B,qwen_max,58,0.5008083446,0.5133627768,0.0125544322,tmp/qwen_aggregation_eval_hits20_Qwen3_Reranker_4B.json
Qwen_Qwen3_Reranker_4B__qwen_max__qwen_aggregation_eval_hits20_Qwen3_Reranker_4B,Qwen/Qwen3-Reranker-4B,qwen_max,72,0.3236594717,0.5701359161,0.2464764444,tmp/qwen_aggregation_eval_hits20_Qwen3_Reranker_4B.json
Qwen_Qwen3_Reranker_4B__qwen_max__qwen_aggregation_eval_hits20_Qwen3_Reranker_4B,Qwen/Qwen3-Reranker-4B,qwen_max,84,0.4918004153,0.5237689628,0.0319685475,tmp/qwen_aggregation_eval_hits20_Qwen3_Reranker_4B.json
Qwen_Qwen3_Reranker_4B__qwen_max__qwen_aggregation_eval_hits20_Qwen3_Reranker_4B,Qwen/Qwen3-Reranker-4B,qwen_max,144,0.0886758433,0.1675421579,0.0788663146,tmp/qwen_aggregation_eval_hits20_Qwen3_Reranker_4B.json
Qwen_Qwen3_Reranker_4B__qwen_max__qwen_aggregation_eval_hits20_Qwen3_Reranker_4B,Qwen/Qwen3-Reranker-4B,qwen_max,161,0.6663255611,0.5443371950,-0.1219883661,tmp/qwen_aggregation_eval_hits20_Qwen3_Reranker_4B.json
Qwen_Qwen3_Reranker_4B__qwen_max__qwen_aggregation_eval_hits20_Qwen3_Reranker_4B,Qwen/Qwen3-Reranker-4B,qwen_max,200,0.1400835882,0.2459369237,0.1058533355,tmp/qwen_aggregation_eval_hits20_Qwen3_Reranker_4B.json
Qwen_Qwen3_Reranker_4B__qwen_max__qwen_aggregation_eval_hits20_Qwen3_Reranker_4B,Qwen/Qwen3-Reranker-4B,qwen_max,213,0.1121597938,0.3486680009,0.2365082071,tmp/qwen_aggregation_eval_hits20_Qwen3_Reranker_4B.json
Qwen_Qwen3_Reranker_4B__qwen_max__qwen_aggregation_eval_hits20_Qwen3_Reranker_4B,Qwen/Qwen3-Reranker-4B,qwen_max,219,0.4933573156,0.4627056137,-0.0306517019,tmp/qwen_aggregation_eval_hits20_Qwen3_Reranker_4B.json
Qwen_Qwen3_Reranker_4B__qwen_max__qwen_aggregation_eval_hits20_Qwen3_Reranker_4B,Qwen/Qwen3-Reranker-4B,qwen_max,224,0.8164972119,0.5908901470,-0.2256070649,tmp/qwen_aggregation_eval_hits20_Qwen3_Reranker_4B.json
Qwen_Qwen3_Reranker_4B__qwen_max__qwen_aggregation_eval_hits20_Qwen3_Reranker_4B,Qwen/Qwen3-Reranker-4B,qwen_max,225,0.2572640430,0.2244750477,-0.0327889954,tmp/qwen_aggregation_eval_hits20_Qwen3_Reranker_4B.json
Qwen_Qwen3_Reranker_4B__qwen_max__qwen_aggregation_eval_hits20_Qwen3_Reranker_4B,Qwen/Qwen3-Reranker-4B,qwen_max,233,0.5438357471,0.6952866592,0.1514509121,tmp/qwen_aggregation_eval_hits20_Qwen3_Reranker_4B.json
Qwen_Qwen3_Reranker_4B__qwen_max__qwen_aggregation_eval_hits20_Qwen3_Reranker_4B,Qwen/Qwen3-Reranker-4B,qwen_max,273,0.3223275559,0.3520651522,0.0297375962,tmp/qwen_aggregation_eval_hits20_Qwen3_Reranker_4B.json
Qwen_Qwen3_Reranker_4B__qwen_max__qwen_aggregation_eval_hits20_Qwen3_Reranker_4B,Qwen/Qwen3-Reranker-4B,qwen_max,300,0.3546016102,0.3613515968,0.0067499866,tmp/qwen_aggregation_eval_hits20_Qwen3_Reranker_4B.json
Qwen_Qwen3_Reranker_4B__qwen_max__qwen_aggregation_eval_hits20_Qwen3_Reranker_4B,Qwen/Qwen3-Reranker-4B,qwen_max,407,0.2786364165,0.5025940761,0.2239576596,tmp/qwen_aggregation_eval_hits20_Qwen3_Reranker_4B.json
Qwen_Qwen3_Reranker_4B__qwen_max__qwen_aggregation_eval_hits20_Qwen3_Reranker_4B,Qwen/Qwen3-Reranker-4B,qwen_max,477,0.4559153326,0.6988817032,0.2429663706,tmp/qwen_aggregation_eval_hits20_Qwen3_Reranker_4B.json
Qwen_Qwen3_Reranker_4B__qwen_max__qwen_aggregation_eval_hits20_Qwen3_Reranker_4B,Qwen/Qwen3-Reranker-4B,qwen_max,499,0.6816109119,0.7670651293,0.0854542175,tmp/qwen_aggregation_eval_hits20_Qwen3_Reranker_4B.json
Qwen_Qwen3_Reranker_4B__qwen_max__qwen_aggregation_eval_hits20_Qwen3_Reranker_4B,Qwen/Qwen3-Reranker-4B,qwen_max,515,0.2299254607,0.1501025053,-0.0798229555,tmp/qwen_aggregation_eval_hits20_Qwen3_Reranker_4B.json
Qwen_Qwen3_Reranker_4B__qwen_max__qwen_aggregation_eval_hits20_Qwen3_Reranker_4B,Qwen/Qwen3-Reranker-4B,qwen_max,707,0.2026664542,0.4081158239,0.2054493697,tmp/qwen_aggregation_eval_hits20_Qwen3_Reranker_4B.json
Qwen_Qwen3_Reranker_4B__qwen_max__qwen_aggregation_eval_hits20_Qwen3_Reranker_4B,Qwen/Qwen3-Reranker-4B,qwen_max,897,0.3048742399,0.4234282041,0.1185539642,tmp/qwen_aggregation_eval_hits20_Qwen3_Reranker_4B.json
Qwen_Qwen3_Reranker_4B__qwen_max__qwen_aggregation_eval_hits50_Qwen3_Reranker_4B,Qwen/Qwen3-Reranker-4B,qwen_max,14,0.3553332721,0.4213424130,0.0660091409,tmp/qwen_aggregation_eval_hits50_Qwen3_Reranker_4B.json
Qwen_Qwen3_Reranker_4B__qwen_max__qwen_aggregation_eval_hits50_Qwen3_Reranker_4B,Qwen/Qwen3-Reranker-4B,qwen_max,31,0.8478053202,0.7329646437,-0.1148406766,tmp/qwen_aggregation_eval_hits50_Qwen3_Reranker_4B.json
Qwen_Qwen3_Reranker_4B__qwen_max__qwen_aggregation_eval_hits50_Qwen3_Reranker_4B,Qwen/Qwen3-Reranker-4B,qwen_max,37,0.6389817974,0.2598858266,-0.3790959707,tmp/qwen_aggregation_eval_hits50_Qwen3_Reranker_4B.json
Qwen_Qwen3_Reranker_4B__qwen_max__qwen_aggregation_eval_hits50_Qwen3_Reranker_4B,Qwen/Qwen3-Reranker-4B,qwen_max,58,0.5008083446,0.4934723456,-0.0073359990,tmp/qwen_aggregation_eval_hits50_Qwen3_Reranker_4B.json
Qwen_Qwen3_Reranker_4B__qwen_max__qwen_aggregation_eval_hits50_Qwen3_Reranker_4B,Qwen/Qwen3-Reranker-4B,qwen_max,72,0.3236594717,0.6210325466,0.2973730750,tmp/qwen_aggregation_eval_hits50_Qwen3_Reranker_4B.json
Qwen_Qwen3_Reranker_4B__qwen_max__qwen_aggregation_eval_hits50_Qwen3_Reranker_4B,Qwen/Qwen3-Reranker-4B,qwen_max,84,0.4918004153,0.5695668631,0.0777664478,tmp/qwen_aggregation_eval_hits50_Qwen3_Reranker_4B.json
Qwen_Qwen3_Reranker_4B__qwen_max__qwen_aggregation_eval_hits50_Qwen3_Reranker_4B,Qwen/Qwen3-Reranker-4B,qwen_max,144,0.0886758433,0.1826202275,0.0939443842,tmp/qwen_aggregation_eval_hits50_Qwen3_Reranker_4B.json
Qwen_Qwen3_Reranker_4B__qwen_max__qwen_aggregation_eval_hits50_Qwen3_Reranker_4B,Qwen/Qwen3-Reranker-4B,qwen_max,161,0.6663255611,0.6319898711,-0.0343356900,tmp/qwen_aggregation_eval_hits50_Qwen3_Reranker_4B.json
Qwen_Qwen3_Reranker_4B__qwen_max__qwen_aggregation_eval_hits50_Qwen3_Reranker_4B,Qwen/Qwen3-Reranker-4B,qwen_max,200,0.1400835882,0.2599133116,0.1198297234,tmp/qwen_aggregation_eval_hits50_Qwen3_Reranker_4B.json
Qwen_Qwen3_Reranker_4B__qwen_max__qwen_aggregation_eval_hits50_Qwen3_Reranker_4B,Qwen/Qwen3-Reranker-4B,qwen_max,213,0.1121597938,0.2920506026,0.1798908088,tmp/qwen_aggregation_eval_hits50_Qwen3_Reranker_4B.json
Qwen_Qwen3_Reranker_4B__qwen_max__qwen_aggregation_eval_hits50_Qwen3_Reranker_4B,Qwen/Qwen3-Reranker-4B,qwen_max,219,0.4933573156,0.3686393789,-0.1247179367,tmp/qwen_aggregation_eval_hits50_Qwen3_Reranker_4B.json
Qwen_Qwen3_Reranker_4B__qwen_max__qwen_aggregation_eval_hits50_Qwen3_Reranker_4B,Qwen/Qwen3-Reranker-4B,qwen_max,224,0.8164972119,0.5221374409,-0.2943597710,tmp/qwen_aggregation_eval_hits50_Qwen3_Reranker_4B.json
Qwen_Qwen3_Reranker_4B__qwen_max__qwen_aggregation_eval_hits50_Qwen3_Reranker_4B,Qwen/Qwen3-Reranker-4B,qwen_max,225,0.2572640430,0.2999626909,0.0426986479,tmp/qwen_aggregation_eval_hits50_Qwen3_Reranker_4B.json
Qwen_Qwen3_Reranker_4B__qwen_max__qwen_aggregation_eval_hits50_Qwen3_Reranker_4B,Qwen/Qwen3-Reranker-4B,qwen_max,233,0.5438357471,0.5690711754,0.0252354283,tmp/qwen_aggregation_eval_hits50_Qwen3_Reranker_4B.json
Qwen_Qwen3_Reranker_4B__qwen_max__qwen_aggregation_eval_hits50_Qwen3_Reranker_4B,Qwen/Qwen3-Reranker-4B,qwen_max,273,0.3223275559,0.5065286009,0.1842010450,tmp/qwen_aggregation_eval_hits50_Qwen3_Reranker_4B.json
Qwen_Qwen3_Reranker_4B__qwen_max__qwen_aggregation_eval_hits50_Qwen3_Reranker_4B,Qwen/Qwen3-Reranker-4B,qwen_max,300,0.3546016102,0.3266206911,-0.0279809192,tmp/qwen_aggregation_eval_hits50_Qwen3_Reranker_4B.json
Qwen_Qwen3_Reranker_4B__qwen_max__qwen_aggregation_eval_hits50_Qwen3_Reranker_4B,Qwen/Qwen3-Reranker-4B,qwen_max,407,0.2786364165,0.5961782939,0.3175418775,tmp/qwen_aggregation_eval_hits50_Qwen3_Reranker_4B.json
Qwen_Qwen3_Reranker_4B__qwen_max__qwen_aggregation_eval_hits50_Qwen3_Reranker_4B,Qwen/Qwen3-Reranker-4B,qwen_max,477,0.4559153326,0.7152945274,0.2593791947,tmp/qwen_aggregation_eval_hits50_Qwen3_Reranker_4B.json
Qwen_Qwen3_Reranker_4B__qwen_max__qwen_aggregation_eval_hits50_Qwen3_Reranker_4B,Qwen/Qwen3-Reranker-4B,qwen_max,499,0.6816109119,0.7181124129,0.0365015010,tmp/qwen_aggregation_eval_hits50_Qwen3_Reranker_4B.json
Qwen_Qwen3_Reranker_4B__qwen_max__qwen_aggregation_eval_hits50_Qwen3_Reranker_4B,Qwen/Qwen3-Reranker-4B,qwen_max,515,0.2299254607,0.0837866004,-0.1461388603,tmp/qwen_aggregation_eval_hits50_Qwen3_Reranker_4B.json
Qwen_Qwen3_Reranker_4B__qwen_max__qwen_aggregation_eval_hits50_Qwen3_Reranker_4B,Qwen/Qwen3-Reranker-4B,qwen_max,707,0.2026664542,0.3554800443,0.1528135901,tmp/qwen_aggregation_eval_hits50_Qwen3_Reranker_4B.json
Qwen_Qwen3_Reranker_4B__qwen_max__qwen_aggregation_eval_hits50_Qwen3_Reranker_4B,Qwen/Qwen3-Reranker-4B,qwen_max,897,0.3048742399,0.3414493356,0.0365750957,tmp/qwen_aggregation_eval_hits50_Qwen3_Reranker_4B.json
Qwen_Qwen3_Reranker_4B__top3_weighted__qwen_aggregation_eval_hits20_Qwen3_Reranker_4B,Qwen/Qwen3-Reranker-4B,top3_weighted,14,0.3553332721,0.4583811665,0.1030478944,tmp/qwen_aggregation_eval_hits20_Qwen3_Reranker_4B.json
Qwen_Qwen3_Reranker_4B__top3_weighted__qwen_aggregation_eval_hits20_Qwen3_Reranker_4B,Qwen/Qwen3-Reranker-4B,top3_weighted,31,0.8478053202,0.6813936229,-0.1664116973,tmp/qwen_aggregation_eval_hits20_Qwen3_Reranker_4B.json
Qwen_Qwen3_Reranker_4B__top3_weighted__qwen_aggregation_eval_hits20_Qwen3_Reranker_4B,Qwen/Qwen3-Reranker-4B,top3_weighted,37,0.6389817974,0.2840433468,-0.3549384506,tmp/qwen_aggregation_eval_hits20_Qwen3_Reranker_4B.json
Qwen_Qwen3_Reranker_4B__top3_weighted__qwen_aggregation_eval_hits20_Qwen3_Reranker_4B,Qwen/Qwen3-Reranker-4B,top3_weighted,58,0.5008083446,0.5661402198,0.0653318751,tmp/qwen_aggregation_eval_hits20_Qwen3_Reranker_4B.json
Qwen_Qwen3_Reranker_4B__top3_weighted__qwen_aggregation_eval_hits20_Qwen3_Reranker_4B,Qwen/Qwen3-Reranker-4B,top3_weighted,72,0.3236594717,0.5904216300,0.2667621584,tmp/qwen_aggregation_eval_hits20_Qwen3_Reranker_4B.json
Qwen_Qwen3_Reranker_4B__top3_weighted__qwen_aggregation_eval_hits20_Qwen3_Reranker_4B,Qwen/Qwen3-Reranker-4B,top3_weighted,84,0.4918004153,0.5607952971,0.0689948818,tmp/qwen_aggregation_eval_hits20_Qwen3_Reranker_4B.json
Qwen_Qwen3_Reranker_4B__top3_weighted__qwen_aggregation_eval_hits20_Qwen3_Reranker_4B,Qwen/Qwen3-Reranker-4B,top3_weighted,144,0.0886758433,0.1668991414,0.0782232981,tmp/qwen_aggregation_eval_hits20_Qwen3_Reranker_4B.json
Qwen_Qwen3_Reranker_4B__top3_weighted__qwen_aggregation_eval_hits20_Qwen3_Reranker_4B,Qwen/Qwen3-Reranker-4B,top3_weighted,161,0.6663255611,0.5443371950,-0.1219883661,tmp/qwen_aggregation_eval_hits20_Qwen3_Reranker_4B.json
Qwen_Qwen3_Reranker_4B__top3_weighted__qwen_aggregation_eval_hits20_Qwen3_Reranker_4B,Qwen/Qwen3-Reranker-4B,top3_weighted,200,0.1400835882,0.2407927921,0.1007092039,tmp/qwen_aggregation_eval_hits20_Qwen3_Reranker_4B.json
Qwen_Qwen3_Reranker_4B__top3_weighted__qwen_aggregation_eval_hits20_Qwen3_Reranker_4B,Qwen/Qwen3-Reranker-4B,top3_weighted,213,0.1121597938,0.3499540338,0.2377942400,tmp/qwen_aggregation_eval_hits20_Qwen3_Reranker_4B.json
Qwen_Qwen3_Reranker_4B__top3_weighted__qwen_aggregation_eval_hits20_Qwen3_Reranker_4B,Qwen/Qwen3-Reranker-4B,top3_weighted,219,0.4933573156,0.4613631212,-0.0319941944,tmp/qwen_aggregation_eval_hits20_Qwen3_Reranker_4B.json
Qwen_Qwen3_Reranker_4B__top3_weighted__qwen_aggregation_eval_hits20_Qwen3_Reranker_4B,Qwen/Qwen3-Reranker-4B,top3_weighted,224,0.8164972119,0.6007037845,-0.2157934274,tmp/qwen_aggregation_eval_hits20_Qwen3_Reranker_4B.json
Qwen_Qwen3_Reranker_4B__top3_weighted__qwen_aggregation_eval_hits20_Qwen3_Reranker_4B,Qwen/Qwen3-Reranker-4B,top3_weighted,225,0.2572640430,0.1999709329,-0.0572931101,tmp/qwen_aggregation_eval_hits20_Qwen3_Reranker_4B.json
Qwen_Qwen3_Reranker_4B__top3_weighted__qwen_aggregation_eval_hits20_Qwen3_Reranker_4B,Qwen/Qwen3-Reranker-4B,top3_weighted,233,0.5438357471,0.6704347844,0.1265990372,tmp/qwen_aggregation_eval_hits20_Qwen3_Reranker_4B.json
Qwen_Qwen3_Reranker_4B__top3_weighted__qwen_aggregation_eval_hits20_Qwen3_Reranker_4B,Qwen/Qwen3-Reranker-4B,top3_weighted,273,0.3223275559,0.3282135480,0.0058859921,tmp/qwen_aggregation_eval_hits20_Qwen3_Reranker_4B.json
Qwen_Qwen3_Reranker_4B__top3_weighted__qwen_aggregation_eval_hits20_Qwen3_Reranker_4B,Qwen/Qwen3-Reranker-4B,top3_weighted,300,0.3546016102,0.3620228431,0.0074212328,tmp/qwen_aggregation_eval_hits20_Qwen3_Reranker_4B.json
Qwen_Qwen3_Reranker_4B__top3_weighted__qwen_aggregation_eval_hits20_Qwen3_Reranker_4B,Qwen/Qwen3-Reranker-4B,top3_weighted,407,0.2786364165,0.5207714442,0.2421350277,tmp/qwen_aggregation_eval_hits20_Qwen3_Reranker_4B.json
Qwen_Qwen3_Reranker_4B__top3_weighted__qwen_aggregation_eval_hits20_Qwen3_Reranker_4B,Qwen/Qwen3-Reranker-4B,top3_weighted,477,0.4559153326,0.6577458957,0.2018305630,tmp/qwen_aggregation_eval_hits20_Qwen3_Reranker_4B.json
Qwen_Qwen3_Reranker_4B__top3_weighted__qwen_aggregation_eval_hits20_Qwen3_Reranker_4B,Qwen/Qwen3-Reranker-4B,top3_weighted,499,0.6816109119,0.7197657514,0.0381548395,tmp/qwen_aggregation_eval_hits20_Qwen3_Reranker_4B.json
Qwen_Qwen3_Reranker_4B__top3_weighted__qwen_aggregation_eval_hits20_Qwen3_Reranker_4B,Qwen/Qwen3-Reranker-4B,top3_weighted,515,0.2299254607,0.1373512277,-0.0925742330,tmp/qwen_aggregation_eval_hits20_Qwen3_Reranker_4B.json
Qwen_Qwen3_Reranker_4B__top3_weighted__qwen_aggregation_eval_hits20_Qwen3_Reranker_4B,Qwen/Qwen3-Reranker-4B,top3_weighted,707,0.2026664542,0.4081356759,0.2054692217,tmp/qwen_aggregation_eval_hits20_Qwen3_Reranker_4B.json
Qwen_Qwen3_Reranker_4B__top3_weighted__qwen_aggregation_eval_hits20_Qwen3_Reranker_4B,Qwen/Qwen3-Reranker-4B,top3_weighted,897,0.3048742399,0.4234282041,0.1185539642,tmp/qwen_aggregation_eval_hits20_Qwen3_Reranker_4B.json
Qwen_Qwen3_Reranker_4B__top3_weighted__qwen_aggregation_eval_hits50_Qwen3_Reranker_4B,Qwen/Qwen3-Reranker-4B,top3_weighted,14,0.3553332721,0.4157236557,0.0603903836,tmp/qwen_aggregation_eval_hits50_Qwen3_Reranker_4B.json
Qwen_Qwen3_Reranker_4B__top3_weighted__qwen_aggregation_eval_hits50_Qwen3_Reranker_4B,Qwen/Qwen3-Reranker-4B,top3_weighted,31,0.8478053202,0.6700084479,-0.1777968723,tmp/qwen_aggregation_eval_hits50_Qwen3_Reranker_4B.json
Qwen_Qwen3_Reranker_4B__top3_weighted__qwen_aggregation_eval_hits50_Qwen3_Reranker_4B,Qwen/Qwen3-Reranker-4B,top3_weighted,37,0.6389817974,0.2375286260,-0.4014531713,tmp/qwen_aggregation_eval_hits50_Qwen3_Reranker_4B.json
Qwen_Qwen3_Reranker_4B__top3_weighted__qwen_aggregation_eval_hits50_Qwen3_Reranker_4B,Qwen/Qwen3-Reranker-4B,top3_weighted,58,0.5008083446,0.5264702349,0.0256618903,tmp/qwen_aggregation_eval_hits50_Qwen3_Reranker_4B.json
Qwen_Qwen3_Reranker_4B__top3_weighted__qwen_aggregation_eval_hits50_Qwen3_Reranker_4B,Qwen/Qwen3-Reranker-4B,top3_weighted,72,0.3236594717,0.6227560059,0.2990965343,tmp/qwen_aggregation_eval_hits50_Qwen3_Reranker_4B.json
Qwen_Qwen3_Reranker_4B__top3_weighted__qwen_aggregation_eval_hits50_Qwen3_Reranker_4B,Qwen/Qwen3-Reranker-4B,top3_weighted,84,0.4918004153,0.6594496030,0.1676491877,tmp/qwen_aggregation_eval_hits50_Qwen3_Reranker_4B.json
Qwen_Qwen3_Reranker_4B__top3_weighted__qwen_aggregation_eval_hits50_Qwen3_Reranker_4B,Qwen/Qwen3-Reranker-4B,top3_weighted,144,0.0886758433,0.1826202275,0.0939443842,tmp/qwen_aggregation_eval_hits50_Qwen3_Reranker_4B.json
Qwen_Qwen3_Reranker_4B__top3_weighted__qwen_aggregation_eval_hits50_Qwen3_Reranker_4B,Qwen/Qwen3-Reranker-4B,top3_weighted,161,0.6663255611,0.6319898711,-0.0343356900,tmp/qwen_aggregation_eval_hits50_Qwen3_Reranker_4B.json
Qwen_Qwen3_Reranker_4B__top3_weighted__qwen_aggregation_eval_hits50_Qwen3_Reranker_4B,Qwen/Qwen3-Reranker-4B,top3_weighted,200,0.1400835882,0.2568772019,0.1167936137,tmp/qwen_aggregation_eval_hits50_Qwen3_Reranker_4B.json
Qwen_Qwen3_Reranker_4B__top3_weighted__qwen_aggregation_eval_hits50_Qwen3_Reranker_4B,Qwen/Qwen3-Reranker-4B,top3_weighted,213,0.1121597938,0.3567864140,0.2446266202,tmp/qwen_aggregation_eval_hits50_Qwen3_Reranker_4B.json
Qwen_Qwen3_Reranker_4B__top3_weighted__qwen_aggregation_eval_hits50_Qwen3_Reranker_4B,Qwen/Qwen3-Reranker-4B,top3_weighted,219,0.4933573156,0.3686393789,-0.1247179367,tmp/qwen_aggregation_eval_hits50_Qwen3_Reranker_4B.json
Qwen_Qwen3_Reranker_4B__top3_weighted__qwen_aggregation_eval_hits50_Qwen3_Reranker_4B,Qwen/Qwen3-Reranker-4B,top3_weighted,224,0.8164972119,0.5693414823,-0.2471557296,tmp/qwen_aggregation_eval_hits50_Qwen3_Reranker_4B.json
Qwen_Qwen3_Reranker_4B__top3_weighted__qwen_aggregation_eval_hits50_Qwen3_Reranker_4B,Qwen/Qwen3-Reranker-4B,top3_weighted,225,0.2572640430,0.2112854644,-0.0459785786,tmp/qwen_aggregation_eval_hits50_Qwen3_Reranker_4B.json
Qwen_Qwen3_Reranker_4B__top3_weighted__qwen_aggregation_eval_hits50_Qwen3_Reranker_4B,Qwen/Qwen3-Reranker-4B,top3_weighted,233,0.5438357471,0.4461179446,-0.0977178026,tmp/qwen_aggregation_eval_hits50_Qwen3_Reranker_4B.json
Qwen_Qwen3_Reranker_4B__top3_weighted__qwen_aggregation_eval_hits50_Qwen3_Reranker_4B,Qwen/Qwen3-Reranker-4B,top3_weighted,273,0.3223275559,0.4636584363,0.1413308804,tmp/qwen_aggregation_eval_hits50_Qwen3_Reranker_4B.json
Qwen_Qwen3_Reranker_4B__top3_weighted__qwen_aggregation_eval_hits50_Qwen3_Reranker_4B,Qwen/Qwen3-Reranker-4B,top3_weighted,300,0.3546016102,0.3840026720,0.0294010618,tmp/qwen_aggregation_eval_hits50_Qwen3_Reranker_4B.json
Qwen_Qwen3_Reranker_4B__top3_weighted__qwen_aggregation_eval_hits50_Qwen3_Reranker_4B,Qwen/Qwen3-Reranker-4B,top3_weighted,407,0.2786364165,0.5961782939,0.3175418775,tmp/qwen_aggregation_eval_hits50_Qwen3_Reranker_4B.json
Qwen_Qwen3_Reranker_4B__top3_weighted__qwen_aggregation_eval_hits50_Qwen3_Reranker_4B,Qwen/Qwen3-Reranker-4B,top3_weighted,477,0.4559153326,0.6397315991,0.1838162664,tmp/qwen_aggregation_eval_hits50_Qwen3_Reranker_4B.json
Qwen_Qwen3_Reranker_4B__top3_weighted__qwen_aggregation_eval_hits50_Qwen3_Reranker_4B,Qwen/Qwen3-Reranker-4B,top3_weighted,499,0.6816109119,0.7796338731,0.0980229612,tmp/qwen_aggregation_eval_hits50_Qwen3_Reranker_4B.json
Qwen_Qwen3_Reranker_4B__top3_weighted__qwen_aggregation_eval_hits50_Qwen3_Reranker_4B,Qwen/Qwen3-Reranker-4B,top3_weighted,515,0.2299254607,0.0904094755,-0.1395159852,tmp/qwen_aggregation_eval_hits50_Qwen3_Reranker_4B.json
Qwen_Qwen3_Reranker_4B__top3_weighted__qwen_aggregation_eval_hits50_Qwen3_Reranker_4B,Qwen/Qwen3-Reranker-4B,top3_weighted,707,0.2026664542,0.3572238897,0.1545574355,tmp/qwen_aggregation_eval_hits50_Qwen3_Reranker_4B.json
Qwen_Qwen3_Reranker_4B__top3_weighted__qwen_aggregation_eval_hits50_Qwen3_Reranker_4B,Qwen/Qwen3-Reranker-4B,top3_weighted,897,0.3048742399,0.3362227924,0.0313485525,tmp/qwen_aggregation_eval_hits50_Qwen3_Reranker_4B.json
Qwen_Qwen3_Reranker_4B__top4_weighted__qwen_aggregation_eval_hits20_Qwen3_Reranker_4B,Qwen/Qwen3-Reranker-4B,top4_weighted,14,0.3553332721,0.4609227653,0.1055894932,tmp/qwen_aggregation_eval_hits20_Qwen3_Reranker_4B.json
Qwen_Qwen3_Reranker_4B__top4_weighted__qwen_aggregation_eval_hits20_Qwen3_Reranker_4B,Qwen/Qwen3-Reranker-4B,top4_weighted,31,0.8478053202,0.6813936229,-0.1664116973,tmp/qwen_aggregation_eval_hits20_Qwen3_Reranker_4B.json
Qwen_Qwen3_Reranker_4B__top4_weighted__qwen_aggregation_eval_hits20_Qwen3_Reranker_4B,Qwen/Qwen3-Reranker-4B,top4_weighted,37,0.6389817974,0.2889180239,-0.3500637735,tmp/qwen_aggregation_eval_hits20_Qwen3_Reranker_4B.json
Qwen_Qwen3_Reranker_4B__top4_weighted__qwen_aggregation_eval_hits20_Qwen3_Reranker_4B,Qwen/Qwen3-Reranker-4B,top4_weighted,58,0.5008083446,0.5661402198,0.0653318751,tmp/qwen_aggregation_eval_hits20_Qwen3_Reranker_4B.json
Qwen_Qwen3_Reranker_4B__top4_weighted__qwen_aggregation_eval_hits20_Qwen3_Reranker_4B,Qwen/Qwen3-Reranker-4B,top4_weighted,72,0.3236594717,0.6190719373,0.2954124657,tmp/qwen_aggregation_eval_hits20_Qwen3_Reranker_4B.json
Qwen_Qwen3_Reranker_4B__top4_weighted__qwen_aggregation_eval_hits20_Qwen3_Reranker_4B,Qwen/Qwen3-Reranker-4B,top4_weighted,84,0.4918004153,0.5607952971,0.0689948818,tmp/qwen_aggregation_eval_hits20_Qwen3_Reranker_4B.json
Qwen_Qwen3_Reranker_4B__top4_weighted__qwen_aggregation_eval_hits20_Qwen3_Reranker_4B,Qwen/Qwen3-Reranker-4B,top4_weighted,144,0.0886758433,0.1668991414,0.0782232981,tmp/qwen_aggregation_eval_hits20_Qwen3_Reranker_4B.json
Qwen_Qwen3_Reranker_4B__top4_weighted__qwen_aggregation_eval_hits20_Qwen3_Reranker_4B,Qwen/Qwen3-Reranker-4B,top4_weighted,161,0.6663255611,0.5417955962,-0.1245299649,tmp/qwen_aggregation_eval_hits20_Qwen3_Reranker_4B.json
Qwen_Qwen3_Reranker_4B__top4_weighted__qwen_aggregation_eval_hits20_Qwen3_Reranker_4B,Qwen/Qwen3-Reranker-4B,top4_weighted,200,0.1400835882,0.2407927921,0.1007092039,tmp/qwen_aggregation_eval_hits20_Qwen3_Reranker_4B.json
Qwen_Qwen3_Reranker_4B__top4_weighted__qwen_aggregation_eval_hits20_Qwen3_Reranker_4B,Qwen/Qwen3-Reranker-4B,top4_weighted,213,0.1121597938,0.3499540338,0.2377942400,tmp/qwen_aggregation_eval_hits20_Qwen3_Reranker_4B.json
Qwen_Qwen3_Reranker_4B__top4_weighted__qwen_aggregation_eval_hits20_Qwen3_Reranker_4B,Qwen/Qwen3-Reranker-4B,top4_weighted,219,0.4933573156,0.4613631212,-0.0319941944,tmp/qwen_aggregation_eval_hits20_Qwen3_Reranker_4B.json
Qwen_Qwen3_Reranker_4B__top4_weighted__qwen_aggregation_eval_hits20_Qwen3_Reranker_4B,Qwen/Qwen3-Reranker-4B,top4_weighted,224,0.8164972119,0.6007037845,-0.2157934274,tmp/qwen_aggregation_eval_hits20_Qwen3_Reranker_4B.json
Qwen_Qwen3_Reranker_4B__top4_weighted__qwen_aggregation_eval_hits20_Qwen3_Reranker_4B,Qwen/Qwen3-Reranker-4B,top4_weighted,225,0.2572640430,0.2015928570,-0.0556711860,tmp/qwen_aggregation_eval_hits20_Qwen3_Reranker_4B.json
Qwen_Qwen3_Reranker_4B__top4_weighted__qwen_aggregation_eval_hits20_Qwen3_Reranker_4B,Qwen/Qwen3-Reranker-4B,top4_weighted,233,0.5438357471,0.5731029837,0.0292672365,tmp/qwen_aggregation_eval_hits20_Qwen3_Reranker_4B.json
Qwen_Qwen3_Reranker_4B__top4_weighted__qwen_aggregation_eval_hits20_Qwen3_Reranker_4B,Qwen/Qwen3-Reranker-4B,top4_weighted,273,0.3223275559,0.3282135480,0.0058859921,tmp/qwen_aggregation_eval_hits20_Qwen3_Reranker_4B.json
Qwen_Qwen3_Reranker_4B__top4_weighted__qwen_aggregation_eval_hits20_Qwen3_Reranker_4B,Qwen/Qwen3-Reranker-4B,top4_weighted,300,0.3546016102,0.3629221562,0.0083205460,tmp/qwen_aggregation_eval_hits20_Qwen3_Reranker_4B.json
Qwen_Qwen3_Reranker_4B__top4_weighted__qwen_aggregation_eval_hits20_Qwen3_Reranker_4B,Qwen/Qwen3-Reranker-4B,top4_weighted,407,0.2786364165,0.5207714442,0.2421350277,tmp/qwen_aggregation_eval_hits20_Qwen3_Reranker_4B.json
Qwen_Qwen3_Reranker_4B__top4_weighted__qwen_aggregation_eval_hits20_Qwen3_Reranker_4B,Qwen/Qwen3-Reranker-4B,top4_weighted,477,0.4559153326,0.6598526439,0.2039373112,tmp/qwen_aggregation_eval_hits20_Qwen3_Reranker_4B.json
Qwen_Qwen3_Reranker_4B__top4_weighted__qwen_aggregation_eval_hits20_Qwen3_Reranker_4B,Qwen/Qwen3-Reranker-4B,top4_weighted,499,0.6816109119,0.7161684988,0.0345575869,tmp/qwen_aggregation_eval_hits20_Qwen3_Reranker_4B.json
Qwen_Qwen3_Reranker_4B__top4_weighted__qwen_aggregation_eval_hits20_Qwen3_Reranker_4B,Qwen/Qwen3-Reranker-4B,top4_weighted,515,0.2299254607,0.1373512277,-0.0925742330,tmp/qwen_aggregation_eval_hits20_Qwen3_Reranker_4B.json
Qwen_Qwen3_Reranker_4B__top4_weighted__qwen_aggregation_eval_hits20_Qwen3_Reranker_4B,Qwen/Qwen3-Reranker-4B,top4_weighted,707,0.2026664542,0.4081356759,0.2054692217,tmp/qwen_aggregation_eval_hits20_Qwen3_Reranker_4B.json
Qwen_Qwen3_Reranker_4B__top4_weighted__qwen_aggregation_eval_hits20_Qwen3_Reranker_4B,Qwen/Qwen3-Reranker-4B,top4_weighted,897,0.3048742399,0.4260002699,0.1211260300,tmp/qwen_aggregation_eval_hits20_Qwen3_Reranker_4B.json
Qwen_Qwen3_Reranker_4B__top4_weighted__qwen_aggregation_eval_hits50_Qwen3_Reranker_4B,Qwen/Qwen3-Reranker-4B,top4_weighted,14,0.3553332721,0.4117302960,0.0563970239,tmp/qwen_aggregation_eval_hits50_Qwen3_Reranker_4B.json
Qwen_Qwen3_Reranker_4B__top4_weighted__qwen_aggregation_eval_hits50_Qwen3_Reranker_4B,Qwen/Qwen3-Reranker-4B,top4_weighted,31,0.8478053202,0.6740359254,-0.1737693948,tmp/qwen_aggregation_eval_hits50_Qwen3_Reranker_4B.json
Qwen_Qwen3_Reranker_4B__top4_weighted__qwen_aggregation_eval_hits50_Qwen3_Reranker_4B,Qwen/Qwen3-Reranker-4B,top4_weighted,37,0.6389817974,0.2375286260,-0.4014531713,tmp/qwen_aggregation_eval_hits50_Qwen3_Reranker_4B.json
Qwen_Qwen3_Reranker_4B__top4_weighted__qwen_aggregation_eval_hits50_Qwen3_Reranker_4B,Qwen/Qwen3-Reranker-4B,top4_weighted,58,0.5008083446,0.5341864323,0.0333780877,tmp/qwen_aggregation_eval_hits50_Qwen3_Reranker_4B.json
Qwen_Qwen3_Reranker_4B__top4_weighted__qwen_aggregation_eval_hits50_Qwen3_Reranker_4B,Qwen/Qwen3-Reranker-4B,top4_weighted,72,0.3236594717,0.6141864182,0.2905269465,tmp/qwen_aggregation_eval_hits50_Qwen3_Reranker_4B.json
Qwen_Qwen3_Reranker_4B__top4_weighted__qwen_aggregation_eval_hits50_Qwen3_Reranker_4B,Qwen/Qwen3-Reranker-4B,top4_weighted,84,0.4918004153,0.6594496030,0.1676491877,tmp/qwen_aggregation_eval_hits50_Qwen3_Reranker_4B.json
Qwen_Qwen3_Reranker_4B__top4_weighted__qwen_aggregation_eval_hits50_Qwen3_Reranker_4B,Qwen/Qwen3-Reranker-4B,top4_weighted,144,0.0886758433,0.1839062604,0.0952304171,tmp/qwen_aggregation_eval_hits50_Qwen3_Reranker_4B.json
Qwen_Qwen3_Reranker_4B__top4_weighted__qwen_aggregation_eval_hits50_Qwen3_Reranker_4B,Qwen/Qwen3-Reranker-4B,top4_weighted,161,0.6663255611,0.7078039054,0.0414783443,tmp/qwen_aggregation_eval_hits50_Qwen3_Reranker_4B.json
Qwen_Qwen3_Reranker_4B__top4_weighted__qwen_aggregation_eval_hits50_Qwen3_Reranker_4B,Qwen/Qwen3-Reranker-4B,top4_weighted,200,0.1400835882,0.2568772019,0.1167936137,tmp/qwen_aggregation_eval_hits50_Qwen3_Reranker_4B.json
Qwen_Qwen3_Reranker_4B__top4_weighted__qwen_aggregation_eval_hits50_Qwen3_Reranker_4B,Qwen/Qwen3-Reranker-4B,top4_weighted,213,0.1121597938,0.3525667322,0.2404069383,tmp/qwen_aggregation_eval_hits50_Qwen3_Reranker_4B.json
Qwen_Qwen3_Reranker_4B__top4_weighted__qwen_aggregation_eval_hits50_Qwen3_Reranker_4B,Qwen/Qwen3-Reranker-4B,top4_weighted,219,0.4933573156,0.3686393789,-0.1247179367,tmp/qwen_aggregation_eval_hits50_Qwen3_Reranker_4B.json
Qwen_Qwen3_Reranker_4B__top4_weighted__qwen_aggregation_eval_hits50_Qwen3_Reranker_4B,Qwen/Qwen3-Reranker-4B,top4_weighted,224,0.8164972119,0.6301253834,-0.1863718285,tmp/qwen_aggregation_eval_hits50_Qwen3_Reranker_4B.json
Qwen_Qwen3_Reranker_4B__top4_weighted__qwen_aggregation_eval_hits50_Qwen3_Reranker_4B,Qwen/Qwen3-Reranker-4B,top4_weighted,225,0.2572640430,0.2121326640,-0.0451313791,tmp/qwen_aggregation_eval_hits50_Qwen3_Reranker_4B.json
Qwen_Qwen3_Reranker_4B__top4_weighted__qwen_aggregation_eval_hits50_Qwen3_Reranker_4B,Qwen/Qwen3-Reranker-4B,top4_weighted,233,0.5438357471,0.3570532384,-0.1867825088,tmp/qwen_aggregation_eval_hits50_Qwen3_Reranker_4B.json
Qwen_Qwen3_Reranker_4B__top4_weighted__qwen_aggregation_eval_hits50_Qwen3_Reranker_4B,Qwen/Qwen3-Reranker-4B,top4_weighted,273,0.3223275559,0.4636584363,0.1413308804,tmp/qwen_aggregation_eval_hits50_Qwen3_Reranker_4B.json
Qwen_Qwen3_Reranker_4B__top4_weighted__qwen_aggregation_eval_hits50_Qwen3_Reranker_4B,Qwen/Qwen3-Reranker-4B,top4_weighted,300,0.3546016102,0.3948298190,0.0402282087,tmp/qwen_aggregation_eval_hits50_Qwen3_Reranker_4B.json
Qwen_Qwen3_Reranker_4B__top4_weighted__qwen_aggregation_eval_hits50_Qwen3_Reranker_4B,Qwen/Qwen3-Reranker-4B,top4_weighted,407,0.2786364165,0.5961782939,0.3175418775,tmp/qwen_aggregation_eval_hits50_Qwen3_Reranker_4B.json
Qwen_Qwen3_Reranker_4B__top4_weighted__qwen_aggregation_eval_hits50_Qwen3_Reranker_4B,Qwen/Qwen3-Reranker-4B,top4_weighted,477,0.4559153326,0.6266195227,0.1707041901,tmp/qwen_aggregation_eval_hits50_Qwen3_Reranker_4B.json
Qwen_Qwen3_Reranker_4B__top4_weighted__qwen_aggregation_eval_hits50_Qwen3_Reranker_4B,Qwen/Qwen3-Reranker-4B,top4_weighted,499,0.6816109119,0.7796338731,0.0980229612,tmp/qwen_aggregation_eval_hits50_Qwen3_Reranker_4B.json
Qwen_Qwen3_Reranker_4B__top4_weighted__qwen_aggregation_eval_hits50_Qwen3_Reranker_4B,Qwen/Qwen3-Reranker-4B,top4_weighted,515,0.2299254607,0.0942598949,-0.1356655659,tmp/qwen_aggregation_eval_hits50_Qwen3_Reranker_4B.json
Qwen_Qwen3_Reranker_4B__top4_weighted__qwen_aggregation_eval_hits50_Qwen3_Reranker_4B,Qwen/Qwen3-Reranker-4B,top4_weighted,707,0.2026664542,0.3572238897,0.1545574355,tmp/qwen_aggregation_eval_hits50_Qwen3_Reranker_4B.json
Qwen_Qwen3_Reranker_4B__top4_weighted__qwen_aggregation_eval_hits50_Qwen3_Reranker_4B,Qwen/Qwen3-Reranker-4B,top4_weighted,897,0.3048742399,0.3362227924,0.0313485525,tmp/qwen_aggregation_eval_hits50_Qwen3_Reranker_4B.json
cross_encoder_ms_marco_MiniLM_L6_v2__seqcls__seqcls_eval_hits50_cross_encoder_ms_marco_MiniLM_L6_v2_ml512,cross-encoder/ms-marco-MiniLM-L6-v2,seqcls,14,0.3553332721,0.4970339329,0.1417006608,tmp/seqcls_eval_hits50_cross_encoder__ms_marco_MiniLM_L6_v2_ml512.json
cross_encoder_ms_marco_MiniLM_L6_v2__seqcls__seqcls_eval_hits50_cross_encoder_ms_marco_MiniLM_L6_v2_ml512,cross-encoder/ms-marco-MiniLM-L6-v2,seqcls,31,0.8478053202,0.5663822732,-0.2814230470,tmp/seqcls_eval_hits50_cross_encoder__ms_marco_MiniLM_L6_v2_ml512.json
cross_encoder_ms_marco_MiniLM_L6_v2__seqcls__seqcls_eval_hits50_cross_encoder_ms_marco_MiniLM_L6_v2_ml512,cross-encoder/ms-marco-MiniLM-L6-v2,seqcls,37,0.6389817974,0.6846374567,0.0456556593,tmp/seqcls_eval_hits50_cross_encoder__ms_marco_MiniLM_L6_v2_ml512.json
cross_encoder_ms_marco_MiniLM_L6_v2__seqcls__seqcls_eval_hits50_cross_encoder_ms_marco_MiniLM_L6_v2_ml512,cross-encoder/ms-marco-MiniLM-L6-v2,seqcls,58,0.5008083446,0.7391387674,0.2383304228,tmp/seqcls_eval_hits50_cross_encoder__ms_marco_MiniLM_L6_v2_ml512.json
cross_encoder_ms_marco_MiniLM_L6_v2__seqcls__seqcls_eval_hits50_cross_encoder_ms_marco_MiniLM_L6_v2_ml512,cross-encoder/ms-marco-MiniLM-L6-v2,seqcls,72,0.3236594717,0.4511472889,0.1274878172,tmp/seqcls_eval_hits50_cross_encoder__ms_marco_MiniLM_L6_v2_ml512.json
cross_encoder_ms_marco_MiniLM_L6_v2__seqcls__seqcls_eval_hits50_cross_encoder_ms_marco_MiniLM_L6_v2_ml512,cross-encoder/ms-marco-MiniLM-L6-v2,seqcls,84,0.4918004153,0.6763773943,0.1845769790,tmp/seqcls_eval_hits50_cross_encoder__ms_marco_MiniLM_L6_v2_ml512.json
cross_encoder_ms_marco_MiniLM_L6_v2__seqcls__seqcls_eval_hits50_cross_encoder_ms_marco_MiniLM_L6_v2_ml512,cross-encoder/ms-marco-MiniLM-L6-v2,seqcls,144,0.0886758433,0.1744533020,0.0857774587,tmp/seqcls_eval_hits50_cross_encoder__ms_marco_MiniLM_L6_v2_ml512.json
cross_encoder_ms_marco_MiniLM_L6_v2__seqcls__seqcls_eval_hits50_cross_encoder_ms_marco_MiniLM_L6_v2_ml512,cross-encoder/ms-marco-MiniLM-L6-v2,seqcls,161,0.6663255611,0.6366052880,-0.0297202731,tmp/seqcls_eval_hits50_cross_encoder__ms_marco_MiniLM_L6_v2_ml512.json
cross_encoder_ms_marco_MiniLM_L6_v2__seqcls__seqcls_eval_hits50_cross_encoder_ms_marco_MiniLM_L6_v2_ml512,cross-encoder/ms-marco-MiniLM-L6-v2,seqcls,200,0.1400835882,0.5289806241,0.3888970359,tmp/seqcls_eval_hits50_cross_encoder__ms_marco_MiniLM_L6_v2_ml512.json
cross_encoder_ms_marco_MiniLM_L6_v2__seqcls__seqcls_eval_hits50_cross_encoder_ms_marco_MiniLM_L6_v2_ml512,cross-encoder/ms-marco-MiniLM-L6-v2,seqcls,213,0.1121597938,0.4465704092,0.3344106154,tmp/seqcls_eval_hits50_cross_encoder__ms_marco_MiniLM_L6_v2_ml512.json
cross_encoder_ms_marco_MiniLM_L6_v2__seqcls__seqcls_eval_hits50_cross_encoder_ms_marco_MiniLM_L6_v2_ml512,cross-encoder/ms-marco-MiniLM-L6-v2,seqcls,219,0.4933573156,0.6999350062,0.2065776906,tmp/seqcls_eval_hits50_cross_encoder__ms_marco_MiniLM_L6_v2_ml512.json
cross_encoder_ms_marco_MiniLM_L6_v2__seqcls__seqcls_eval_hits50_cross_encoder_ms_marco_MiniLM_L6_v2_ml512,cross-encoder/ms-marco-MiniLM-L6-v2,seqcls,224,0.8164972119,0.6353154795,-0.1811817324,tmp/seqcls_eval_hits50_cross_encoder__ms_marco_MiniLM_L6_v2_ml512.json
cross_encoder_ms_marco_MiniLM_L6_v2__seqcls__seqcls_eval_hits50_cross_encoder_ms_marco_MiniLM_L6_v2_ml512,cross-encoder/ms-marco-MiniLM-L6-v2,seqcls,225,0.2572640430,0.2347771400,-0.0224869031,tmp/seqcls_eval_hits50_cross_encoder__ms_marco_MiniLM_L6_v2_ml512.json
cross_encoder_ms_marco_MiniLM_L6_v2__seqcls__seqcls_eval_hits50_cross_encoder_ms_marco_MiniLM_L6_v2_ml512,cross-encoder/ms-marco-MiniLM-L6-v2,seqcls,233,0.5438357471,0.5550770712,0.0112413240,tmp/seqcls_eval_hits50_cross_encoder__ms_marco_MiniLM_L6_v2_ml512.json
cross_encoder_ms_marco_MiniLM_L6_v2__seqcls__seqcls_eval_hits50_cross_encoder_ms_marco_MiniLM_L6_v2_ml512,cross-encoder/ms-marco-MiniLM-L6-v2,seqcls,273,0.3223275559,0.4907876528,0.1684600969,tmp/seqcls_eval_hits50_cross_encoder__ms_marco_MiniLM_L6_v2_ml512.json
cross_encoder_ms_marco_MiniLM_L6_v2__seqcls__seqcls_eval_hits50_cross_encoder_ms_marco_MiniLM_L6_v2_ml512,cross-encoder/ms-marco-MiniLM-L6-v2,seqcls,300,0.3546016102,0.3316919103,-0.0229096999,tmp/seqcls_eval_hits50_cross_encoder__ms_marco_MiniLM_L6_v2_ml512.json
cross_encoder_ms_marco_MiniLM_L6_v2__seqcls__seqcls_eval_hits50_cross_encoder_ms_marco_MiniLM_L6_v2_ml512,cross-encoder/ms-marco-MiniLM-L6-v2,seqcls,407,0.2786364165,0.4265459104,0.1479094940,tmp/seqcls_eval_hits50_cross_encoder__ms_marco_MiniLM_L6_v2_ml512.json
cross_encoder_ms_marco_MiniLM_L6_v2__seqcls__seqcls_eval_hits50_cross_encoder_ms_marco_MiniLM_L6_v2_ml512,cross-encoder/ms-marco-MiniLM-L6-v2,seqcls,477,0.4559153326,0.6435236958,0.1876083632,tmp/seqcls_eval_hits50_cross_encoder__ms_marco_MiniLM_L6_v2_ml512.json
cross_encoder_ms_marco_MiniLM_L6_v2__seqcls__seqcls_eval_hits50_cross_encoder_ms_marco_MiniLM_L6_v2_ml512,cross-encoder/ms-marco-MiniLM-L6-v2,seqcls,499,0.6816109119,0.8156209522,0.1340100403,tmp/seqcls_eval_hits50_cross_encoder__ms_marco_MiniLM_L6_v2_ml512.json
cross_encoder_ms_marco_MiniLM_L6_v2__seqcls__seqcls_eval_hits50_cross_encoder_ms_marco_MiniLM_L6_v2_ml512,cross-encoder/ms-marco-MiniLM-L6-v2,seqcls,515,0.2299254607,0.1484082596,-0.0815172012,tmp/seqcls_eval_hits50_cross_encoder__ms_marco_MiniLM_L6_v2_ml512.json
cross_encoder_ms_marco_MiniLM_L6_v2__seqcls__seqcls_eval_hits50_cross_encoder_ms_marco_MiniLM_L6_v2_ml512,cross-encoder/ms-marco-MiniLM-L6-v2,seqcls,707,0.2026664542,0.2721281565,0.0694617023,tmp/seqcls_eval_hits50_cross_encoder__ms_marco_MiniLM_L6_v2_ml512.json
cross_encoder_ms_marco_MiniLM_L6_v2__seqcls__seqcls_eval_hits50_cross_encoder_ms_marco_MiniLM_L6_v2_ml512,cross-encoder/ms-marco-MiniLM-L6-v2,seqcls,897,0.3048742399,0.3240911955,0.0192169556,tmp/seqcls_eval_hits50_cross_encoder__ms_marco_MiniLM_L6_v2_ml512.json
mixedbread_ai_mxbai_rerank_base_v2__chunk_max__st_chunk_eval_hits50_mixedbread_ai_mxbai_rerank_base_v2_ml1024_cm3500_ov350,mixedbread-ai/mxbai-rerank-base-v2,chunk_max,14,0.3553332721,0.3410400853,-0.0142931868,tmp/st_chunk_eval_hits50_mixedbread_ai__mxbai_rerank_base_v2_ml1024_cm3500_ov350.json
mixedbread_ai_mxbai_rerank_base_v2__chunk_max__st_chunk_eval_hits50_mixedbread_ai_mxbai_rerank_base_v2_ml1024_cm3500_ov350,mixedbread-ai/mxbai-rerank-base-v2,chunk_max,31,0.8478053202,0.8299765729,-0.0178287474,tmp/st_chunk_eval_hits50_mixedbread_ai__mxbai_rerank_base_v2_ml1024_cm3500_ov350.json
mixedbread_ai_mxbai_rerank_base_v2__chunk_max__st_chunk_eval_hits50_mixedbread_ai_mxbai_rerank_base_v2_ml1024_cm3500_ov350,mixedbread-ai/mxbai-rerank-base-v2,chunk_max,37,0.6389817974,0.6362777233,-0.0027040740,tmp/st_chunk_eval_hits50_mixedbread_ai__mxbai_rerank_base_v2_ml1024_cm3500_ov350.json
mixedbread_ai_mxbai_rerank_base_v2__chunk_max__st_chunk_eval_hits50_mixedbread_ai_mxbai_rerank_base_v2_ml1024_cm3500_ov350,mixedbread-ai/mxbai-rerank-base-v2,chunk_max,58,0.5008083446,0.7612390255,0.2604306809,tmp/st_chunk_eval_hits50_mixedbread_ai__mxbai_rerank_base_v2_ml1024_cm3500_ov350.json
mixedbread_ai_mxbai_rerank_base_v2__chunk_max__st_chunk_eval_hits50_mixedbread_ai_mxbai_rerank_base_v2_ml1024_cm3500_ov350,mixedbread-ai/mxbai-rerank-base-v2,chunk_max,72,0.3236594717,0.6487565728,0.3250971012,tmp/st_chunk_eval_hits50_mixedbread_ai__mxbai_rerank_base_v2_ml1024_cm3500_ov350.json
mixedbread_ai_mxbai_rerank_base_v2__chunk_max__st_chunk_eval_hits50_mixedbread_ai_mxbai_rerank_base_v2_ml1024_cm3500_ov350,mixedbread-ai/mxbai-rerank-base-v2,chunk_max,84,0.4918004153,0.8557280957,0.3639276805,tmp/st_chunk_eval_hits50_mixedbread_ai__mxbai_rerank_base_v2_ml1024_cm3500_ov350.json
mixedbread_ai_mxbai_rerank_base_v2__chunk_max__st_chunk_eval_hits50_mixedbread_ai_mxbai_rerank_base_v2_ml1024_cm3500_ov350,mixedbread-ai/mxbai-rerank-base-v2,chunk_max,144,0.0886758433,0.1711840299,0.0825081866,tmp/st_chunk_eval_hits50_mixedbread_ai__mxbai_rerank_base_v2_ml1024_cm3500_ov350.json
mixedbread_ai_mxbai_rerank_base_v2__chunk_max__st_chunk_eval_hits50_mixedbread_ai_mxbai_rerank_base_v2_ml1024_cm3500_ov350,mixedbread-ai/mxbai-rerank-base-v2,chunk_max,161,0.6663255611,0.6608971316,-0.0054284295,tmp/st_chunk_eval_hits50_mixedbread_ai__mxbai_rerank_base_v2_ml1024_cm3500_ov350.json
mixedbread_ai_mxbai_rerank_base_v2__chunk_max__st_chunk_eval_hits50_mixedbread_ai_mxbai_rerank_base_v2_ml1024_cm3500_ov350,mixedbread-ai/mxbai-rerank-base-v2,chunk_max,200,0.1400835882,0.3933844454,0.2533008572,tmp/st_chunk_eval_hits50_mixedbread_ai__mxbai_rerank_base_v2_ml1024_cm3500_ov350.json
mixedbread_ai_mxbai_rerank_base_v2__chunk_max__st_chunk_eval_hits50_mixedbread_ai_mxbai_rerank_base_v2_ml1024_cm3500_ov350,mixedbread-ai/mxbai-rerank-base-v2,chunk_max,213,0.1121597938,0.4802023877,0.3680425939,tmp/st_chunk_eval_hits50_mixedbread_ai__mxbai_rerank_base_v2_ml1024_cm3500_ov350.json
mixedbread_ai_mxbai_rerank_base_v2__chunk_max__st_chunk_eval_hits50_mixedbread_ai_mxbai_rerank_base_v2_ml1024_cm3500_ov350,mixedbread-ai/mxbai-rerank-base-v2,chunk_max,219,0.4933573156,0.4198842965,-0.0734730191,tmp/st_chunk_eval_hits50_mixedbread_ai__mxbai_rerank_base_v2_ml1024_cm3500_ov350.json
mixedbread_ai_mxbai_rerank_base_v2__chunk_max__st_chunk_eval_hits50_mixedbread_ai_mxbai_rerank_base_v2_ml1024_cm3500_ov350,mixedbread-ai/mxbai-rerank-base-v2,chunk_max,224,0.8164972119,0.6647918704,-0.1517053415,tmp/st_chunk_eval_hits50_mixedbread_ai__mxbai_rerank_base_v2_ml1024_cm3500_ov350.json
mixedbread_ai_mxbai_rerank_base_v2__chunk_max__st_chunk_eval_hits50_mixedbread_ai_mxbai_rerank_base_v2_ml1024_cm3500_ov350,mixedbread-ai/mxbai-rerank-base-v2,chunk_max,225,0.2572640430,0.3413062027,0.0840421596,tmp/st_chunk_eval_hits50_mixedbread_ai__mxbai_rerank_base_v2_ml1024_cm3500_ov350.json
mixedbread_ai_mxbai_rerank_base_v2__chunk_max__st_chunk_eval_hits50_mixedbread_ai_mxbai_rerank_base_v2_ml1024_cm3500_ov350,mixedbread-ai/mxbai-rerank-base-v2,chunk_max,233,0.5438357471,0.7111314603,0.1672957132,tmp/st_chunk_eval_hits50_mixedbread_ai__mxbai_rerank_base_v2_ml1024_cm3500_ov350.json
mixedbread_ai_mxbai_rerank_base_v2__chunk_max__st_chunk_eval_hits50_mixedbread_ai_mxbai_rerank_base_v2_ml1024_cm3500_ov350,mixedbread-ai/mxbai-rerank-base-v2,chunk_max,273,0.3223275559,0.3766377452,0.0543101892,tmp/st_chunk_eval_hits50_mixedbread_ai__mxbai_rerank_base_v2_ml1024_cm3500_ov350.json
mixedbread_ai_mxbai_rerank_base_v2__chunk_max__st_chunk_eval_hits50_mixedbread_ai_mxbai_rerank_base_v2_ml1024_cm3500_ov350,mixedbread-ai/mxbai-rerank-base-v2,chunk_max,300,0.3546016102,0.4030142745,0.0484126643,tmp/st_chunk_eval_hits50_mixedbread_ai__mxbai_rerank_base_v2_ml1024_cm3500_ov350.json
mixedbread_ai_mxbai_rerank_base_v2__chunk_max__st_chunk_eval_hits50_mixedbread_ai_mxbai_rerank_base_v2_ml1024_cm3500_ov350,mixedbread-ai/mxbai-rerank-base-v2,chunk_max,407,0.2786364165,0.4414434961,0.1628070796,tmp/st_chunk_eval_hits50_mixedbread_ai__mxbai_rerank_base_v2_ml1024_cm3500_ov350.json
mixedbread_ai_mxbai_rerank_base_v2__chunk_max__st_chunk_eval_hits50_mixedbread_ai_mxbai_rerank_base_v2_ml1024_cm3500_ov350,mixedbread-ai/mxbai-rerank-base-v2,chunk_max,477,0.4559153326,0.7698838189,0.3139684862,tmp/st_chunk_eval_hits50_mixedbread_ai__mxbai_rerank_base_v2_ml1024_cm3500_ov350.json
mixedbread_ai_mxbai_rerank_base_v2__chunk_max__st_chunk_eval_hits50_mixedbread_ai_mxbai_rerank_base_v2_ml1024_cm3500_ov350,mixedbread-ai/mxbai-rerank-base-v2,chunk_max,499,0.6816109119,0.5888721810,-0.0927387308,tmp/st_chunk_eval_hits50_mixedbread_ai__mxbai_rerank_base_v2_ml1024_cm3500_ov350.json
mixedbread_ai_mxbai_rerank_base_v2__chunk_max__st_chunk_eval_hits50_mixedbread_ai_mxbai_rerank_base_v2_ml1024_cm3500_ov350,mixedbread-ai/mxbai-rerank-base-v2,chunk_max,515,0.2299254607,0.2585945633,0.0286691026,tmp/st_chunk_eval_hits50_mixedbread_ai__mxbai_rerank_base_v2_ml1024_cm3500_ov350.json
mixedbread_ai_mxbai_rerank_base_v2__chunk_max__st_chunk_eval_hits50_mixedbread_ai_mxbai_rerank_base_v2_ml1024_cm3500_ov350,mixedbread-ai/mxbai-rerank-base-v2,chunk_max,707,0.2026664542,0.3666984940,0.1640320398,tmp/st_chunk_eval_hits50_mixedbread_ai__mxbai_rerank_base_v2_ml1024_cm3500_ov350.json
mixedbread_ai_mxbai_rerank_base_v2__chunk_max__st_chunk_eval_hits50_mixedbread_ai_mxbai_rerank_base_v2_ml1024_cm3500_ov350,mixedbread-ai/mxbai-rerank-base-v2,chunk_max,897,0.3048742399,0.4055495735,0.1006753336,tmp/st_chunk_eval_hits50_mixedbread_ai__mxbai_rerank_base_v2_ml1024_cm3500_ov350.json
mixedbread_ai_mxbai_rerank_base_v2__chunk_mean_top3__st_chunk_eval_hits50_mixedbread_ai_mxbai_rerank_base_v2_ml1024_cm3500_ov350,mixedbread-ai/mxbai-rerank-base-v2,chunk_mean_top3,14,0.3553332721,0.4299581092,0.0746248371,tmp/st_chunk_eval_hits50_mixedbread_ai__mxbai_rerank_base_v2_ml1024_cm3500_ov350.json
mixedbread_ai_mxbai_rerank_base_v2__chunk_mean_top3__st_chunk_eval_hits50_mixedbread_ai_mxbai_rerank_base_v2_ml1024_cm3500_ov350,mixedbread-ai/mxbai-rerank-base-v2,chunk_mean_top3,31,0.8478053202,0.8958991996,0.0480938794,tmp/st_chunk_eval_hits50_mixedbread_ai__mxbai_rerank_base_v2_ml1024_cm3500_ov350.json
mixedbread_ai_mxbai_rerank_base_v2__chunk_mean_top3__st_chunk_eval_hits50_mixedbread_ai_mxbai_rerank_base_v2_ml1024_cm3500_ov350,mixedbread-ai/mxbai-rerank-base-v2,chunk_mean_top3,37,0.6389817974,0.5976018184,-0.0413799789,tmp/st_chunk_eval_hits50_mixedbread_ai__mxbai_rerank_base_v2_ml1024_cm3500_ov350.json
mixedbread_ai_mxbai_rerank_base_v2__chunk_mean_top3__st_chunk_eval_hits50_mixedbread_ai_mxbai_rerank_base_v2_ml1024_cm3500_ov350,mixedbread-ai/mxbai-rerank-base-v2,chunk_mean_top3,58,0.5008083446,0.7584563669,0.2576480223,tmp/st_chunk_eval_hits50_mixedbread_ai__mxbai_rerank_base_v2_ml1024_cm3500_ov350.json
mixedbread_ai_mxbai_rerank_base_v2__chunk_mean_top3__st_chunk_eval_hits50_mixedbread_ai_mxbai_rerank_base_v2_ml1024_cm3500_ov350,mixedbread-ai/mxbai-rerank-base-v2,chunk_mean_top3,72,0.3236594717,0.7306397056,0.4069802340,tmp/st_chunk_eval_hits50_mixedbread_ai__mxbai_rerank_base_v2_ml1024_cm3500_ov350.json
mixedbread_ai_mxbai_rerank_base_v2__chunk_mean_top3__st_chunk_eval_hits50_mixedbread_ai_mxbai_rerank_base_v2_ml1024_cm3500_ov350,mixedbread-ai/mxbai-rerank-base-v2,chunk_mean_top3,84,0.4918004153,0.7640534257,0.2722530104,tmp/st_chunk_eval_hits50_mixedbread_ai__mxbai_rerank_base_v2_ml1024_cm3500_ov350.json
mixedbread_ai_mxbai_rerank_base_v2__chunk_mean_top3__st_chunk_eval_hits50_mixedbread_ai_mxbai_rerank_base_v2_ml1024_cm3500_ov350,mixedbread-ai/mxbai-rerank-base-v2,chunk_mean_top3,144,0.0886758433,0.1983442527,0.1096684094,tmp/st_chunk_eval_hits50_mixedbread_ai__mxbai_rerank_base_v2_ml1024_cm3500_ov350.json
mixedbread_ai_mxbai_rerank_base_v2__chunk_mean_top3__st_chunk_eval_hits50_mixedbread_ai_mxbai_rerank_base_v2_ml1024_cm3500_ov350,mixedbread-ai/mxbai-rerank-base-v2,chunk_mean_top3,161,0.6663255611,0.6983805489,0.0320549879,tmp/st_chunk_eval_hits50_mixedbread_ai__mxbai_rerank_base_v2_ml1024_cm3500_ov350.json
mixedbread_ai_mxbai_rerank_base_v2__chunk_mean_top3__st_chunk_eval_hits50_mixedbread_ai_mxbai_rerank_base_v2_ml1024_cm3500_ov350,mixedbread-ai/mxbai-rerank-base-v2,chunk_mean_top3,200,0.1400835882,0.2683698945,0.1282863063,tmp/st_chunk_eval_hits50_mixedbread_ai__mxbai_rerank_base_v2_ml1024_cm3500_ov350.json
mixedbread_ai_mxbai_rerank_base_v2__chunk_mean_top3__st_chunk_eval_hits50_mixedbread_ai_mxbai_rerank_base_v2_ml1024_cm3500_ov350,mixedbread-ai/mxbai-rerank-base-v2,chunk_mean_top3,213,0.1121597938,0.4925180727,0.3803582789,tmp/st_chunk_eval_hits50_mixedbread_ai__mxbai_rerank_base_v2_ml1024_cm3500_ov350.json
mixedbread_ai_mxbai_rerank_base_v2__chunk_mean_top3__st_chunk_eval_hits50_mixedbread_ai_mxbai_rerank_base_v2_ml1024_cm3500_ov350,mixedbread-ai/mxbai-rerank-base-v2,chunk_mean_top3,219,0.4933573156,0.4228025871,-0.0705547285,tmp/st_chunk_eval_hits50_mixedbread_ai__mxbai_rerank_base_v2_ml1024_cm3500_ov350.json
mixedbread_ai_mxbai_rerank_base_v2__chunk_mean_top3__st_chunk_eval_hits50_mixedbread_ai_mxbai_rerank_base_v2_ml1024_cm3500_ov350,mixedbread-ai/mxbai-rerank-base-v2,chunk_mean_top3,224,0.8164972119,0.5658032910,-0.2506939209,tmp/st_chunk_eval_hits50_mixedbread_ai__mxbai_rerank_base_v2_ml1024_cm3500_ov350.json
mixedbread_ai_mxbai_rerank_base_v2__chunk_mean_top3__st_chunk_eval_hits50_mixedbread_ai_mxbai_rerank_base_v2_ml1024_cm3500_ov350,mixedbread-ai/mxbai-rerank-base-v2,chunk_mean_top3,225,0.2572640430,0.3646090563,0.1073450133,tmp/st_chunk_eval_hits50_mixedbread_ai__mxbai_rerank_base_v2_ml1024_cm3500_ov350.json
mixedbread_ai_mxbai_rerank_base_v2__chunk_mean_top3__st_chunk_eval_hits50_mixedbread_ai_mxbai_rerank_base_v2_ml1024_cm3500_ov350,mixedbread-ai/mxbai-rerank-base-v2,chunk_mean_top3,233,0.5438357471,0.7891141825,0.2452784354,tmp/st_chunk_eval_hits50_mixedbread_ai__mxbai_rerank_base_v2_ml1024_cm3500_ov350.json
mixedbread_ai_mxbai_rerank_base_v2__chunk_mean_top3__st_chunk_eval_hits50_mixedbread_ai_mxbai_rerank_base_v2_ml1024_cm3500_ov350,mixedbread-ai/mxbai-rerank-base-v2,chunk_mean_top3,273,0.3223275559,0.4093940343,0.0870664783,tmp/st_chunk_eval_hits50_mixedbread_ai__mxbai_rerank_base_v2_ml1024_cm3500_ov350.json
mixedbread_ai_mxbai_rerank_base_v2__chunk_mean_top3__st_chunk_eval_hits50_mixedbread_ai_mxbai_rerank_base_v2_ml1024_cm3500_ov350,mixedbread-ai/mxbai-rerank-base-v2,chunk_mean_top3,300,0.3546016102,0.4293123100,0.0747106998,tmp/st_chunk_eval_hits50_mixedbread_ai__mxbai_rerank_base_v2_ml1024_cm3500_ov350.json
mixedbread_ai_mxbai_rerank_base_v2__chunk_mean_top3__st_chunk_eval_hits50_mixedbread_ai_mxbai_rerank_base_v2_ml1024_cm3500_ov350,mixedbread-ai/mxbai-rerank-base-v2,chunk_mean_top3,407,0.2786364165,0.4748587852,0.1962223687,tmp/st_chunk_eval_hits50_mixedbread_ai__mxbai_rerank_base_v2_ml1024_cm3500_ov350.json
mixedbread_ai_mxbai_rerank_base_v2__chunk_mean_top3__st_chunk_eval_hits50_mixedbread_ai_mxbai_rerank_base_v2_ml1024_cm3500_ov350,mixedbread-ai/mxbai-rerank-base-v2,chunk_mean_top3,477,0.4559153326,0.6390574810,0.1831421483,tmp/st_chunk_eval_hits50_mixedbread_ai__mxbai_rerank_base_v2_ml1024_cm3500_ov350.json
mixedbread_ai_mxbai_rerank_base_v2__chunk_mean_top3__st_chunk_eval_hits50_mixedbread_ai_mxbai_rerank_base_v2_ml1024_cm3500_ov350,mixedbread-ai/mxbai-rerank-base-v2,chunk_mean_top3,499,0.6816109119,0.7816817433,0.1000708314,tmp/st_chunk_eval_hits50_mixedbread_ai__mxbai_rerank_base_v2_ml1024_cm3500_ov350.json
mixedbread_ai_mxbai_rerank_base_v2__chunk_mean_top3__st_chunk_eval_hits50_mixedbread_ai_mxbai_rerank_base_v2_ml1024_cm3500_ov350,mixedbread-ai/mxbai-rerank-base-v2,chunk_mean_top3,515,0.2299254607,0.1853787312,-0.0445467295,tmp/st_chunk_eval_hits50_mixedbread_ai__mxbai_rerank_base_v2_ml1024_cm3500_ov350.json
mixedbread_ai_mxbai_rerank_base_v2__chunk_mean_top3__st_chunk_eval_hits50_mixedbread_ai_mxbai_rerank_base_v2_ml1024_cm3500_ov350,mixedbread-ai/mxbai-rerank-base-v2,chunk_mean_top3,707,0.2026664542,0.4071783360,0.2045118818,tmp/st_chunk_eval_hits50_mixedbread_ai__mxbai_rerank_base_v2_ml1024_cm3500_ov350.json
mixedbread_ai_mxbai_rerank_base_v2__chunk_mean_top3__st_chunk_eval_hits50_mixedbread_ai_mxbai_rerank_base_v2_ml1024_cm3500_ov350,mixedbread-ai/mxbai-rerank-base-v2,chunk_mean_top3,897,0.3048742399,0.3765375614,0.0716633215,tmp/st_chunk_eval_hits50_mixedbread_ai__mxbai_rerank_base_v2_ml1024_cm3500_ov350.json
mixedbread_ai_mxbai_rerank_base_v2__chunk_top3_weighted__st_chunk_eval_hits50_mixedbread_ai_mxbai_rerank_base_v2_ml1024_cm3500_ov350,mixedbread-ai/mxbai-rerank-base-v2,chunk_top3_weighted,14,0.3553332721,0.3729272529,0.0175939808,tmp/st_chunk_eval_hits50_mixedbread_ai__mxbai_rerank_base_v2_ml1024_cm3500_ov350.json
mixedbread_ai_mxbai_rerank_base_v2__chunk_top3_weighted__st_chunk_eval_hits50_mixedbread_ai_mxbai_rerank_base_v2_ml1024_cm3500_ov350,mixedbread-ai/mxbai-rerank-base-v2,chunk_top3_weighted,31,0.8478053202,0.8414551486,-0.0063501717,tmp/st_chunk_eval_hits50_mixedbread_ai__mxbai_rerank_base_v2_ml1024_cm3500_ov350.json
mixedbread_ai_mxbai_rerank_base_v2__chunk_top3_weighted__st_chunk_eval_hits50_mixedbread_ai_mxbai_rerank_base_v2_ml1024_cm3500_ov350,mixedbread-ai/mxbai-rerank-base-v2,chunk_top3_weighted,37,0.6389817974,0.5775986344,-0.0613831630,tmp/st_chunk_eval_hits50_mixedbread_ai__mxbai_rerank_base_v2_ml1024_cm3500_ov350.json
mixedbread_ai_mxbai_rerank_base_v2__chunk_top3_weighted__st_chunk_eval_hits50_mixedbread_ai_mxbai_rerank_base_v2_ml1024_cm3500_ov350,mixedbread-ai/mxbai-rerank-base-v2,chunk_top3_weighted,58,0.5008083446,0.7612390255,0.2604306809,tmp/st_chunk_eval_hits50_mixedbread_ai__mxbai_rerank_base_v2_ml1024_cm3500_ov350.json
mixedbread_ai_mxbai_rerank_base_v2__chunk_top3_weighted__st_chunk_eval_hits50_mixedbread_ai_mxbai_rerank_base_v2_ml1024_cm3500_ov350,mixedbread-ai/mxbai-rerank-base-v2,chunk_top3_weighted,72,0.3236594717,0.7386163424,0.4149568708,tmp/st_chunk_eval_hits50_mixedbread_ai__mxbai_rerank_base_v2_ml1024_cm3500_ov350.json
mixedbread_ai_mxbai_rerank_base_v2__chunk_top3_weighted__st_chunk_eval_hits50_mixedbread_ai_mxbai_rerank_base_v2_ml1024_cm3500_ov350,mixedbread-ai/mxbai-rerank-base-v2,chunk_top3_weighted,84,0.4918004153,0.8706038105,0.3788033952,tmp/st_chunk_eval_hits50_mixedbread_ai__mxbai_rerank_base_v2_ml1024_cm3500_ov350.json
mixedbread_ai_mxbai_rerank_base_v2__chunk_top3_weighted__st_chunk_eval_hits50_mixedbread_ai_mxbai_rerank_base_v2_ml1024_cm3500_ov350,mixedbread-ai/mxbai-rerank-base-v2,chunk_top3_weighted,144,0.0886758433,0.2005295987,0.1118537554,tmp/st_chunk_eval_hits50_mixedbread_ai__mxbai_rerank_base_v2_ml1024_cm3500_ov350.json
mixedbread_ai_mxbai_rerank_base_v2__chunk_top3_weighted__st_chunk_eval_hits50_mixedbread_ai_mxbai_rerank_base_v2_ml1024_cm3500_ov350,mixedbread-ai/mxbai-rerank-base-v2,chunk_top3_weighted,161,0.6663255611,0.6958389502,0.0295133891,tmp/st_chunk_eval_hits50_mixedbread_ai__mxbai_rerank_base_v2_ml1024_cm3500_ov350.json
mixedbread_ai_mxbai_rerank_base_v2__chunk_top3_weighted__st_chunk_eval_hits50_mixedbread_ai_mxbai_rerank_base_v2_ml1024_cm3500_ov350,mixedbread-ai/mxbai-rerank-base-v2,chunk_top3_weighted,200,0.1400835882,0.3058173612,0.1657337730,tmp/st_chunk_eval_hits50_mixedbread_ai__mxbai_rerank_base_v2_ml1024_cm3500_ov350.json
mixedbread_ai_mxbai_rerank_base_v2__chunk_top3_weighted__st_chunk_eval_hits50_mixedbread_ai_mxbai_rerank_base_v2_ml1024_cm3500_ov350,mixedbread-ai/mxbai-rerank-base-v2,chunk_top3_weighted,213,0.1121597938,0.4925180727,0.3803582789,tmp/st_chunk_eval_hits50_mixedbread_ai__mxbai_rerank_base_v2_ml1024_cm3500_ov350.json
mixedbread_ai_mxbai_rerank_base_v2__chunk_top3_weighted__st_chunk_eval_hits50_mixedbread_ai_mxbai_rerank_base_v2_ml1024_cm3500_ov350,mixedbread-ai/mxbai-rerank-base-v2,chunk_top3_weighted,219,0.4933573156,0.3568711693,-0.1364861463,tmp/st_chunk_eval_hits50_mixedbread_ai__mxbai_rerank_base_v2_ml1024_cm3500_ov350.json
mixedbread_ai_mxbai_rerank_base_v2__chunk_top3_weighted__st_chunk_eval_hits50_mixedbread_ai_mxbai_rerank_base_v2_ml1024_cm3500_ov350,mixedbread-ai/mxbai-rerank-base-v2,chunk_top3_weighted,224,0.8164972119,0.6306057648,-0.1858914471,tmp/st_chunk_eval_hits50_mixedbread_ai__mxbai_rerank_base_v2_ml1024_cm3500_ov350.json
mixedbread_ai_mxbai_rerank_base_v2__chunk_top3_weighted__st_chunk_eval_hits50_mixedbread_ai_mxbai_rerank_base_v2_ml1024_cm3500_ov350,mixedbread-ai/mxbai-rerank-base-v2,chunk_top3_weighted,225,0.2572640430,0.3646894096,0.1074253666,tmp/st_chunk_eval_hits50_mixedbread_ai__mxbai_rerank_base_v2_ml1024_cm3500_ov350.json
mixedbread_ai_mxbai_rerank_base_v2__chunk_top3_weighted__st_chunk_eval_hits50_mixedbread_ai_mxbai_rerank_base_v2_ml1024_cm3500_ov350,mixedbread-ai/mxbai-rerank-base-v2,chunk_top3_weighted,233,0.5438357471,0.7606185344,0.2167827872,tmp/st_chunk_eval_hits50_mixedbread_ai__mxbai_rerank_base_v2_ml1024_cm3500_ov350.json
mixedbread_ai_mxbai_rerank_base_v2__chunk_top3_weighted__st_chunk_eval_hits50_mixedbread_ai_mxbai_rerank_base_v2_ml1024_cm3500_ov350,mixedbread-ai/mxbai-rerank-base-v2,chunk_top3_weighted,273,0.3223275559,0.4043937637,0.0820662078,tmp/st_chunk_eval_hits50_mixedbread_ai__mxbai_rerank_base_v2_ml1024_cm3500_ov350.json
mixedbread_ai_mxbai_rerank_base_v2__chunk_top3_weighted__st_chunk_eval_hits50_mixedbread_ai_mxbai_rerank_base_v2_ml1024_cm3500_ov350,mixedbread-ai/mxbai-rerank-base-v2,chunk_top3_weighted,300,0.3546016102,0.4325064989,0.0779048887,tmp/st_chunk_eval_hits50_mixedbread_ai__mxbai_rerank_base_v2_ml1024_cm3500_ov350.json
mixedbread_ai_mxbai_rerank_base_v2__chunk_top3_weighted__st_chunk_eval_hits50_mixedbread_ai_mxbai_rerank_base_v2_ml1024_cm3500_ov350,mixedbread-ai/mxbai-rerank-base-v2,chunk_top3_weighted,407,0.2786364165,0.4714933007,0.1928568843,tmp/st_chunk_eval_hits50_mixedbread_ai__mxbai_rerank_base_v2_ml1024_cm3500_ov350.json
mixedbread_ai_mxbai_rerank_base_v2__chunk_top3_weighted__st_chunk_eval_hits50_mixedbread_ai_mxbai_rerank_base_v2_ml1024_cm3500_ov350,mixedbread-ai/mxbai-rerank-base-v2,chunk_top3_weighted,477,0.4559153326,0.7400196832,0.2841043506,tmp/st_chunk_eval_hits50_mixedbread_ai__mxbai_rerank_base_v2_ml1024_cm3500_ov350.json
mixedbread_ai_mxbai_rerank_base_v2__chunk_top3_weighted__st_chunk_eval_hits50_mixedbread_ai_mxbai_rerank_base_v2_ml1024_cm3500_ov350,mixedbread-ai/mxbai-rerank-base-v2,chunk_top3_weighted,499,0.6816109119,0.6953703594,0.0137594475,tmp/st_chunk_eval_hits50_mixedbread_ai__mxbai_rerank_base_v2_ml1024_cm3500_ov350.json
mixedbread_ai_mxbai_rerank_base_v2__chunk_top3_weighted__st_chunk_eval_hits50_mixedbread_ai_mxbai_rerank_base_v2_ml1024_cm3500_ov350,mixedbread-ai/mxbai-rerank-base-v2,chunk_top3_weighted,515,0.2299254607,0.2429885187,0.0130630579,tmp/st_chunk_eval_hits50_mixedbread_ai__mxbai_rerank_base_v2_ml1024_cm3500_ov350.json
mixedbread_ai_mxbai_rerank_base_v2__chunk_top3_weighted__st_chunk_eval_hits50_mixedbread_ai_mxbai_rerank_base_v2_ml1024_cm3500_ov350,mixedbread-ai/mxbai-rerank-base-v2,chunk_top3_weighted,707,0.2026664542,0.4186287097,0.2159622556,tmp/st_chunk_eval_hits50_mixedbread_ai__mxbai_rerank_base_v2_ml1024_cm3500_ov350.json
mixedbread_ai_mxbai_rerank_base_v2__chunk_top3_weighted__st_chunk_eval_hits50_mixedbread_ai_mxbai_rerank_base_v2_ml1024_cm3500_ov350,mixedbread-ai/mxbai-rerank-base-v2,chunk_top3_weighted,897,0.3048742399,0.4026545703,0.0977803304,tmp/st_chunk_eval_hits50_mixedbread_ai__mxbai_rerank_base_v2_ml1024_cm3500_ov350.json
mixedbread_ai_mxbai_rerank_base_v2__chunk_top4_weighted__st_chunk_eval_hits50_mixedbread_ai_mxbai_rerank_base_v2_ml1024_cm3500_ov350,mixedbread-ai/mxbai-rerank-base-v2,chunk_top4_weighted,14,0.3553332721,0.3769547304,0.0216214583,tmp/st_chunk_eval_hits50_mixedbread_ai__mxbai_rerank_base_v2_ml1024_cm3500_ov350.json
mixedbread_ai_mxbai_rerank_base_v2__chunk_top4_weighted__st_chunk_eval_hits50_mixedbread_ai_mxbai_rerank_base_v2_ml1024_cm3500_ov350,mixedbread-ai/mxbai-rerank-base-v2,chunk_top4_weighted,31,0.8478053202,0.8400506498,-0.0077546705,tmp/st_chunk_eval_hits50_mixedbread_ai__mxbai_rerank_base_v2_ml1024_cm3500_ov350.json
mixedbread_ai_mxbai_rerank_base_v2__chunk_top4_weighted__st_chunk_eval_hits50_mixedbread_ai_mxbai_rerank_base_v2_ml1024_cm3500_ov350,mixedbread-ai/mxbai-rerank-base-v2,chunk_top4_weighted,37,0.6389817974,0.5814109994,-0.0575707979,tmp/st_chunk_eval_hits50_mixedbread_ai__mxbai_rerank_base_v2_ml1024_cm3500_ov350.json
mixedbread_ai_mxbai_rerank_base_v2__chunk_top4_weighted__st_chunk_eval_hits50_mixedbread_ai_mxbai_rerank_base_v2_ml1024_cm3500_ov350,mixedbread-ai/mxbai-rerank-base-v2,chunk_top4_weighted,58,0.5008083446,0.8257562670,0.3249479224,tmp/st_chunk_eval_hits50_mixedbread_ai__mxbai_rerank_base_v2_ml1024_cm3500_ov350.json
mixedbread_ai_mxbai_rerank_base_v2__chunk_top4_weighted__st_chunk_eval_hits50_mixedbread_ai_mxbai_rerank_base_v2_ml1024_cm3500_ov350,mixedbread-ai/mxbai-rerank-base-v2,chunk_top4_weighted,72,0.3236594717,0.7386163424,0.4149568708,tmp/st_chunk_eval_hits50_mixedbread_ai__mxbai_rerank_base_v2_ml1024_cm3500_ov350.json
mixedbread_ai_mxbai_rerank_base_v2__chunk_top4_weighted__st_chunk_eval_hits50_mixedbread_ai_mxbai_rerank_base_v2_ml1024_cm3500_ov350,mixedbread-ai/mxbai-rerank-base-v2,chunk_top4_weighted,84,0.4918004153,0.8278791328,0.3360787175,tmp/st_chunk_eval_hits50_mixedbread_ai__mxbai_rerank_base_v2_ml1024_cm3500_ov350.json
mixedbread_ai_mxbai_rerank_base_v2__chunk_top4_weighted__st_chunk_eval_hits50_mixedbread_ai_mxbai_rerank_base_v2_ml1024_cm3500_ov350,mixedbread-ai/mxbai-rerank-base-v2,chunk_top4_weighted,144,0.0886758433,0.2005295987,0.1118537554,tmp/st_chunk_eval_hits50_mixedbread_ai__mxbai_rerank_base_v2_ml1024_cm3500_ov350.json
mixedbread_ai_mxbai_rerank_base_v2__chunk_top4_weighted__st_chunk_eval_hits50_mixedbread_ai_mxbai_rerank_base_v2_ml1024_cm3500_ov350,mixedbread-ai/mxbai-rerank-base-v2,chunk_top4_weighted,161,0.6663255611,0.6958389502,0.0295133891,tmp/st_chunk_eval_hits50_mixedbread_ai__mxbai_rerank_base_v2_ml1024_cm3500_ov350.json
mixedbread_ai_mxbai_rerank_base_v2__chunk_top4_weighted__st_chunk_eval_hits50_mixedbread_ai_mxbai_rerank_base_v2_ml1024_cm3500_ov350,mixedbread-ai/mxbai-rerank-base-v2,chunk_top4_weighted,200,0.1400835882,0.3196364689,0.1795528807,tmp/st_chunk_eval_hits50_mixedbread_ai__mxbai_rerank_base_v2_ml1024_cm3500_ov350.json
mixedbread_ai_mxbai_rerank_base_v2__chunk_top4_weighted__st_chunk_eval_hits50_mixedbread_ai_mxbai_rerank_base_v2_ml1024_cm3500_ov350,mixedbread-ai/mxbai-rerank-base-v2,chunk_top4_weighted,213,0.1121597938,0.4925180727,0.3803582789,tmp/st_chunk_eval_hits50_mixedbread_ai__mxbai_rerank_base_v2_ml1024_cm3500_ov350.json
mixedbread_ai_mxbai_rerank_base_v2__chunk_top4_weighted__st_chunk_eval_hits50_mixedbread_ai_mxbai_rerank_base_v2_ml1024_cm3500_ov350,mixedbread-ai/mxbai-rerank-base-v2,chunk_top4_weighted,219,0.4933573156,0.4218546272,-0.0715026883,tmp/st_chunk_eval_hits50_mixedbread_ai__mxbai_rerank_base_v2_ml1024_cm3500_ov350.json
mixedbread_ai_mxbai_rerank_base_v2__chunk_top4_weighted__st_chunk_eval_hits50_mixedbread_ai_mxbai_rerank_base_v2_ml1024_cm3500_ov350,mixedbread-ai/mxbai-rerank-base-v2,chunk_top4_weighted,224,0.8164972119,0.6306057648,-0.1858914471,tmp/st_chunk_eval_hits50_mixedbread_ai__mxbai_rerank_base_v2_ml1024_cm3500_ov350.json
mixedbread_ai_mxbai_rerank_base_v2__chunk_top4_weighted__st_chunk_eval_hits50_mixedbread_ai_mxbai_rerank_base_v2_ml1024_cm3500_ov350,mixedbread-ai/mxbai-rerank-base-v2,chunk_top4_weighted,225,0.2572640430,0.3537835213,0.0965194783,tmp/st_chunk_eval_hits50_mixedbread_ai__mxbai_rerank_base_v2_ml1024_cm3500_ov350.json
mixedbread_ai_mxbai_rerank_base_v2__chunk_top4_weighted__st_chunk_eval_hits50_mixedbread_ai_mxbai_rerank_base_v2_ml1024_cm3500_ov350,mixedbread-ai/mxbai-rerank-base-v2,chunk_top4_weighted,233,0.5438357471,0.7837183036,0.2398825565,tmp/st_chunk_eval_hits50_mixedbread_ai__mxbai_rerank_base_v2_ml1024_cm3500_ov350.json
mixedbread_ai_mxbai_rerank_base_v2__chunk_top4_weighted__st_chunk_eval_hits50_mixedbread_ai_mxbai_rerank_base_v2_ml1024_cm3500_ov350,mixedbread-ai/mxbai-rerank-base-v2,chunk_top4_weighted,273,0.3223275559,0.4125820461,0.0902544901,tmp/st_chunk_eval_hits50_mixedbread_ai__mxbai_rerank_base_v2_ml1024_cm3500_ov350.json
mixedbread_ai_mxbai_rerank_base_v2__chunk_top4_weighted__st_chunk_eval_hits50_mixedbread_ai_mxbai_rerank_base_v2_ml1024_cm3500_ov350,mixedbread-ai/mxbai-rerank-base-v2,chunk_top4_weighted,300,0.3546016102,0.4334176409,0.0788160306,tmp/st_chunk_eval_hits50_mixedbread_ai__mxbai_rerank_base_v2_ml1024_cm3500_ov350.json
mixedbread_ai_mxbai_rerank_base_v2__chunk_top4_weighted__st_chunk_eval_hits50_mixedbread_ai_mxbai_rerank_base_v2_ml1024_cm3500_ov350,mixedbread-ai/mxbai-rerank-base-v2,chunk_top4_weighted,407,0.2786364165,0.4729316856,0.1942952691,tmp/st_chunk_eval_hits50_mixedbread_ai__mxbai_rerank_base_v2_ml1024_cm3500_ov350.json
mixedbread_ai_mxbai_rerank_base_v2__chunk_top4_weighted__st_chunk_eval_hits50_mixedbread_ai_mxbai_rerank_base_v2_ml1024_cm3500_ov350,mixedbread-ai/mxbai-rerank-base-v2,chunk_top4_weighted,477,0.4559153326,0.7200974708,0.2641821382,tmp/st_chunk_eval_hits50_mixedbread_ai__mxbai_rerank_base_v2_ml1024_cm3500_ov350.json
mixedbread_ai_mxbai_rerank_base_v2__chunk_top4_weighted__st_chunk_eval_hits50_mixedbread_ai_mxbai_rerank_base_v2_ml1024_cm3500_ov350,mixedbread-ai/mxbai-rerank-base-v2,chunk_top4_weighted,499,0.6816109119,0.7006923046,0.0190813927,tmp/st_chunk_eval_hits50_mixedbread_ai__mxbai_rerank_base_v2_ml1024_cm3500_ov350.json
mixedbread_ai_mxbai_rerank_base_v2__chunk_top4_weighted__st_chunk_eval_hits50_mixedbread_ai_mxbai_rerank_base_v2_ml1024_cm3500_ov350,mixedbread-ai/mxbai-rerank-base-v2,chunk_top4_weighted,515,0.2299254607,0.2388274998,0.0089020391,tmp/st_chunk_eval_hits50_mixedbread_ai__mxbai_rerank_base_v2_ml1024_cm3500_ov350.json
mixedbread_ai_mxbai_rerank_base_v2__chunk_top4_weighted__st_chunk_eval_hits50_mixedbread_ai_mxbai_rerank_base_v2_ml1024_cm3500_ov350,mixedbread-ai/mxbai-rerank-base-v2,chunk_top4_weighted,707,0.2026664542,0.4152101617,0.2125437075,tmp/st_chunk_eval_hits50_mixedbread_ai__mxbai_rerank_base_v2_ml1024_cm3500_ov350.json
mixedbread_ai_mxbai_rerank_base_v2__chunk_top4_weighted__st_chunk_eval_hits50_mixedbread_ai_mxbai_rerank_base_v2_ml1024_cm3500_ov350,mixedbread-ai/mxbai-rerank-base-v2,chunk_top4_weighted,897,0.3048742399,0.3958274033,0.0909531634,tmp/st_chunk_eval_hits50_mixedbread_ai__mxbai_rerank_base_v2_ml1024_cm3500_ov350.json
mixedbread_ai_mxbai_rerank_base_v2__st_crossencoder__st_crossencoder_eval_hits50_mixedbread_ai_mxbai_rerank_base_v2_ml1024,mixedbread-ai/mxbai-rerank-base-v2,st_crossencoder,14,0.3553332721,0.4934555470,0.1381222749,tmp/st_crossencoder_eval_hits50_mixedbread_ai__mxbai_rerank_base_v2_ml1024.json
mixedbread_ai_mxbai_rerank_base_v2__st_crossencoder__st_crossencoder_eval_hits50_mixedbread_ai_mxbai_rerank_base_v2_ml1024,mixedbread-ai/mxbai-rerank-base-v2,st_crossencoder,31,0.8478053202,0.7185243908,-0.1292809294,tmp/st_crossencoder_eval_hits50_mixedbread_ai__mxbai_rerank_base_v2_ml1024.json
mixedbread_ai_mxbai_rerank_base_v2__st_crossencoder__st_crossencoder_eval_hits50_mixedbread_ai_mxbai_rerank_base_v2_ml1024,mixedbread-ai/mxbai-rerank-base-v2,st_crossencoder,37,0.6389817974,0.6497762497,0.0107944524,tmp/st_crossencoder_eval_hits50_mixedbread_ai__mxbai_rerank_base_v2_ml1024.json
mixedbread_ai_mxbai_rerank_base_v2__st_crossencoder__st_crossencoder_eval_hits50_mixedbread_ai_mxbai_rerank_base_v2_ml1024,mixedbread-ai/mxbai-rerank-base-v2,st_crossencoder,58,0.5008083446,0.8654781708,0.3646698262,tmp/st_crossencoder_eval_hits50_mixedbread_ai__mxbai_rerank_base_v2_ml1024.json
mixedbread_ai_mxbai_rerank_base_v2__st_crossencoder__st_crossencoder_eval_hits50_mixedbread_ai_mxbai_rerank_base_v2_ml1024,mixedbread-ai/mxbai-rerank-base-v2,st_crossencoder,72,0.3236594717,0.6129221941,0.2892627224,tmp/st_crossencoder_eval_hits50_mixedbread_ai__mxbai_rerank_base_v2_ml1024.json
mixedbread_ai_mxbai_rerank_base_v2__st_crossencoder__st_crossencoder_eval_hits50_mixedbread_ai_mxbai_rerank_base_v2_ml1024,mixedbread-ai/mxbai-rerank-base-v2,st_crossencoder,84,0.4918004153,0.7622097125,0.2704092972,tmp/st_crossencoder_eval_hits50_mixedbread_ai__mxbai_rerank_base_v2_ml1024.json
mixedbread_ai_mxbai_rerank_base_v2__st_crossencoder__st_crossencoder_eval_hits50_mixedbread_ai_mxbai_rerank_base_v2_ml1024,mixedbread-ai/mxbai-rerank-base-v2,st_crossencoder,144,0.0886758433,0.1992435658,0.1105677225,tmp/st_crossencoder_eval_hits50_mixedbread_ai__mxbai_rerank_base_v2_ml1024.json
mixedbread_ai_mxbai_rerank_base_v2__st_crossencoder__st_crossencoder_eval_hits50_mixedbread_ai_mxbai_rerank_base_v2_ml1024,mixedbread-ai/mxbai-rerank-base-v2,st_crossencoder,161,0.6663255611,0.6983805489,0.0320549879,tmp/st_crossencoder_eval_hits50_mixedbread_ai__mxbai_rerank_base_v2_ml1024.json
mixedbread_ai_mxbai_rerank_base_v2__st_crossencoder__st_crossencoder_eval_hits50_mixedbread_ai_mxbai_rerank_base_v2_ml1024,mixedbread-ai/mxbai-rerank-base-v2,st_crossencoder,200,0.1400835882,0.3968774321,0.2567938439,tmp/st_crossencoder_eval_hits50_mixedbread_ai__mxbai_rerank_base_v2_ml1024.json
mixedbread_ai_mxbai_rerank_base_v2__st_crossencoder__st_crossencoder_eval_hits50_mixedbread_ai_mxbai_rerank_base_v2_ml1024,mixedbread-ai/mxbai-rerank-base-v2,st_crossencoder,213,0.1121597938,0.4776343970,0.3654746032,tmp/st_crossencoder_eval_hits50_mixedbread_ai__mxbai_rerank_base_v2_ml1024.json
mixedbread_ai_mxbai_rerank_base_v2__st_crossencoder__st_crossencoder_eval_hits50_mixedbread_ai_mxbai_rerank_base_v2_ml1024,mixedbread-ai/mxbai-rerank-base-v2,st_crossencoder,219,0.4933573156,0.4747376281,-0.0186196875,tmp/st_crossencoder_eval_hits50_mixedbread_ai__mxbai_rerank_base_v2_ml1024.json
mixedbread_ai_mxbai_rerank_base_v2__st_crossencoder__st_crossencoder_eval_hits50_mixedbread_ai_mxbai_rerank_base_v2_ml1024,mixedbread-ai/mxbai-rerank-base-v2,st_crossencoder,224,0.8164972119,0.5942921347,-0.2222050772,tmp/st_crossencoder_eval_hits50_mixedbread_ai__mxbai_rerank_base_v2_ml1024.json
mixedbread_ai_mxbai_rerank_base_v2__st_crossencoder__st_crossencoder_eval_hits50_mixedbread_ai_mxbai_rerank_base_v2_ml1024,mixedbread-ai/mxbai-rerank-base-v2,st_crossencoder,225,0.2572640430,0.3523384514,0.0950744083,tmp/st_crossencoder_eval_hits50_mixedbread_ai__mxbai_rerank_base_v2_ml1024.json
mixedbread_ai_mxbai_rerank_base_v2__st_crossencoder__st_crossencoder_eval_hits50_mixedbread_ai_mxbai_rerank_base_v2_ml1024,mixedbread-ai/mxbai-rerank-base-v2,st_crossencoder,233,0.5438357471,0.5455214317,0.0016856845,tmp/st_crossencoder_eval_hits50_mixedbread_ai__mxbai_rerank_base_v2_ml1024.json
mixedbread_ai_mxbai_rerank_base_v2__st_crossencoder__st_crossencoder_eval_hits50_mixedbread_ai_mxbai_rerank_base_v2_ml1024,mixedbread-ai/mxbai-rerank-base-v2,st_crossencoder,273,0.3223275559,0.3957925887,0.0734650327,tmp/st_crossencoder_eval_hits50_mixedbread_ai__mxbai_rerank_base_v2_ml1024.json
mixedbread_ai_mxbai_rerank_base_v2__st_crossencoder__st_crossencoder_eval_hits50_mixedbread_ai_mxbai_rerank_base_v2_ml1024,mixedbread-ai/mxbai-rerank-base-v2,st_crossencoder,300,0.3546016102,0.3249684974,-0.0296331128,tmp/st_crossencoder_eval_hits50_mixedbread_ai__mxbai_rerank_base_v2_ml1024.json
mixedbread_ai_mxbai_rerank_base_v2__st_crossencoder__st_crossencoder_eval_hits50_mixedbread_ai_mxbai_rerank_base_v2_ml1024,mixedbread-ai/mxbai-rerank-base-v2,st_crossencoder,407,0.2786364165,0.5233031446,0.2446667281,tmp/st_crossencoder_eval_hits50_mixedbread_ai__mxbai_rerank_base_v2_ml1024.json
mixedbread_ai_mxbai_rerank_base_v2__st_crossencoder__st_crossencoder_eval_hits50_mixedbread_ai_mxbai_rerank_base_v2_ml1024,mixedbread-ai/mxbai-rerank-base-v2,st_crossencoder,477,0.4559153326,0.7652354719,0.3093201392,tmp/st_crossencoder_eval_hits50_mixedbread_ai__mxbai_rerank_base_v2_ml1024.json
mixedbread_ai_mxbai_rerank_base_v2__st_crossencoder__st_crossencoder_eval_hits50_mixedbread_ai_mxbai_rerank_base_v2_ml1024,mixedbread-ai/mxbai-rerank-base-v2,st_crossencoder,499,0.6816109119,0.8424094413,0.1607985294,tmp/st_crossencoder_eval_hits50_mixedbread_ai__mxbai_rerank_base_v2_ml1024.json
mixedbread_ai_mxbai_rerank_base_v2__st_crossencoder__st_crossencoder_eval_hits50_mixedbread_ai_mxbai_rerank_base_v2_ml1024,mixedbread-ai/mxbai-rerank-base-v2,st_crossencoder,515,0.2299254607,0.1656850400,-0.0642404207,tmp/st_crossencoder_eval_hits50_mixedbread_ai__mxbai_rerank_base_v2_ml1024.json
mixedbread_ai_mxbai_rerank_base_v2__st_crossencoder__st_crossencoder_eval_hits50_mixedbread_ai_mxbai_rerank_base_v2_ml1024,mixedbread-ai/mxbai-rerank-base-v2,st_crossencoder,707,0.2026664542,0.4760036670,0.2733372128,tmp/st_crossencoder_eval_hits50_mixedbread_ai__mxbai_rerank_base_v2_ml1024.json
mixedbread_ai_mxbai_rerank_base_v2__st_crossencoder__st_crossencoder_eval_hits50_mixedbread_ai_mxbai_rerank_base_v2_ml1024,mixedbread-ai/mxbai-rerank-base-v2,st_crossencoder,897,0.3048742399,0.3741463488,0.0692721089,tmp/st_crossencoder_eval_hits50_mixedbread_ai__mxbai_rerank_base_v2_ml1024.json
mixedbread_ai_mxbai_rerank_base_v2__st_crossencoder_longctx__st_crossencoder_longctx_hits50_mixedbread_ai_mxbai_rerank_base_v2_ctx32768_buf512,mixedbread-ai/mxbai-rerank-base-v2,st_crossencoder_longctx,14,0.3553332721,0.4558998008,0.1005665287,tmp/st_crossencoder_longctx_hits50_mixedbread_ai__mxbai_rerank_base_v2_ctx32768_buf512.json
mixedbread_ai_mxbai_rerank_base_v2__st_crossencoder_longctx__st_crossencoder_longctx_hits50_mixedbread_ai_mxbai_rerank_base_v2_ctx32768_buf512,mixedbread-ai/mxbai-rerank-base-v2,st_crossencoder_longctx,31,0.8478053202,0.8054697287,-0.0423355916,tmp/st_crossencoder_longctx_hits50_mixedbread_ai__mxbai_rerank_base_v2_ctx32768_buf512.json
mixedbread_ai_mxbai_rerank_base_v2__st_crossencoder_longctx__st_crossencoder_longctx_hits50_mixedbread_ai_mxbai_rerank_base_v2_ctx32768_buf512,mixedbread-ai/mxbai-rerank-base-v2,st_crossencoder_longctx,37,0.6389817974,0.6342547139,-0.0047270835,tmp/st_crossencoder_longctx_hits50_mixedbread_ai__mxbai_rerank_base_v2_ctx32768_buf512.json
mixedbread_ai_mxbai_rerank_base_v2__st_crossencoder_longctx__st_crossencoder_longctx_hits50_mixedbread_ai_mxbai_rerank_base_v2_ctx32768_buf512,mixedbread-ai/mxbai-rerank-base-v2,st_crossencoder_longctx,58,0.5008083446,0.9646644142,0.4638560695,tmp/st_crossencoder_longctx_hits50_mixedbread_ai__mxbai_rerank_base_v2_ctx32768_buf512.json
mixedbread_ai_mxbai_rerank_base_v2__st_crossencoder_longctx__st_crossencoder_longctx_hits50_mixedbread_ai_mxbai_rerank_base_v2_ctx32768_buf512,mixedbread-ai/mxbai-rerank-base-v2,st_crossencoder_longctx,72,0.3236594717,0.6263284644,0.3026689927,tmp/st_crossencoder_longctx_hits50_mixedbread_ai__mxbai_rerank_base_v2_ctx32768_buf512.json
mixedbread_ai_mxbai_rerank_base_v2__st_crossencoder_longctx__st_crossencoder_longctx_hits50_mixedbread_ai_mxbai_rerank_base_v2_ctx32768_buf512,mixedbread-ai/mxbai-rerank-base-v2,st_crossencoder_longctx,84,0.4918004153,0.6398858904,0.1480854751,tmp/st_crossencoder_longctx_hits50_mixedbread_ai__mxbai_rerank_base_v2_ctx32768_buf512.json
mixedbread_ai_mxbai_rerank_base_v2__st_crossencoder_longctx__st_crossencoder_longctx_hits50_mixedbread_ai_mxbai_rerank_base_v2_ctx32768_buf512,mixedbread-ai/mxbai-rerank-base-v2,st_crossencoder_longctx,144,0.0886758433,0.1531556707,0.0644798274,tmp/st_crossencoder_longctx_hits50_mixedbread_ai__mxbai_rerank_base_v2_ctx32768_buf512.json
mixedbread_ai_mxbai_rerank_base_v2__st_crossencoder_longctx__st_crossencoder_longctx_hits50_mixedbread_ai_mxbai_rerank_base_v2_ctx32768_buf512,mixedbread-ai/mxbai-rerank-base-v2,st_crossencoder_longctx,161,0.6663255611,0.6486550501,-0.0176705109,tmp/st_crossencoder_longctx_hits50_mixedbread_ai__mxbai_rerank_base_v2_ctx32768_buf512.json
mixedbread_ai_mxbai_rerank_base_v2__st_crossencoder_longctx__st_crossencoder_longctx_hits50_mixedbread_ai_mxbai_rerank_base_v2_ctx32768_buf512,mixedbread-ai/mxbai-rerank-base-v2,st_crossencoder_longctx,200,0.1400835882,0.4026878659,0.2626042777,tmp/st_crossencoder_longctx_hits50_mixedbread_ai__mxbai_rerank_base_v2_ctx32768_buf512.json
mixedbread_ai_mxbai_rerank_base_v2__st_crossencoder_longctx__st_crossencoder_longctx_hits50_mixedbread_ai_mxbai_rerank_base_v2_ctx32768_buf512,mixedbread-ai/mxbai-rerank-base-v2,st_crossencoder_longctx,213,0.1121597938,0.4852547357,0.3730949418,tmp/st_crossencoder_longctx_hits50_mixedbread_ai__mxbai_rerank_base_v2_ctx32768_buf512.json
mixedbread_ai_mxbai_rerank_base_v2__st_crossencoder_longctx__st_crossencoder_longctx_hits50_mixedbread_ai_mxbai_rerank_base_v2_ctx32768_buf512,mixedbread-ai/mxbai-rerank-base-v2,st_crossencoder_longctx,219,0.4933573156,0.5080100805,0.0146527649,tmp/st_crossencoder_longctx_hits50_mixedbread_ai__mxbai_rerank_base_v2_ctx32768_buf512.json
mixedbread_ai_mxbai_rerank_base_v2__st_crossencoder_longctx__st_crossencoder_longctx_hits50_mixedbread_ai_mxbai_rerank_base_v2_ctx32768_buf512,mixedbread-ai/mxbai-rerank-base-v2,st_crossencoder_longctx,224,0.8164972119,0.7156747036,-0.1008225083,tmp/st_crossencoder_longctx_hits50_mixedbread_ai__mxbai_rerank_base_v2_ctx32768_buf512.json
mixedbread_ai_mxbai_rerank_base_v2__st_crossencoder_longctx__st_crossencoder_longctx_hits50_mixedbread_ai_mxbai_rerank_base_v2_ctx32768_buf512,mixedbread-ai/mxbai-rerank-base-v2,st_crossencoder_longctx,225,0.2572640430,0.2536363693,-0.0036276737,tmp/st_crossencoder_longctx_hits50_mixedbread_ai__mxbai_rerank_base_v2_ctx32768_buf512.json
mixedbread_ai_mxbai_rerank_base_v2__st_crossencoder_longctx__st_crossencoder_longctx_hits50_mixedbread_ai_mxbai_rerank_base_v2_ctx32768_buf512,mixedbread-ai/mxbai-rerank-base-v2,st_crossencoder_longctx,233,0.5438357471,0.6160726169,0.0722368697,tmp/st_crossencoder_longctx_hits50_mixedbread_ai__mxbai_rerank_base_v2_ctx32768_buf512.json
mixedbread_ai_mxbai_rerank_base_v2__st_crossencoder_longctx__st_crossencoder_longctx_hits50_mixedbread_ai_mxbai_rerank_base_v2_ctx32768_buf512,mixedbread-ai/mxbai-rerank-base-v2,st_crossencoder_longctx,273,0.3223275559,0.3691861827,0.0468586268,tmp/st_crossencoder_longctx_hits50_mixedbread_ai__mxbai_rerank_base_v2_ctx32768_buf512.json
mixedbread_ai_mxbai_rerank_base_v2__st_crossencoder_longctx__st_crossencoder_longctx_hits50_mixedbread_ai_mxbai_rerank_base_v2_ctx32768_buf512,mixedbread-ai/mxbai-rerank-base-v2,st_crossencoder_longctx,300,0.3546016102,0.4289872753,0.0743856651,tmp/st_crossencoder_longctx_hits50_mixedbread_ai__mxbai_rerank_base_v2_ctx32768_buf512.json
mixedbread_ai_mxbai_rerank_base_v2__st_crossencoder_longctx__st_crossencoder_longctx_hits50_mixedbread_ai_mxbai_rerank_base_v2_ctx32768_buf512,mixedbread-ai/mxbai-rerank-base-v2,st_crossencoder_longctx,407,0.2786364165,0.5079472787,0.2293108622,tmp/st_crossencoder_longctx_hits50_mixedbread_ai__mxbai_rerank_base_v2_ctx32768_buf512.json
mixedbread_ai_mxbai_rerank_base_v2__st_crossencoder_longctx__st_crossencoder_longctx_hits50_mixedbread_ai_mxbai_rerank_base_v2_ctx32768_buf512,mixedbread-ai/mxbai-rerank-base-v2,st_crossencoder_longctx,477,0.4559153326,0.5996702699,0.1437549373,tmp/st_crossencoder_longctx_hits50_mixedbread_ai__mxbai_rerank_base_v2_ctx32768_buf512.json
mixedbread_ai_mxbai_rerank_base_v2__st_crossencoder_longctx__st_crossencoder_longctx_hits50_mixedbread_ai_mxbai_rerank_base_v2_ctx32768_buf512,mixedbread-ai/mxbai-rerank-base-v2,st_crossencoder_longctx,499,0.6816109119,0.7620893117,0.0804783999,tmp/st_crossencoder_longctx_hits50_mixedbread_ai__mxbai_rerank_base_v2_ctx32768_buf512.json
mixedbread_ai_mxbai_rerank_base_v2__st_crossencoder_longctx__st_crossencoder_longctx_hits50_mixedbread_ai_mxbai_rerank_base_v2_ctx32768_buf512,mixedbread-ai/mxbai-rerank-base-v2,st_crossencoder_longctx,515,0.2299254607,0.1632646675,-0.0666607932,tmp/st_crossencoder_longctx_hits50_mixedbread_ai__mxbai_rerank_base_v2_ctx32768_buf512.json
mixedbread_ai_mxbai_rerank_base_v2__st_crossencoder_longctx__st_crossencoder_longctx_hits50_mixedbread_ai_mxbai_rerank_base_v2_ctx32768_buf512,mixedbread-ai/mxbai-rerank-base-v2,st_crossencoder_longctx,707,0.2026664542,0.2740491972,0.0713827430,tmp/st_crossencoder_longctx_hits50_mixedbread_ai__mxbai_rerank_base_v2_ctx32768_buf512.json
mixedbread_ai_mxbai_rerank_base_v2__st_crossencoder_longctx__st_crossencoder_longctx_hits50_mixedbread_ai_mxbai_rerank_base_v2_ctx32768_buf512,mixedbread-ai/mxbai-rerank-base-v2,st_crossencoder_longctx,897,0.3048742399,0.3244379525,0.0195637126,tmp/st_crossencoder_longctx_hits50_mixedbread_ai__mxbai_rerank_base_v2_ctx32768_buf512.json
