experiment_id,runtime_id,run_date,split,hits,topic_id,ndcg_at_10,recall_at_100
cross_encoder_model_comparison_v1,BAAI_bge_reranker_v2_m3__seqcls__seqcls_eval_hits50_BAAI_bge_reranker_v2_m3_ml1024,2026-07-08,dev,50,14,0.4872547977,
cross_encoder_model_comparison_v1,BAAI_bge_reranker_v2_m3__seqcls__seqcls_eval_hits50_BAAI_bge_reranker_v2_m3_ml1024,2026-07-08,dev,50,31,0.8203925099,
cross_encoder_model_comparison_v1,BAAI_bge_reranker_v2_m3__seqcls__seqcls_eval_hits50_BAAI_bge_reranker_v2_m3_ml1024,2026-07-08,dev,50,37,0.6575004350,
cross_encoder_model_comparison_v1,BAAI_bge_reranker_v2_m3__seqcls__seqcls_eval_hits50_BAAI_bge_reranker_v2_m3_ml1024,2026-07-08,dev,50,58,0.6578317828,
cross_encoder_model_comparison_v1,BAAI_bge_reranker_v2_m3__seqcls__seqcls_eval_hits50_BAAI_bge_reranker_v2_m3_ml1024,2026-07-08,dev,50,72,0.4482153847,
cross_encoder_model_comparison_v1,BAAI_bge_reranker_v2_m3__seqcls__seqcls_eval_hits50_BAAI_bge_reranker_v2_m3_ml1024,2026-07-08,dev,50,84,0.6473209843,
cross_encoder_model_comparison_v1,BAAI_bge_reranker_v2_m3__seqcls__seqcls_eval_hits50_BAAI_bge_reranker_v2_m3_ml1024,2026-07-08,dev,50,144,0.2005295987,
cross_encoder_model_comparison_v1,BAAI_bge_reranker_v2_m3__seqcls__seqcls_eval_hits50_BAAI_bge_reranker_v2_m3_ml1024,2026-07-08,dev,50,161,0.7398741590,
cross_encoder_model_comparison_v1,BAAI_bge_reranker_v2_m3__seqcls__seqcls_eval_hits50_BAAI_bge_reranker_v2_m3_ml1024,2026-07-08,dev,50,200,0.5569353052,
cross_encoder_model_comparison_v1,BAAI_bge_reranker_v2_m3__seqcls__seqcls_eval_hits50_BAAI_bge_reranker_v2_m3_ml1024,2026-07-08,dev,50,213,0.4543309813,
cross_encoder_model_comparison_v1,BAAI_bge_reranker_v2_m3__seqcls__seqcls_eval_hits50_BAAI_bge_reranker_v2_m3_ml1024,2026-07-08,dev,50,219,0.4372575774,
cross_encoder_model_comparison_v1,BAAI_bge_reranker_v2_m3__seqcls__seqcls_eval_hits50_BAAI_bge_reranker_v2_m3_ml1024,2026-07-08,dev,50,224,0.6306057648,
cross_encoder_model_comparison_v1,BAAI_bge_reranker_v2_m3__seqcls__seqcls_eval_hits50_BAAI_bge_reranker_v2_m3_ml1024,2026-07-08,dev,50,225,0.3250666916,
cross_encoder_model_comparison_v1,BAAI_bge_reranker_v2_m3__seqcls__seqcls_eval_hits50_BAAI_bge_reranker_v2_m3_ml1024,2026-07-08,dev,50,233,0.5512091906,
cross_encoder_model_comparison_v1,BAAI_bge_reranker_v2_m3__seqcls__seqcls_eval_hits50_BAAI_bge_reranker_v2_m3_ml1024,2026-07-08,dev,50,273,0.4031334291,
cross_encoder_model_comparison_v1,BAAI_bge_reranker_v2_m3__seqcls__seqcls_eval_hits50_BAAI_bge_reranker_v2_m3_ml1024,2026-07-08,dev,50,300,0.2013016453,
cross_encoder_model_comparison_v1,BAAI_bge_reranker_v2_m3__seqcls__seqcls_eval_hits50_BAAI_bge_reranker_v2_m3_ml1024,2026-07-08,dev,50,407,0.5299672552,
cross_encoder_model_comparison_v1,BAAI_bge_reranker_v2_m3__seqcls__seqcls_eval_hits50_BAAI_bge_reranker_v2_m3_ml1024,2026-07-08,dev,50,477,0.5197504358,
cross_encoder_model_comparison_v1,BAAI_bge_reranker_v2_m3__seqcls__seqcls_eval_hits50_BAAI_bge_reranker_v2_m3_ml1024,2026-07-08,dev,50,499,0.7945643609,
cross_encoder_model_comparison_v1,BAAI_bge_reranker_v2_m3__seqcls__seqcls_eval_hits50_BAAI_bge_reranker_v2_m3_ml1024,2026-07-08,dev,50,515,0.0908640201,
cross_encoder_model_comparison_v1,BAAI_bge_reranker_v2_m3__seqcls__seqcls_eval_hits50_BAAI_bge_reranker_v2_m3_ml1024,2026-07-08,dev,50,707,0.3788060564,
cross_encoder_model_comparison_v1,BAAI_bge_reranker_v2_m3__seqcls__seqcls_eval_hits50_BAAI_bge_reranker_v2_m3_ml1024,2026-07-08,dev,50,897,0.2558295041,
cross_encoder_model_comparison_v1,Qwen_Qwen3_Reranker_0_6B__chunk_top3_margin__qwen_full_doc_margin_hits50_Qwen3_Reranker_0p6B_ml32768,2026-07-08,dev,50,14,0.4908039987,
cross_encoder_model_comparison_v1,Qwen_Qwen3_Reranker_0_6B__chunk_top3_margin__qwen_full_doc_margin_hits50_Qwen3_Reranker_0p6B_ml32768,2026-07-08,dev,50,31,0.6646125690,
cross_encoder_model_comparison_v1,Qwen_Qwen3_Reranker_0_6B__chunk_top3_margin__qwen_full_doc_margin_hits50_Qwen3_Reranker_0p6B_ml32768,2026-07-08,dev,50,37,0.5265099346,
cross_encoder_model_comparison_v1,Qwen_Qwen3_Reranker_0_6B__chunk_top3_margin__qwen_full_doc_margin_hits50_Qwen3_Reranker_0p6B_ml32768,2026-07-08,dev,50,58,0.5218730268,
cross_encoder_model_comparison_v1,Qwen_Qwen3_Reranker_0_6B__chunk_top3_margin__qwen_full_doc_margin_hits50_Qwen3_Reranker_0p6B_ml32768,2026-07-08,dev,50,72,0.7994339803,
cross_encoder_model_comparison_v1,Qwen_Qwen3_Reranker_0_6B__chunk_top3_margin__qwen_full_doc_margin_hits50_Qwen3_Reranker_0p6B_ml32768,2026-07-08,dev,50,84,0.6312600971,
cross_encoder_model_comparison_v1,Qwen_Qwen3_Reranker_0_6B__chunk_top3_margin__qwen_full_doc_margin_hits50_Qwen3_Reranker_0p6B_ml32768,2026-07-08,dev,50,144,0.1939290379,
cross_encoder_model_comparison_v1,Qwen_Qwen3_Reranker_0_6B__chunk_top3_margin__qwen_full_doc_margin_hits50_Qwen3_Reranker_0p6B_ml32768,2026-07-08,dev,50,161,0.7077721595,
cross_encoder_model_comparison_v1,Qwen_Qwen3_Reranker_0_6B__chunk_top3_margin__qwen_full_doc_margin_hits50_Qwen3_Reranker_0p6B_ml32768,2026-07-08,dev,50,200,0.4823763139,
cross_encoder_model_comparison_v1,Qwen_Qwen3_Reranker_0_6B__chunk_top3_margin__qwen_full_doc_margin_hits50_Qwen3_Reranker_0p6B_ml32768,2026-07-08,dev,50,213,0.1386649785,
cross_encoder_model_comparison_v1,Qwen_Qwen3_Reranker_0_6B__chunk_top3_margin__qwen_full_doc_margin_hits50_Qwen3_Reranker_0p6B_ml32768,2026-07-08,dev,50,219,0.3294751664,
cross_encoder_model_comparison_v1,Qwen_Qwen3_Reranker_0_6B__chunk_top3_margin__qwen_full_doc_margin_hits50_Qwen3_Reranker_0p6B_ml32768,2026-07-08,dev,50,224,0.5581724822,
cross_encoder_model_comparison_v1,Qwen_Qwen3_Reranker_0_6B__chunk_top3_margin__qwen_full_doc_margin_hits50_Qwen3_Reranker_0p6B_ml32768,2026-07-08,dev,50,225,0.3317278360,
cross_encoder_model_comparison_v1,Qwen_Qwen3_Reranker_0_6B__chunk_top3_margin__qwen_full_doc_margin_hits50_Qwen3_Reranker_0p6B_ml32768,2026-07-08,dev,50,233,0.3888611073,
cross_encoder_model_comparison_v1,Qwen_Qwen3_Reranker_0_6B__chunk_top3_margin__qwen_full_doc_margin_hits50_Qwen3_Reranker_0p6B_ml32768,2026-07-08,dev,50,273,0.3411556037,
cross_encoder_model_comparison_v1,Qwen_Qwen3_Reranker_0_6B__chunk_top3_margin__qwen_full_doc_margin_hits50_Qwen3_Reranker_0p6B_ml32768,2026-07-08,dev,50,300,0.4671461888,
cross_encoder_model_comparison_v1,Qwen_Qwen3_Reranker_0_6B__chunk_top3_margin__qwen_full_doc_margin_hits50_Qwen3_Reranker_0p6B_ml32768,2026-07-08,dev,50,407,0.4767559867,
cross_encoder_model_comparison_v1,Qwen_Qwen3_Reranker_0_6B__chunk_top3_margin__qwen_full_doc_margin_hits50_Qwen3_Reranker_0p6B_ml32768,2026-07-08,dev,50,477,0.6761768718,
cross_encoder_model_comparison_v1,Qwen_Qwen3_Reranker_0_6B__chunk_top3_margin__qwen_full_doc_margin_hits50_Qwen3_Reranker_0p6B_ml32768,2026-07-08,dev,50,499,0.6358255872,
cross_encoder_model_comparison_v1,Qwen_Qwen3_Reranker_0_6B__chunk_top3_margin__qwen_full_doc_margin_hits50_Qwen3_Reranker_0p6B_ml32768,2026-07-08,dev,50,515,0.1538602280,
cross_encoder_model_comparison_v1,Qwen_Qwen3_Reranker_0_6B__chunk_top3_margin__qwen_full_doc_margin_hits50_Qwen3_Reranker_0p6B_ml32768,2026-07-08,dev,50,707,0.4188677817,
cross_encoder_model_comparison_v1,Qwen_Qwen3_Reranker_0_6B__chunk_top3_margin__qwen_full_doc_margin_hits50_Qwen3_Reranker_0p6B_ml32768,2026-07-08,dev,50,897,0.3281838652,
cross_encoder_model_comparison_v1,Qwen_Qwen3_Reranker_0_6B__chunk_top3_probability__qwen_full_doc_margin_hits50_Qwen3_Reranker_0p6B_ml32768,2026-07-08,dev,50,14,0.4883132201,
cross_encoder_model_comparison_v1,Qwen_Qwen3_Reranker_0_6B__chunk_top3_probability__qwen_full_doc_margin_hits50_Qwen3_Reranker_0p6B_ml32768,2026-07-08,dev,50,31,0.6987959760,
cross_encoder_model_comparison_v1,Qwen_Qwen3_Reranker_0_6B__chunk_top3_probability__qwen_full_doc_margin_hits50_Qwen3_Reranker_0p6B_ml32768,2026-07-08,dev,50,37,0.4447417025,
cross_encoder_model_comparison_v1,Qwen_Qwen3_Reranker_0_6B__chunk_top3_probability__qwen_full_doc_margin_hits50_Qwen3_Reranker_0p6B_ml32768,2026-07-08,dev,50,58,0.5614918728,
cross_encoder_model_comparison_v1,Qwen_Qwen3_Reranker_0_6B__chunk_top3_probability__qwen_full_doc_margin_hits50_Qwen3_Reranker_0p6B_ml32768,2026-07-08,dev,50,72,0.7994339803,
cross_encoder_model_comparison_v1,Qwen_Qwen3_Reranker_0_6B__chunk_top3_probability__qwen_full_doc_margin_hits50_Qwen3_Reranker_0p6B_ml32768,2026-07-08,dev,50,84,0.6399969605,
cross_encoder_model_comparison_v1,Qwen_Qwen3_Reranker_0_6B__chunk_top3_probability__qwen_full_doc_margin_hits50_Qwen3_Reranker_0p6B_ml32768,2026-07-08,dev,50,144,0.1972494066,
cross_encoder_model_comparison_v1,Qwen_Qwen3_Reranker_0_6B__chunk_top3_probability__qwen_full_doc_margin_hits50_Qwen3_Reranker_0p6B_ml32768,2026-07-08,dev,50,161,0.7079404933,
cross_encoder_model_comparison_v1,Qwen_Qwen3_Reranker_0_6B__chunk_top3_probability__qwen_full_doc_margin_hits50_Qwen3_Reranker_0p6B_ml32768,2026-07-08,dev,50,200,0.4929068893,
cross_encoder_model_comparison_v1,Qwen_Qwen3_Reranker_0_6B__chunk_top3_probability__qwen_full_doc_margin_hits50_Qwen3_Reranker_0p6B_ml32768,2026-07-08,dev,50,213,0.1294074823,
cross_encoder_model_comparison_v1,Qwen_Qwen3_Reranker_0_6B__chunk_top3_probability__qwen_full_doc_margin_hits50_Qwen3_Reranker_0p6B_ml32768,2026-07-08,dev,50,219,0.3235875617,
cross_encoder_model_comparison_v1,Qwen_Qwen3_Reranker_0_6B__chunk_top3_probability__qwen_full_doc_margin_hits50_Qwen3_Reranker_0p6B_ml32768,2026-07-08,dev,50,224,0.5602792304,
cross_encoder_model_comparison_v1,Qwen_Qwen3_Reranker_0_6B__chunk_top3_probability__qwen_full_doc_margin_hits50_Qwen3_Reranker_0p6B_ml32768,2026-07-08,dev,50,225,0.3271590903,
cross_encoder_model_comparison_v1,Qwen_Qwen3_Reranker_0_6B__chunk_top3_probability__qwen_full_doc_margin_hits50_Qwen3_Reranker_0p6B_ml32768,2026-07-08,dev,50,233,0.3719686040,
cross_encoder_model_comparison_v1,Qwen_Qwen3_Reranker_0_6B__chunk_top3_probability__qwen_full_doc_margin_hits50_Qwen3_Reranker_0p6B_ml32768,2026-07-08,dev,50,273,0.3378392804,
cross_encoder_model_comparison_v1,Qwen_Qwen3_Reranker_0_6B__chunk_top3_probability__qwen_full_doc_margin_hits50_Qwen3_Reranker_0p6B_ml32768,2026-07-08,dev,50,300,0.4692529370,
cross_encoder_model_comparison_v1,Qwen_Qwen3_Reranker_0_6B__chunk_top3_probability__qwen_full_doc_margin_hits50_Qwen3_Reranker_0p6B_ml32768,2026-07-08,dev,50,407,0.4582182205,
cross_encoder_model_comparison_v1,Qwen_Qwen3_Reranker_0_6B__chunk_top3_probability__qwen_full_doc_margin_hits50_Qwen3_Reranker_0p6B_ml32768,2026-07-08,dev,50,477,0.6751374599,
cross_encoder_model_comparison_v1,Qwen_Qwen3_Reranker_0_6B__chunk_top3_probability__qwen_full_doc_margin_hits50_Qwen3_Reranker_0p6B_ml32768,2026-07-08,dev,50,499,0.6286630897,
cross_encoder_model_comparison_v1,Qwen_Qwen3_Reranker_0_6B__chunk_top3_probability__qwen_full_doc_margin_hits50_Qwen3_Reranker_0p6B_ml32768,2026-07-08,dev,50,515,0.1538602280,
cross_encoder_model_comparison_v1,Qwen_Qwen3_Reranker_0_6B__chunk_top3_probability__qwen_full_doc_margin_hits50_Qwen3_Reranker_0p6B_ml32768,2026-07-08,dev,50,707,0.4209177878,
cross_encoder_model_comparison_v1,Qwen_Qwen3_Reranker_0_6B__chunk_top3_probability__qwen_full_doc_margin_hits50_Qwen3_Reranker_0p6B_ml32768,2026-07-08,dev,50,897,0.3424859421,
cross_encoder_model_comparison_v1,Qwen_Qwen3_Reranker_0_6B__full_doc_margin_else_chunk__qwen_full_doc_margin_hits50_Qwen3_Reranker_0p6B_ml32768,2026-07-08,dev,50,14,0.5093732917,
cross_encoder_model_comparison_v1,Qwen_Qwen3_Reranker_0_6B__full_doc_margin_else_chunk__qwen_full_doc_margin_hits50_Qwen3_Reranker_0p6B_ml32768,2026-07-08,dev,50,31,0.6797236843,
cross_encoder_model_comparison_v1,Qwen_Qwen3_Reranker_0_6B__full_doc_margin_else_chunk__qwen_full_doc_margin_hits50_Qwen3_Reranker_0p6B_ml32768,2026-07-08,dev,50,37,0.4329297385,
cross_encoder_model_comparison_v1,Qwen_Qwen3_Reranker_0_6B__full_doc_margin_else_chunk__qwen_full_doc_margin_hits50_Qwen3_Reranker_0p6B_ml32768,2026-07-08,dev,50,58,0.5885830221,
cross_encoder_model_comparison_v1,Qwen_Qwen3_Reranker_0_6B__full_doc_margin_else_chunk__qwen_full_doc_margin_hits50_Qwen3_Reranker_0p6B_ml32768,2026-07-08,dev,50,72,0.6938372185,
cross_encoder_model_comparison_v1,Qwen_Qwen3_Reranker_0_6B__full_doc_margin_else_chunk__qwen_full_doc_margin_hits50_Qwen3_Reranker_0p6B_ml32768,2026-07-08,dev,50,84,0.7646479044,
cross_encoder_model_comparison_v1,Qwen_Qwen3_Reranker_0_6B__full_doc_margin_else_chunk__qwen_full_doc_margin_hits50_Qwen3_Reranker_0p6B_ml32768,2026-07-08,dev,50,144,0.1695230438,
cross_encoder_model_comparison_v1,Qwen_Qwen3_Reranker_0_6B__full_doc_margin_else_chunk__qwen_full_doc_margin_hits50_Qwen3_Reranker_0p6B_ml32768,2026-07-08,dev,50,161,0.7195941441,
cross_encoder_model_comparison_v1,Qwen_Qwen3_Reranker_0_6B__full_doc_margin_else_chunk__qwen_full_doc_margin_hits50_Qwen3_Reranker_0p6B_ml32768,2026-07-08,dev,50,200,0.3909706042,
cross_encoder_model_comparison_v1,Qwen_Qwen3_Reranker_0_6B__full_doc_margin_else_chunk__qwen_full_doc_margin_hits50_Qwen3_Reranker_0p6B_ml32768,2026-07-08,dev,50,213,0.1389766300,
cross_encoder_model_comparison_v1,Qwen_Qwen3_Reranker_0_6B__full_doc_margin_else_chunk__qwen_full_doc_margin_hits50_Qwen3_Reranker_0p6B_ml32768,2026-07-08,dev,50,219,0.3296410266,
cross_encoder_model_comparison_v1,Qwen_Qwen3_Reranker_0_6B__full_doc_margin_else_chunk__qwen_full_doc_margin_hits50_Qwen3_Reranker_0p6B_ml32768,2026-07-08,dev,50,224,0.6838631805,
cross_encoder_model_comparison_v1,Qwen_Qwen3_Reranker_0_6B__full_doc_margin_else_chunk__qwen_full_doc_margin_hits50_Qwen3_Reranker_0p6B_ml32768,2026-07-08,dev,50,225,0.3384415516,
cross_encoder_model_comparison_v1,Qwen_Qwen3_Reranker_0_6B__full_doc_margin_else_chunk__qwen_full_doc_margin_hits50_Qwen3_Reranker_0p6B_ml32768,2026-07-08,dev,50,233,0.4355710387,
cross_encoder_model_comparison_v1,Qwen_Qwen3_Reranker_0_6B__full_doc_margin_else_chunk__qwen_full_doc_margin_hits50_Qwen3_Reranker_0p6B_ml32768,2026-07-08,dev,50,273,0.3536982216,
cross_encoder_model_comparison_v1,Qwen_Qwen3_Reranker_0_6B__full_doc_margin_else_chunk__qwen_full_doc_margin_hits50_Qwen3_Reranker_0p6B_ml32768,2026-07-08,dev,50,300,0.4134225962,
cross_encoder_model_comparison_v1,Qwen_Qwen3_Reranker_0_6B__full_doc_margin_else_chunk__qwen_full_doc_margin_hits50_Qwen3_Reranker_0p6B_ml32768,2026-07-08,dev,50,407,0.5077636164,
cross_encoder_model_comparison_v1,Qwen_Qwen3_Reranker_0_6B__full_doc_margin_else_chunk__qwen_full_doc_margin_hits50_Qwen3_Reranker_0p6B_ml32768,2026-07-08,dev,50,477,0.7355264015,
cross_encoder_model_comparison_v1,Qwen_Qwen3_Reranker_0_6B__full_doc_margin_else_chunk__qwen_full_doc_margin_hits50_Qwen3_Reranker_0p6B_ml32768,2026-07-08,dev,50,499,0.7525183066,
cross_encoder_model_comparison_v1,Qwen_Qwen3_Reranker_0_6B__full_doc_margin_else_chunk__qwen_full_doc_margin_hits50_Qwen3_Reranker_0p6B_ml32768,2026-07-08,dev,50,515,0.0971839108,
cross_encoder_model_comparison_v1,Qwen_Qwen3_Reranker_0_6B__full_doc_margin_else_chunk__qwen_full_doc_margin_hits50_Qwen3_Reranker_0p6B_ml32768,2026-07-08,dev,50,707,0.4515724383,
cross_encoder_model_comparison_v1,Qwen_Qwen3_Reranker_0_6B__full_doc_margin_else_chunk__qwen_full_doc_margin_hits50_Qwen3_Reranker_0p6B_ml32768,2026-07-08,dev,50,897,0.3401750694,
cross_encoder_model_comparison_v1,Qwen_Qwen3_Reranker_0_6B__full_doc_probability_else_chunk__qwen_full_doc_margin_hits50_Qwen3_Reranker_0p6B_ml32768,2026-07-08,dev,50,14,0.5093732917,
cross_encoder_model_comparison_v1,Qwen_Qwen3_Reranker_0_6B__full_doc_probability_else_chunk__qwen_full_doc_margin_hits50_Qwen3_Reranker_0p6B_ml32768,2026-07-08,dev,50,31,0.6928357606,
cross_encoder_model_comparison_v1,Qwen_Qwen3_Reranker_0_6B__full_doc_probability_else_chunk__qwen_full_doc_margin_hits50_Qwen3_Reranker_0p6B_ml32768,2026-07-08,dev,50,37,0.4347283648,
cross_encoder_model_comparison_v1,Qwen_Qwen3_Reranker_0_6B__full_doc_probability_else_chunk__qwen_full_doc_margin_hits50_Qwen3_Reranker_0p6B_ml32768,2026-07-08,dev,50,58,0.5885830221,
cross_encoder_model_comparison_v1,Qwen_Qwen3_Reranker_0_6B__full_doc_probability_else_chunk__qwen_full_doc_margin_hits50_Qwen3_Reranker_0p6B_ml32768,2026-07-08,dev,50,72,0.6333555981,
cross_encoder_model_comparison_v1,Qwen_Qwen3_Reranker_0_6B__full_doc_probability_else_chunk__qwen_full_doc_margin_hits50_Qwen3_Reranker_0p6B_ml32768,2026-07-08,dev,50,84,0.7646479044,
cross_encoder_model_comparison_v1,Qwen_Qwen3_Reranker_0_6B__full_doc_probability_else_chunk__qwen_full_doc_margin_hits50_Qwen3_Reranker_0p6B_ml32768,2026-07-08,dev,50,144,0.1695230438,
cross_encoder_model_comparison_v1,Qwen_Qwen3_Reranker_0_6B__full_doc_probability_else_chunk__qwen_full_doc_margin_hits50_Qwen3_Reranker_0p6B_ml32768,2026-07-08,dev,50,161,0.7195941441,
cross_encoder_model_comparison_v1,Qwen_Qwen3_Reranker_0_6B__full_doc_probability_else_chunk__qwen_full_doc_margin_hits50_Qwen3_Reranker_0p6B_ml32768,2026-07-08,dev,50,200,0.3909706042,
cross_encoder_model_comparison_v1,Qwen_Qwen3_Reranker_0_6B__full_doc_probability_else_chunk__qwen_full_doc_margin_hits50_Qwen3_Reranker_0p6B_ml32768,2026-07-08,dev,50,213,0.1389766300,
cross_encoder_model_comparison_v1,Qwen_Qwen3_Reranker_0_6B__full_doc_probability_else_chunk__qwen_full_doc_margin_hits50_Qwen3_Reranker_0p6B_ml32768,2026-07-08,dev,50,219,0.3296410266,
cross_encoder_model_comparison_v1,Qwen_Qwen3_Reranker_0_6B__full_doc_probability_else_chunk__qwen_full_doc_margin_hits50_Qwen3_Reranker_0p6B_ml32768,2026-07-08,dev,50,224,0.6838631805,
cross_encoder_model_comparison_v1,Qwen_Qwen3_Reranker_0_6B__full_doc_probability_else_chunk__qwen_full_doc_margin_hits50_Qwen3_Reranker_0p6B_ml32768,2026-07-08,dev,50,225,0.3403808792,
cross_encoder_model_comparison_v1,Qwen_Qwen3_Reranker_0_6B__full_doc_probability_else_chunk__qwen_full_doc_margin_hits50_Qwen3_Reranker_0p6B_ml32768,2026-07-08,dev,50,233,0.5019940530,
cross_encoder_model_comparison_v1,Qwen_Qwen3_Reranker_0_6B__full_doc_probability_else_chunk__qwen_full_doc_margin_hits50_Qwen3_Reranker_0p6B_ml32768,2026-07-08,dev,50,273,0.3536982216,
cross_encoder_model_comparison_v1,Qwen_Qwen3_Reranker_0_6B__full_doc_probability_else_chunk__qwen_full_doc_margin_hits50_Qwen3_Reranker_0p6B_ml32768,2026-07-08,dev,50,300,0.4228802130,
cross_encoder_model_comparison_v1,Qwen_Qwen3_Reranker_0_6B__full_doc_probability_else_chunk__qwen_full_doc_margin_hits50_Qwen3_Reranker_0p6B_ml32768,2026-07-08,dev,50,407,0.5077636164,
cross_encoder_model_comparison_v1,Qwen_Qwen3_Reranker_0_6B__full_doc_probability_else_chunk__qwen_full_doc_margin_hits50_Qwen3_Reranker_0p6B_ml32768,2026-07-08,dev,50,477,0.7567758211,
cross_encoder_model_comparison_v1,Qwen_Qwen3_Reranker_0_6B__full_doc_probability_else_chunk__qwen_full_doc_margin_hits50_Qwen3_Reranker_0p6B_ml32768,2026-07-08,dev,50,499,0.7818638754,
cross_encoder_model_comparison_v1,Qwen_Qwen3_Reranker_0_6B__full_doc_probability_else_chunk__qwen_full_doc_margin_hits50_Qwen3_Reranker_0p6B_ml32768,2026-07-08,dev,50,515,0.0917004252,
cross_encoder_model_comparison_v1,Qwen_Qwen3_Reranker_0_6B__full_doc_probability_else_chunk__qwen_full_doc_margin_hits50_Qwen3_Reranker_0p6B_ml32768,2026-07-08,dev,50,707,0.4515724383,
cross_encoder_model_comparison_v1,Qwen_Qwen3_Reranker_0_6B__full_doc_probability_else_chunk__qwen_full_doc_margin_hits50_Qwen3_Reranker_0p6B_ml32768,2026-07-08,dev,50,897,0.3401750694,
cross_encoder_model_comparison_v1,Qwen_Qwen3_Reranker_0_6B__hybrid_full75_chunk25_margin__qwen_full_doc_margin_hits50_Qwen3_Reranker_0p6B_ml32768,2026-07-08,dev,50,14,0.5093732917,
cross_encoder_model_comparison_v1,Qwen_Qwen3_Reranker_0_6B__hybrid_full75_chunk25_margin__qwen_full_doc_margin_hits50_Qwen3_Reranker_0p6B_ml32768,2026-07-08,dev,50,31,0.6797236843,
cross_encoder_model_comparison_v1,Qwen_Qwen3_Reranker_0_6B__hybrid_full75_chunk25_margin__qwen_full_doc_margin_hits50_Qwen3_Reranker_0p6B_ml32768,2026-07-08,dev,50,37,0.4320825389,
cross_encoder_model_comparison_v1,Qwen_Qwen3_Reranker_0_6B__hybrid_full75_chunk25_margin__qwen_full_doc_margin_hits50_Qwen3_Reranker_0p6B_ml32768,2026-07-08,dev,50,58,0.5791596657,
cross_encoder_model_comparison_v1,Qwen_Qwen3_Reranker_0_6B__hybrid_full75_chunk25_margin__qwen_full_doc_margin_hits50_Qwen3_Reranker_0p6B_ml32768,2026-07-08,dev,50,72,0.7633457737,
cross_encoder_model_comparison_v1,Qwen_Qwen3_Reranker_0_6B__hybrid_full75_chunk25_margin__qwen_full_doc_margin_hits50_Qwen3_Reranker_0p6B_ml32768,2026-07-08,dev,50,84,0.6966302119,
cross_encoder_model_comparison_v1,Qwen_Qwen3_Reranker_0_6B__hybrid_full75_chunk25_margin__qwen_full_doc_margin_hits50_Qwen3_Reranker_0p6B_ml32768,2026-07-08,dev,50,144,0.2022872210,
cross_encoder_model_comparison_v1,Qwen_Qwen3_Reranker_0_6B__hybrid_full75_chunk25_margin__qwen_full_doc_margin_hits50_Qwen3_Reranker_0p6B_ml32768,2026-07-08,dev,50,161,0.7195941441,
cross_encoder_model_comparison_v1,Qwen_Qwen3_Reranker_0_6B__hybrid_full75_chunk25_margin__qwen_full_doc_margin_hits50_Qwen3_Reranker_0p6B_ml32768,2026-07-08,dev,50,200,0.4558203289,
cross_encoder_model_comparison_v1,Qwen_Qwen3_Reranker_0_6B__hybrid_full75_chunk25_margin__qwen_full_doc_margin_hits50_Qwen3_Reranker_0p6B_ml32768,2026-07-08,dev,50,213,0.1495201592,
cross_encoder_model_comparison_v1,Qwen_Qwen3_Reranker_0_6B__hybrid_full75_chunk25_margin__qwen_full_doc_margin_hits50_Qwen3_Reranker_0p6B_ml32768,2026-07-08,dev,50,219,0.3282249259,
cross_encoder_model_comparison_v1,Qwen_Qwen3_Reranker_0_6B__hybrid_full75_chunk25_margin__qwen_full_doc_margin_hits50_Qwen3_Reranker_0p6B_ml32768,2026-07-08,dev,50,224,0.6014150379,
cross_encoder_model_comparison_v1,Qwen_Qwen3_Reranker_0_6B__hybrid_full75_chunk25_margin__qwen_full_doc_margin_hits50_Qwen3_Reranker_0p6B_ml32768,2026-07-08,dev,50,225,0.3487941397,
cross_encoder_model_comparison_v1,Qwen_Qwen3_Reranker_0_6B__hybrid_full75_chunk25_margin__qwen_full_doc_margin_hits50_Qwen3_Reranker_0p6B_ml32768,2026-07-08,dev,50,233,0.4722181130,
cross_encoder_model_comparison_v1,Qwen_Qwen3_Reranker_0_6B__hybrid_full75_chunk25_margin__qwen_full_doc_margin_hits50_Qwen3_Reranker_0p6B_ml32768,2026-07-08,dev,50,273,0.3885094474,
cross_encoder_model_comparison_v1,Qwen_Qwen3_Reranker_0_6B__hybrid_full75_chunk25_margin__qwen_full_doc_margin_hits50_Qwen3_Reranker_0p6B_ml32768,2026-07-08,dev,50,300,0.4293705643,
cross_encoder_model_comparison_v1,Qwen_Qwen3_Reranker_0_6B__hybrid_full75_chunk25_margin__qwen_full_doc_margin_hits50_Qwen3_Reranker_0p6B_ml32768,2026-07-08,dev,50,407,0.5393889596,
cross_encoder_model_comparison_v1,Qwen_Qwen3_Reranker_0_6B__hybrid_full75_chunk25_margin__qwen_full_doc_margin_hits50_Qwen3_Reranker_0p6B_ml32768,2026-07-08,dev,50,477,0.7225882494,
cross_encoder_model_comparison_v1,Qwen_Qwen3_Reranker_0_6B__hybrid_full75_chunk25_margin__qwen_full_doc_margin_hits50_Qwen3_Reranker_0p6B_ml32768,2026-07-08,dev,50,499,0.8279854966,
cross_encoder_model_comparison_v1,Qwen_Qwen3_Reranker_0_6B__hybrid_full75_chunk25_margin__qwen_full_doc_margin_hits50_Qwen3_Reranker_0p6B_ml32768,2026-07-08,dev,50,515,0.1452039378,
cross_encoder_model_comparison_v1,Qwen_Qwen3_Reranker_0_6B__hybrid_full75_chunk25_margin__qwen_full_doc_margin_hits50_Qwen3_Reranker_0p6B_ml32768,2026-07-08,dev,50,707,0.4424168514,
cross_encoder_model_comparison_v1,Qwen_Qwen3_Reranker_0_6B__hybrid_full75_chunk25_margin__qwen_full_doc_margin_hits50_Qwen3_Reranker_0p6B_ml32768,2026-07-08,dev,50,897,0.3301199925,
cross_encoder_model_comparison_v1,Qwen_Qwen3_Reranker_0_6B__hybrid_full75_chunk25_probability__qwen_full_doc_margin_hits50_Qwen3_Reranker_0p6B_ml32768,2026-07-08,dev,50,14,0.5093732917,
cross_encoder_model_comparison_v1,Qwen_Qwen3_Reranker_0_6B__hybrid_full75_chunk25_probability__qwen_full_doc_margin_hits50_Qwen3_Reranker_0p6B_ml32768,2026-07-08,dev,50,31,0.7327270631,
cross_encoder_model_comparison_v1,Qwen_Qwen3_Reranker_0_6B__hybrid_full75_chunk25_probability__qwen_full_doc_margin_hits50_Qwen3_Reranker_0p6B_ml32768,2026-07-08,dev,50,37,0.4182631555,
cross_encoder_model_comparison_v1,Qwen_Qwen3_Reranker_0_6B__hybrid_full75_chunk25_probability__qwen_full_doc_margin_hits50_Qwen3_Reranker_0p6B_ml32768,2026-07-08,dev,50,58,0.5774180044,
cross_encoder_model_comparison_v1,Qwen_Qwen3_Reranker_0_6B__hybrid_full75_chunk25_probability__qwen_full_doc_margin_hits50_Qwen3_Reranker_0p6B_ml32768,2026-07-08,dev,50,72,0.6594937859,
cross_encoder_model_comparison_v1,Qwen_Qwen3_Reranker_0_6B__hybrid_full75_chunk25_probability__qwen_full_doc_margin_hits50_Qwen3_Reranker_0p6B_ml32768,2026-07-08,dev,50,84,0.6817225546,
cross_encoder_model_comparison_v1,Qwen_Qwen3_Reranker_0_6B__hybrid_full75_chunk25_probability__qwen_full_doc_margin_hits50_Qwen3_Reranker_0p6B_ml32768,2026-07-08,dev,50,144,0.1984450129,
cross_encoder_model_comparison_v1,Qwen_Qwen3_Reranker_0_6B__hybrid_full75_chunk25_probability__qwen_full_doc_margin_hits50_Qwen3_Reranker_0p6B_ml32768,2026-07-08,dev,50,161,0.7195941441,
cross_encoder_model_comparison_v1,Qwen_Qwen3_Reranker_0_6B__hybrid_full75_chunk25_probability__qwen_full_doc_margin_hits50_Qwen3_Reranker_0p6B_ml32768,2026-07-08,dev,50,200,0.4601900263,
cross_encoder_model_comparison_v1,Qwen_Qwen3_Reranker_0_6B__hybrid_full75_chunk25_probability__qwen_full_doc_margin_hits50_Qwen3_Reranker_0p6B_ml32768,2026-07-08,dev,50,213,0.1513674322,
cross_encoder_model_comparison_v1,Qwen_Qwen3_Reranker_0_6B__hybrid_full75_chunk25_probability__qwen_full_doc_margin_hits50_Qwen3_Reranker_0p6B_ml32768,2026-07-08,dev,50,219,0.3294751664,
cross_encoder_model_comparison_v1,Qwen_Qwen3_Reranker_0_6B__hybrid_full75_chunk25_probability__qwen_full_doc_margin_hits50_Qwen3_Reranker_0p6B_ml32768,2026-07-08,dev,50,224,0.6523116685,
cross_encoder_model_comparison_v1,Qwen_Qwen3_Reranker_0_6B__hybrid_full75_chunk25_probability__qwen_full_doc_margin_hits50_Qwen3_Reranker_0p6B_ml32768,2026-07-08,dev,50,225,0.3207737586,
cross_encoder_model_comparison_v1,Qwen_Qwen3_Reranker_0_6B__hybrid_full75_chunk25_probability__qwen_full_doc_margin_hits50_Qwen3_Reranker_0p6B_ml32768,2026-07-08,dev,50,233,0.4905629389,
cross_encoder_model_comparison_v1,Qwen_Qwen3_Reranker_0_6B__hybrid_full75_chunk25_probability__qwen_full_doc_margin_hits50_Qwen3_Reranker_0p6B_ml32768,2026-07-08,dev,50,273,0.3599936485,
cross_encoder_model_comparison_v1,Qwen_Qwen3_Reranker_0_6B__hybrid_full75_chunk25_probability__qwen_full_doc_margin_hits50_Qwen3_Reranker_0p6B_ml32768,2026-07-08,dev,50,300,0.3894230706,
cross_encoder_model_comparison_v1,Qwen_Qwen3_Reranker_0_6B__hybrid_full75_chunk25_probability__qwen_full_doc_margin_hits50_Qwen3_Reranker_0p6B_ml32768,2026-07-08,dev,50,407,0.5164023208,
cross_encoder_model_comparison_v1,Qwen_Qwen3_Reranker_0_6B__hybrid_full75_chunk25_probability__qwen_full_doc_margin_hits50_Qwen3_Reranker_0p6B_ml32768,2026-07-08,dev,50,477,0.6408858270,
cross_encoder_model_comparison_v1,Qwen_Qwen3_Reranker_0_6B__hybrid_full75_chunk25_probability__qwen_full_doc_margin_hits50_Qwen3_Reranker_0p6B_ml32768,2026-07-08,dev,50,499,0.7422849276,
cross_encoder_model_comparison_v1,Qwen_Qwen3_Reranker_0_6B__hybrid_full75_chunk25_probability__qwen_full_doc_margin_hits50_Qwen3_Reranker_0p6B_ml32768,2026-07-08,dev,50,515,0.1370195348,
cross_encoder_model_comparison_v1,Qwen_Qwen3_Reranker_0_6B__hybrid_full75_chunk25_probability__qwen_full_doc_margin_hits50_Qwen3_Reranker_0p6B_ml32768,2026-07-08,dev,50,707,0.4152925290,
cross_encoder_model_comparison_v1,Qwen_Qwen3_Reranker_0_6B__hybrid_full75_chunk25_probability__qwen_full_doc_margin_hits50_Qwen3_Reranker_0p6B_ml32768,2026-07-08,dev,50,897,0.3723999775,
cross_encoder_model_comparison_v1,Qwen_Qwen3_Reranker_0_6B__max_plus_support__qwen_aggregation_eval_hits20_Qwen3_Reranker_0p6B,2026-07-08,dev,20,14,0.4468771320,
cross_encoder_model_comparison_v1,Qwen_Qwen3_Reranker_0_6B__max_plus_support__qwen_aggregation_eval_hits20_Qwen3_Reranker_0p6B,2026-07-08,dev,20,31,0.6911754792,
cross_encoder_model_comparison_v1,Qwen_Qwen3_Reranker_0_6B__max_plus_support__qwen_aggregation_eval_hits20_Qwen3_Reranker_0p6B,2026-07-08,dev,20,37,0.4610254405,
cross_encoder_model_comparison_v1,Qwen_Qwen3_Reranker_0_6B__max_plus_support__qwen_aggregation_eval_hits20_Qwen3_Reranker_0p6B,2026-07-08,dev,20,58,0.6011421154,
cross_encoder_model_comparison_v1,Qwen_Qwen3_Reranker_0_6B__max_plus_support__qwen_aggregation_eval_hits20_Qwen3_Reranker_0p6B,2026-07-08,dev,20,72,0.6564623373,
cross_encoder_model_comparison_v1,Qwen_Qwen3_Reranker_0_6B__max_plus_support__qwen_aggregation_eval_hits20_Qwen3_Reranker_0p6B,2026-07-08,dev,20,84,0.4505975314,
cross_encoder_model_comparison_v1,Qwen_Qwen3_Reranker_0_6B__max_plus_support__qwen_aggregation_eval_hits20_Qwen3_Reranker_0p6B,2026-07-08,dev,20,144,0.1612229336,
cross_encoder_model_comparison_v1,Qwen_Qwen3_Reranker_0_6B__max_plus_support__qwen_aggregation_eval_hits20_Qwen3_Reranker_0p6B,2026-07-08,dev,20,161,0.4986248289,
cross_encoder_model_comparison_v1,Qwen_Qwen3_Reranker_0_6B__max_plus_support__qwen_aggregation_eval_hits20_Qwen3_Reranker_0p6B,2026-07-08,dev,20,200,0.3693379299,
cross_encoder_model_comparison_v1,Qwen_Qwen3_Reranker_0_6B__max_plus_support__qwen_aggregation_eval_hits20_Qwen3_Reranker_0p6B,2026-07-08,dev,20,213,0.1779001133,
cross_encoder_model_comparison_v1,Qwen_Qwen3_Reranker_0_6B__max_plus_support__qwen_aggregation_eval_hits20_Qwen3_Reranker_0p6B,2026-07-08,dev,20,219,0.4582704557,
cross_encoder_model_comparison_v1,Qwen_Qwen3_Reranker_0_6B__max_plus_support__qwen_aggregation_eval_hits20_Qwen3_Reranker_0p6B,2026-07-08,dev,20,224,0.5468717938,
cross_encoder_model_comparison_v1,Qwen_Qwen3_Reranker_0_6B__max_plus_support__qwen_aggregation_eval_hits20_Qwen3_Reranker_0p6B,2026-07-08,dev,20,225,0.2211473236,
cross_encoder_model_comparison_v1,Qwen_Qwen3_Reranker_0_6B__max_plus_support__qwen_aggregation_eval_hits20_Qwen3_Reranker_0p6B,2026-07-08,dev,20,233,0.5506954142,
cross_encoder_model_comparison_v1,Qwen_Qwen3_Reranker_0_6B__max_plus_support__qwen_aggregation_eval_hits20_Qwen3_Reranker_0p6B,2026-07-08,dev,20,273,0.3400603779,
cross_encoder_model_comparison_v1,Qwen_Qwen3_Reranker_0_6B__max_plus_support__qwen_aggregation_eval_hits20_Qwen3_Reranker_0p6B,2026-07-08,dev,20,300,0.4405000329,
cross_encoder_model_comparison_v1,Qwen_Qwen3_Reranker_0_6B__max_plus_support__qwen_aggregation_eval_hits20_Qwen3_Reranker_0p6B,2026-07-08,dev,20,407,0.4273431664,
cross_encoder_model_comparison_v1,Qwen_Qwen3_Reranker_0_6B__max_plus_support__qwen_aggregation_eval_hits20_Qwen3_Reranker_0p6B,2026-07-08,dev,20,477,0.5138956770,
cross_encoder_model_comparison_v1,Qwen_Qwen3_Reranker_0_6B__max_plus_support__qwen_aggregation_eval_hits20_Qwen3_Reranker_0p6B,2026-07-08,dev,20,499,0.6678536961,
cross_encoder_model_comparison_v1,Qwen_Qwen3_Reranker_0_6B__max_plus_support__qwen_aggregation_eval_hits20_Qwen3_Reranker_0p6B,2026-07-08,dev,20,515,0.1823086250,
cross_encoder_model_comparison_v1,Qwen_Qwen3_Reranker_0_6B__max_plus_support__qwen_aggregation_eval_hits20_Qwen3_Reranker_0p6B,2026-07-08,dev,20,707,0.3749719464,
cross_encoder_model_comparison_v1,Qwen_Qwen3_Reranker_0_6B__max_plus_support__qwen_aggregation_eval_hits20_Qwen3_Reranker_0p6B,2026-07-08,dev,20,897,0.4506236347,
cross_encoder_model_comparison_v1,Qwen_Qwen3_Reranker_0_6B__max_plus_support__qwen_aggregation_eval_hits50_Qwen3_Reranker_0p6B,2026-07-08,dev,50,14,0.4360877146,
cross_encoder_model_comparison_v1,Qwen_Qwen3_Reranker_0_6B__max_plus_support__qwen_aggregation_eval_hits50_Qwen3_Reranker_0p6B,2026-07-08,dev,50,31,0.6231554124,
cross_encoder_model_comparison_v1,Qwen_Qwen3_Reranker_0_6B__max_plus_support__qwen_aggregation_eval_hits50_Qwen3_Reranker_0p6B,2026-07-08,dev,50,37,0.4335317328,
cross_encoder_model_comparison_v1,Qwen_Qwen3_Reranker_0_6B__max_plus_support__qwen_aggregation_eval_hits50_Qwen3_Reranker_0p6B,2026-07-08,dev,50,58,0.4278513610,
cross_encoder_model_comparison_v1,Qwen_Qwen3_Reranker_0_6B__max_plus_support__qwen_aggregation_eval_hits50_Qwen3_Reranker_0p6B,2026-07-08,dev,50,72,0.7048441273,
cross_encoder_model_comparison_v1,Qwen_Qwen3_Reranker_0_6B__max_plus_support__qwen_aggregation_eval_hits50_Qwen3_Reranker_0p6B,2026-07-08,dev,50,84,0.5892979783,
cross_encoder_model_comparison_v1,Qwen_Qwen3_Reranker_0_6B__max_plus_support__qwen_aggregation_eval_hits50_Qwen3_Reranker_0p6B,2026-07-08,dev,50,144,0.1958863170,
cross_encoder_model_comparison_v1,Qwen_Qwen3_Reranker_0_6B__max_plus_support__qwen_aggregation_eval_hits50_Qwen3_Reranker_0p6B,2026-07-08,dev,50,161,0.6460072966,
cross_encoder_model_comparison_v1,Qwen_Qwen3_Reranker_0_6B__max_plus_support__qwen_aggregation_eval_hits50_Qwen3_Reranker_0p6B,2026-07-08,dev,50,200,0.5051129043,
cross_encoder_model_comparison_v1,Qwen_Qwen3_Reranker_0_6B__max_plus_support__qwen_aggregation_eval_hits50_Qwen3_Reranker_0p6B,2026-07-08,dev,50,213,0.1590152311,
cross_encoder_model_comparison_v1,Qwen_Qwen3_Reranker_0_6B__max_plus_support__qwen_aggregation_eval_hits50_Qwen3_Reranker_0p6B,2026-07-08,dev,50,219,0.3552369425,
cross_encoder_model_comparison_v1,Qwen_Qwen3_Reranker_0_6B__max_plus_support__qwen_aggregation_eval_hits50_Qwen3_Reranker_0p6B,2026-07-08,dev,50,224,0.4678045229,
cross_encoder_model_comparison_v1,Qwen_Qwen3_Reranker_0_6B__max_plus_support__qwen_aggregation_eval_hits50_Qwen3_Reranker_0p6B,2026-07-08,dev,50,225,0.2825942933,
cross_encoder_model_comparison_v1,Qwen_Qwen3_Reranker_0_6B__max_plus_support__qwen_aggregation_eval_hits50_Qwen3_Reranker_0p6B,2026-07-08,dev,50,233,0.4356702336,
cross_encoder_model_comparison_v1,Qwen_Qwen3_Reranker_0_6B__max_plus_support__qwen_aggregation_eval_hits50_Qwen3_Reranker_0p6B,2026-07-08,dev,50,273,0.4036762096,
cross_encoder_model_comparison_v1,Qwen_Qwen3_Reranker_0_6B__max_plus_support__qwen_aggregation_eval_hits50_Qwen3_Reranker_0p6B,2026-07-08,dev,50,300,0.4789681734,
cross_encoder_model_comparison_v1,Qwen_Qwen3_Reranker_0_6B__max_plus_support__qwen_aggregation_eval_hits50_Qwen3_Reranker_0p6B,2026-07-08,dev,50,407,0.4871239939,
cross_encoder_model_comparison_v1,Qwen_Qwen3_Reranker_0_6B__max_plus_support__qwen_aggregation_eval_hits50_Qwen3_Reranker_0p6B,2026-07-08,dev,50,477,0.5908223177,
cross_encoder_model_comparison_v1,Qwen_Qwen3_Reranker_0_6B__max_plus_support__qwen_aggregation_eval_hits50_Qwen3_Reranker_0p6B,2026-07-08,dev,50,499,0.4436394853,
cross_encoder_model_comparison_v1,Qwen_Qwen3_Reranker_0_6B__max_plus_support__qwen_aggregation_eval_hits50_Qwen3_Reranker_0p6B,2026-07-08,dev,50,515,0.1564891248,
cross_encoder_model_comparison_v1,Qwen_Qwen3_Reranker_0_6B__max_plus_support__qwen_aggregation_eval_hits50_Qwen3_Reranker_0p6B,2026-07-08,dev,50,707,0.3587989882,
cross_encoder_model_comparison_v1,Qwen_Qwen3_Reranker_0_6B__max_plus_support__qwen_aggregation_eval_hits50_Qwen3_Reranker_0p6B,2026-07-08,dev,50,897,0.2973047337,
cross_encoder_model_comparison_v1,Qwen_Qwen3_Reranker_0_6B__max_plus_support__qwen_aggregation_eval_hits50_Qwen3_Reranker_0p6B_gap2000,2026-07-08,dev,50,14,0.4218473638,
cross_encoder_model_comparison_v1,Qwen_Qwen3_Reranker_0_6B__max_plus_support__qwen_aggregation_eval_hits50_Qwen3_Reranker_0p6B_gap2000,2026-07-08,dev,50,31,0.6551446319,
cross_encoder_model_comparison_v1,Qwen_Qwen3_Reranker_0_6B__max_plus_support__qwen_aggregation_eval_hits50_Qwen3_Reranker_0p6B_gap2000,2026-07-08,dev,50,37,0.3257370370,
cross_encoder_model_comparison_v1,Qwen_Qwen3_Reranker_0_6B__max_plus_support__qwen_aggregation_eval_hits50_Qwen3_Reranker_0p6B_gap2000,2026-07-08,dev,50,58,0.3766628504,
cross_encoder_model_comparison_v1,Qwen_Qwen3_Reranker_0_6B__max_plus_support__qwen_aggregation_eval_hits50_Qwen3_Reranker_0p6B_gap2000,2026-07-08,dev,50,72,0.6257126748,
cross_encoder_model_comparison_v1,Qwen_Qwen3_Reranker_0_6B__max_plus_support__qwen_aggregation_eval_hits50_Qwen3_Reranker_0p6B_gap2000,2026-07-08,dev,50,84,0.5254056061,
cross_encoder_model_comparison_v1,Qwen_Qwen3_Reranker_0_6B__max_plus_support__qwen_aggregation_eval_hits50_Qwen3_Reranker_0p6B_gap2000,2026-07-08,dev,50,144,0.1935779132,
cross_encoder_model_comparison_v1,Qwen_Qwen3_Reranker_0_6B__max_plus_support__qwen_aggregation_eval_hits50_Qwen3_Reranker_0p6B_gap2000,2026-07-08,dev,50,161,0.6616446636,
cross_encoder_model_comparison_v1,Qwen_Qwen3_Reranker_0_6B__max_plus_support__qwen_aggregation_eval_hits50_Qwen3_Reranker_0p6B_gap2000,2026-07-08,dev,50,200,0.5051129043,
cross_encoder_model_comparison_v1,Qwen_Qwen3_Reranker_0_6B__max_plus_support__qwen_aggregation_eval_hits50_Qwen3_Reranker_0p6B_gap2000,2026-07-08,dev,50,213,0.1421523802,
cross_encoder_model_comparison_v1,Qwen_Qwen3_Reranker_0_6B__max_plus_support__qwen_aggregation_eval_hits50_Qwen3_Reranker_0p6B_gap2000,2026-07-08,dev,50,219,0.3437021737,
cross_encoder_model_comparison_v1,Qwen_Qwen3_Reranker_0_6B__max_plus_support__qwen_aggregation_eval_hits50_Qwen3_Reranker_0p6B_gap2000,2026-07-08,dev,50,224,0.4775380569,
cross_encoder_model_comparison_v1,Qwen_Qwen3_Reranker_0_6B__max_plus_support__qwen_aggregation_eval_hits50_Qwen3_Reranker_0p6B_gap2000,2026-07-08,dev,50,225,0.2189975726,
cross_encoder_model_comparison_v1,Qwen_Qwen3_Reranker_0_6B__max_plus_support__qwen_aggregation_eval_hits50_Qwen3_Reranker_0p6B_gap2000,2026-07-08,dev,50,233,0.3036719424,
cross_encoder_model_comparison_v1,Qwen_Qwen3_Reranker_0_6B__max_plus_support__qwen_aggregation_eval_hits50_Qwen3_Reranker_0p6B_gap2000,2026-07-08,dev,50,273,0.3532836922,
cross_encoder_model_comparison_v1,Qwen_Qwen3_Reranker_0_6B__max_plus_support__qwen_aggregation_eval_hits50_Qwen3_Reranker_0p6B_gap2000,2026-07-08,dev,50,300,0.4758220133,
cross_encoder_model_comparison_v1,Qwen_Qwen3_Reranker_0_6B__max_plus_support__qwen_aggregation_eval_hits50_Qwen3_Reranker_0p6B_gap2000,2026-07-08,dev,50,407,0.4871239939,
cross_encoder_model_comparison_v1,Qwen_Qwen3_Reranker_0_6B__max_plus_support__qwen_aggregation_eval_hits50_Qwen3_Reranker_0p6B_gap2000,2026-07-08,dev,50,477,0.7244791748,
cross_encoder_model_comparison_v1,Qwen_Qwen3_Reranker_0_6B__max_plus_support__qwen_aggregation_eval_hits50_Qwen3_Reranker_0p6B_gap2000,2026-07-08,dev,50,499,0.4046779204,
cross_encoder_model_comparison_v1,Qwen_Qwen3_Reranker_0_6B__max_plus_support__qwen_aggregation_eval_hits50_Qwen3_Reranker_0p6B_gap2000,2026-07-08,dev,50,515,0.2016499899,
cross_encoder_model_comparison_v1,Qwen_Qwen3_Reranker_0_6B__max_plus_support__qwen_aggregation_eval_hits50_Qwen3_Reranker_0p6B_gap2000,2026-07-08,dev,50,707,0.3575300504,
cross_encoder_model_comparison_v1,Qwen_Qwen3_Reranker_0_6B__max_plus_support__qwen_aggregation_eval_hits50_Qwen3_Reranker_0p6B_gap2000,2026-07-08,dev,50,897,0.3044798857,
cross_encoder_model_comparison_v1,Qwen_Qwen3_Reranker_0_6B__max_plus_support__qwen_aggregation_eval_hits50_Qwen3_Reranker_0p6B_gap3000,2026-07-08,dev,50,14,0.4218473638,
cross_encoder_model_comparison_v1,Qwen_Qwen3_Reranker_0_6B__max_plus_support__qwen_aggregation_eval_hits50_Qwen3_Reranker_0p6B_gap3000,2026-07-08,dev,50,31,0.6551446319,
cross_encoder_model_comparison_v1,Qwen_Qwen3_Reranker_0_6B__max_plus_support__qwen_aggregation_eval_hits50_Qwen3_Reranker_0p6B_gap3000,2026-07-08,dev,50,37,0.3257370370,
cross_encoder_model_comparison_v1,Qwen_Qwen3_Reranker_0_6B__max_plus_support__qwen_aggregation_eval_hits50_Qwen3_Reranker_0p6B_gap3000,2026-07-08,dev,50,58,0.3766628504,
cross_encoder_model_comparison_v1,Qwen_Qwen3_Reranker_0_6B__max_plus_support__qwen_aggregation_eval_hits50_Qwen3_Reranker_0p6B_gap3000,2026-07-08,dev,50,72,0.6257126748,
cross_encoder_model_comparison_v1,Qwen_Qwen3_Reranker_0_6B__max_plus_support__qwen_aggregation_eval_hits50_Qwen3_Reranker_0p6B_gap3000,2026-07-08,dev,50,84,0.5254056061,
cross_encoder_model_comparison_v1,Qwen_Qwen3_Reranker_0_6B__max_plus_support__qwen_aggregation_eval_hits50_Qwen3_Reranker_0p6B_gap3000,2026-07-08,dev,50,144,0.1935779132,
cross_encoder_model_comparison_v1,Qwen_Qwen3_Reranker_0_6B__max_plus_support__qwen_aggregation_eval_hits50_Qwen3_Reranker_0p6B_gap3000,2026-07-08,dev,50,161,0.6616446636,
cross_encoder_model_comparison_v1,Qwen_Qwen3_Reranker_0_6B__max_plus_support__qwen_aggregation_eval_hits50_Qwen3_Reranker_0p6B_gap3000,2026-07-08,dev,50,200,0.5051129043,
cross_encoder_model_comparison_v1,Qwen_Qwen3_Reranker_0_6B__max_plus_support__qwen_aggregation_eval_hits50_Qwen3_Reranker_0p6B_gap3000,2026-07-08,dev,50,213,0.1421523802,
cross_encoder_model_comparison_v1,Qwen_Qwen3_Reranker_0_6B__max_plus_support__qwen_aggregation_eval_hits50_Qwen3_Reranker_0p6B_gap3000,2026-07-08,dev,50,219,0.3437021737,
cross_encoder_model_comparison_v1,Qwen_Qwen3_Reranker_0_6B__max_plus_support__qwen_aggregation_eval_hits50_Qwen3_Reranker_0p6B_gap3000,2026-07-08,dev,50,224,0.4739408043,
cross_encoder_model_comparison_v1,Qwen_Qwen3_Reranker_0_6B__max_plus_support__qwen_aggregation_eval_hits50_Qwen3_Reranker_0p6B_gap3000,2026-07-08,dev,50,225,0.2189975726,
cross_encoder_model_comparison_v1,Qwen_Qwen3_Reranker_0_6B__max_plus_support__qwen_aggregation_eval_hits50_Qwen3_Reranker_0p6B_gap3000,2026-07-08,dev,50,233,0.3036719424,
cross_encoder_model_comparison_v1,Qwen_Qwen3_Reranker_0_6B__max_plus_support__qwen_aggregation_eval_hits50_Qwen3_Reranker_0p6B_gap3000,2026-07-08,dev,50,273,0.3532836922,
cross_encoder_model_comparison_v1,Qwen_Qwen3_Reranker_0_6B__max_plus_support__qwen_aggregation_eval_hits50_Qwen3_Reranker_0p6B_gap3000,2026-07-08,dev,50,300,0.4758220133,
cross_encoder_model_comparison_v1,Qwen_Qwen3_Reranker_0_6B__max_plus_support__qwen_aggregation_eval_hits50_Qwen3_Reranker_0p6B_gap3000,2026-07-08,dev,50,407,0.4871239939,
cross_encoder_model_comparison_v1,Qwen_Qwen3_Reranker_0_6B__max_plus_support__qwen_aggregation_eval_hits50_Qwen3_Reranker_0p6B_gap3000,2026-07-08,dev,50,477,0.7244791748,
cross_encoder_model_comparison_v1,Qwen_Qwen3_Reranker_0_6B__max_plus_support__qwen_aggregation_eval_hits50_Qwen3_Reranker_0p6B_gap3000,2026-07-08,dev,50,499,0.4046779204,
cross_encoder_model_comparison_v1,Qwen_Qwen3_Reranker_0_6B__max_plus_support__qwen_aggregation_eval_hits50_Qwen3_Reranker_0p6B_gap3000,2026-07-08,dev,50,515,0.2016499899,
cross_encoder_model_comparison_v1,Qwen_Qwen3_Reranker_0_6B__max_plus_support__qwen_aggregation_eval_hits50_Qwen3_Reranker_0p6B_gap3000,2026-07-08,dev,50,707,0.3575300504,
cross_encoder_model_comparison_v1,Qwen_Qwen3_Reranker_0_6B__max_plus_support__qwen_aggregation_eval_hits50_Qwen3_Reranker_0p6B_gap3000,2026-07-08,dev,50,897,0.3044798857,
cross_encoder_model_comparison_v1,Qwen_Qwen3_Reranker_0_6B__max_plus_support__qwen_aggregation_eval_hits50_Qwen3_Reranker_0p6B_ov0,2026-07-08,dev,50,14,0.5117916580,
cross_encoder_model_comparison_v1,Qwen_Qwen3_Reranker_0_6B__max_plus_support__qwen_aggregation_eval_hits50_Qwen3_Reranker_0p6B_ov0,2026-07-08,dev,50,31,0.7401855434,
cross_encoder_model_comparison_v1,Qwen_Qwen3_Reranker_0_6B__max_plus_support__qwen_aggregation_eval_hits50_Qwen3_Reranker_0p6B_ov0,2026-07-08,dev,50,37,0.4431104703,
cross_encoder_model_comparison_v1,Qwen_Qwen3_Reranker_0_6B__max_plus_support__qwen_aggregation_eval_hits50_Qwen3_Reranker_0p6B_ov0,2026-07-08,dev,50,58,0.4353539881,
cross_encoder_model_comparison_v1,Qwen_Qwen3_Reranker_0_6B__max_plus_support__qwen_aggregation_eval_hits50_Qwen3_Reranker_0p6B_ov0,2026-07-08,dev,50,72,0.7339126139,
cross_encoder_model_comparison_v1,Qwen_Qwen3_Reranker_0_6B__max_plus_support__qwen_aggregation_eval_hits50_Qwen3_Reranker_0p6B_ov0,2026-07-08,dev,50,84,0.6345623172,
cross_encoder_model_comparison_v1,Qwen_Qwen3_Reranker_0_6B__max_plus_support__qwen_aggregation_eval_hits50_Qwen3_Reranker_0p6B_ov0,2026-07-08,dev,50,144,0.1952150708,
cross_encoder_model_comparison_v1,Qwen_Qwen3_Reranker_0_6B__max_plus_support__qwen_aggregation_eval_hits50_Qwen3_Reranker_0p6B_ov0,2026-07-08,dev,50,161,0.7079404933,
cross_encoder_model_comparison_v1,Qwen_Qwen3_Reranker_0_6B__max_plus_support__qwen_aggregation_eval_hits50_Qwen3_Reranker_0p6B_ov0,2026-07-08,dev,50,200,0.5051129043,
cross_encoder_model_comparison_v1,Qwen_Qwen3_Reranker_0_6B__max_plus_support__qwen_aggregation_eval_hits50_Qwen3_Reranker_0p6B_ov0,2026-07-08,dev,50,213,0.1489494908,
cross_encoder_model_comparison_v1,Qwen_Qwen3_Reranker_0_6B__max_plus_support__qwen_aggregation_eval_hits50_Qwen3_Reranker_0p6B_ov0,2026-07-08,dev,50,219,0.3235875617,
cross_encoder_model_comparison_v1,Qwen_Qwen3_Reranker_0_6B__max_plus_support__qwen_aggregation_eval_hits50_Qwen3_Reranker_0p6B_ov0,2026-07-08,dev,50,224,0.4775380569,
cross_encoder_model_comparison_v1,Qwen_Qwen3_Reranker_0_6B__max_plus_support__qwen_aggregation_eval_hits50_Qwen3_Reranker_0p6B_ov0,2026-07-08,dev,50,225,0.2993141264,
cross_encoder_model_comparison_v1,Qwen_Qwen3_Reranker_0_6B__max_plus_support__qwen_aggregation_eval_hits50_Qwen3_Reranker_0p6B_ov0,2026-07-08,dev,50,233,0.4109213153,
cross_encoder_model_comparison_v1,Qwen_Qwen3_Reranker_0_6B__max_plus_support__qwen_aggregation_eval_hits50_Qwen3_Reranker_0p6B_ov0,2026-07-08,dev,50,273,0.3593194489,
cross_encoder_model_comparison_v1,Qwen_Qwen3_Reranker_0_6B__max_plus_support__qwen_aggregation_eval_hits50_Qwen3_Reranker_0p6B_ov0,2026-07-08,dev,50,300,0.4565287793,
cross_encoder_model_comparison_v1,Qwen_Qwen3_Reranker_0_6B__max_plus_support__qwen_aggregation_eval_hits50_Qwen3_Reranker_0p6B_ov0,2026-07-08,dev,50,407,0.4565580965,
cross_encoder_model_comparison_v1,Qwen_Qwen3_Reranker_0_6B__max_plus_support__qwen_aggregation_eval_hits50_Qwen3_Reranker_0p6B_ov0,2026-07-08,dev,50,477,0.6666363519,
cross_encoder_model_comparison_v1,Qwen_Qwen3_Reranker_0_6B__max_plus_support__qwen_aggregation_eval_hits50_Qwen3_Reranker_0p6B_ov0,2026-07-08,dev,50,499,0.4160328567,
cross_encoder_model_comparison_v1,Qwen_Qwen3_Reranker_0_6B__max_plus_support__qwen_aggregation_eval_hits50_Qwen3_Reranker_0p6B_ov0,2026-07-08,dev,50,515,0.1659665888,
cross_encoder_model_comparison_v1,Qwen_Qwen3_Reranker_0_6B__max_plus_support__qwen_aggregation_eval_hits50_Qwen3_Reranker_0p6B_ov0,2026-07-08,dev,50,707,0.4103243320,
cross_encoder_model_comparison_v1,Qwen_Qwen3_Reranker_0_6B__max_plus_support__qwen_aggregation_eval_hits50_Qwen3_Reranker_0p6B_ov0,2026-07-08,dev,50,897,0.3238765223,
cross_encoder_model_comparison_v1,Qwen_Qwen3_Reranker_0_6B__qwen_max__qwen_aggregation_eval_hits20_Qwen3_Reranker_0p6B,2026-07-08,dev,20,14,0.3913321545,
cross_encoder_model_comparison_v1,Qwen_Qwen3_Reranker_0_6B__qwen_max__qwen_aggregation_eval_hits20_Qwen3_Reranker_0p6B,2026-07-08,dev,20,31,0.6710242217,
cross_encoder_model_comparison_v1,Qwen_Qwen3_Reranker_0_6B__qwen_max__qwen_aggregation_eval_hits20_Qwen3_Reranker_0p6B,2026-07-08,dev,20,37,0.4497419371,
cross_encoder_model_comparison_v1,Qwen_Qwen3_Reranker_0_6B__qwen_max__qwen_aggregation_eval_hits20_Qwen3_Reranker_0p6B,2026-07-08,dev,20,58,0.5661087877,
cross_encoder_model_comparison_v1,Qwen_Qwen3_Reranker_0_6B__qwen_max__qwen_aggregation_eval_hits20_Qwen3_Reranker_0p6B,2026-07-08,dev,20,72,0.6119254296,
cross_encoder_model_comparison_v1,Qwen_Qwen3_Reranker_0_6B__qwen_max__qwen_aggregation_eval_hits20_Qwen3_Reranker_0p6B,2026-07-08,dev,20,84,0.4807439031,
cross_encoder_model_comparison_v1,Qwen_Qwen3_Reranker_0_6B__qwen_max__qwen_aggregation_eval_hits20_Qwen3_Reranker_0p6B,2026-07-08,dev,20,144,0.1612229336,
cross_encoder_model_comparison_v1,Qwen_Qwen3_Reranker_0_6B__qwen_max__qwen_aggregation_eval_hits20_Qwen3_Reranker_0p6B,2026-07-08,dev,20,161,0.6044804799,
cross_encoder_model_comparison_v1,Qwen_Qwen3_Reranker_0_6B__qwen_max__qwen_aggregation_eval_hits20_Qwen3_Reranker_0p6B,2026-07-08,dev,20,200,0.3616535138,
cross_encoder_model_comparison_v1,Qwen_Qwen3_Reranker_0_6B__qwen_max__qwen_aggregation_eval_hits20_Qwen3_Reranker_0p6B,2026-07-08,dev,20,213,0.1777245509,
cross_encoder_model_comparison_v1,Qwen_Qwen3_Reranker_0_6B__qwen_max__qwen_aggregation_eval_hits20_Qwen3_Reranker_0p6B,2026-07-08,dev,20,219,0.4582704557,
cross_encoder_model_comparison_v1,Qwen_Qwen3_Reranker_0_6B__qwen_max__qwen_aggregation_eval_hits20_Qwen3_Reranker_0p6B,2026-07-08,dev,20,224,0.5726098661,
cross_encoder_model_comparison_v1,Qwen_Qwen3_Reranker_0_6B__qwen_max__qwen_aggregation_eval_hits20_Qwen3_Reranker_0p6B,2026-07-08,dev,20,225,0.2173193862,
cross_encoder_model_comparison_v1,Qwen_Qwen3_Reranker_0_6B__qwen_max__qwen_aggregation_eval_hits20_Qwen3_Reranker_0p6B,2026-07-08,dev,20,233,0.5705831244,
cross_encoder_model_comparison_v1,Qwen_Qwen3_Reranker_0_6B__qwen_max__qwen_aggregation_eval_hits20_Qwen3_Reranker_0p6B,2026-07-08,dev,20,273,0.3175221932,
cross_encoder_model_comparison_v1,Qwen_Qwen3_Reranker_0_6B__qwen_max__qwen_aggregation_eval_hits20_Qwen3_Reranker_0p6B,2026-07-08,dev,20,300,0.4779596053,
cross_encoder_model_comparison_v1,Qwen_Qwen3_Reranker_0_6B__qwen_max__qwen_aggregation_eval_hits20_Qwen3_Reranker_0p6B,2026-07-08,dev,20,407,0.4546092185,
cross_encoder_model_comparison_v1,Qwen_Qwen3_Reranker_0_6B__qwen_max__qwen_aggregation_eval_hits20_Qwen3_Reranker_0p6B,2026-07-08,dev,20,477,0.6068245160,
cross_encoder_model_comparison_v1,Qwen_Qwen3_Reranker_0_6B__qwen_max__qwen_aggregation_eval_hits20_Qwen3_Reranker_0p6B,2026-07-08,dev,20,499,0.6764868240,
cross_encoder_model_comparison_v1,Qwen_Qwen3_Reranker_0_6B__qwen_max__qwen_aggregation_eval_hits20_Qwen3_Reranker_0p6B,2026-07-08,dev,20,515,0.1759329863,
cross_encoder_model_comparison_v1,Qwen_Qwen3_Reranker_0_6B__qwen_max__qwen_aggregation_eval_hits20_Qwen3_Reranker_0p6B,2026-07-08,dev,20,707,0.3735603833,
cross_encoder_model_comparison_v1,Qwen_Qwen3_Reranker_0_6B__qwen_max__qwen_aggregation_eval_hits20_Qwen3_Reranker_0p6B,2026-07-08,dev,20,897,0.4378268681,
cross_encoder_model_comparison_v1,Qwen_Qwen3_Reranker_0_6B__qwen_max__qwen_aggregation_eval_hits50_Qwen3_Reranker_0p6B,2026-07-08,dev,50,14,0.4218473638,
cross_encoder_model_comparison_v1,Qwen_Qwen3_Reranker_0_6B__qwen_max__qwen_aggregation_eval_hits50_Qwen3_Reranker_0p6B,2026-07-08,dev,50,31,0.6329372687,
cross_encoder_model_comparison_v1,Qwen_Qwen3_Reranker_0_6B__qwen_max__qwen_aggregation_eval_hits50_Qwen3_Reranker_0p6B,2026-07-08,dev,50,37,0.4121062554,
cross_encoder_model_comparison_v1,Qwen_Qwen3_Reranker_0_6B__qwen_max__qwen_aggregation_eval_hits50_Qwen3_Reranker_0p6B,2026-07-08,dev,50,58,0.3919118298,
cross_encoder_model_comparison_v1,Qwen_Qwen3_Reranker_0_6B__qwen_max__qwen_aggregation_eval_hits50_Qwen3_Reranker_0p6B,2026-07-08,dev,50,72,0.7019587934,
cross_encoder_model_comparison_v1,Qwen_Qwen3_Reranker_0_6B__qwen_max__qwen_aggregation_eval_hits50_Qwen3_Reranker_0p6B,2026-07-08,dev,50,84,0.6112471845,
cross_encoder_model_comparison_v1,Qwen_Qwen3_Reranker_0_6B__qwen_max__qwen_aggregation_eval_hits50_Qwen3_Reranker_0p6B,2026-07-08,dev,50,144,0.2014117363,
cross_encoder_model_comparison_v1,Qwen_Qwen3_Reranker_0_6B__qwen_max__qwen_aggregation_eval_hits50_Qwen3_Reranker_0p6B,2026-07-08,dev,50,161,0.7201465083,
cross_encoder_model_comparison_v1,Qwen_Qwen3_Reranker_0_6B__qwen_max__qwen_aggregation_eval_hits50_Qwen3_Reranker_0p6B,2026-07-08,dev,50,200,0.5037704118,
cross_encoder_model_comparison_v1,Qwen_Qwen3_Reranker_0_6B__qwen_max__qwen_aggregation_eval_hits50_Qwen3_Reranker_0p6B,2026-07-08,dev,50,213,0.1274646742,
cross_encoder_model_comparison_v1,Qwen_Qwen3_Reranker_0_6B__qwen_max__qwen_aggregation_eval_hits50_Qwen3_Reranker_0p6B,2026-07-08,dev,50,219,0.3559081887,
cross_encoder_model_comparison_v1,Qwen_Qwen3_Reranker_0_6B__qwen_max__qwen_aggregation_eval_hits50_Qwen3_Reranker_0p6B,2026-07-08,dev,50,224,0.5128150260,
cross_encoder_model_comparison_v1,Qwen_Qwen3_Reranker_0_6B__qwen_max__qwen_aggregation_eval_hits50_Qwen3_Reranker_0p6B,2026-07-08,dev,50,225,0.3278352365,
cross_encoder_model_comparison_v1,Qwen_Qwen3_Reranker_0_6B__qwen_max__qwen_aggregation_eval_hits50_Qwen3_Reranker_0p6B,2026-07-08,dev,50,233,0.5144901557,
cross_encoder_model_comparison_v1,Qwen_Qwen3_Reranker_0_6B__qwen_max__qwen_aggregation_eval_hits50_Qwen3_Reranker_0p6B,2026-07-08,dev,50,273,0.3379612566,
cross_encoder_model_comparison_v1,Qwen_Qwen3_Reranker_0_6B__qwen_max__qwen_aggregation_eval_hits50_Qwen3_Reranker_0p6B,2026-07-08,dev,50,300,0.5090341557,
cross_encoder_model_comparison_v1,Qwen_Qwen3_Reranker_0_6B__qwen_max__qwen_aggregation_eval_hits50_Qwen3_Reranker_0p6B,2026-07-08,dev,50,407,0.4871239939,
cross_encoder_model_comparison_v1,Qwen_Qwen3_Reranker_0_6B__qwen_max__qwen_aggregation_eval_hits50_Qwen3_Reranker_0p6B,2026-07-08,dev,50,477,0.6870281333,
cross_encoder_model_comparison_v1,Qwen_Qwen3_Reranker_0_6B__qwen_max__qwen_aggregation_eval_hits50_Qwen3_Reranker_0p6B,2026-07-08,dev,50,499,0.6542153210,
cross_encoder_model_comparison_v1,Qwen_Qwen3_Reranker_0_6B__qwen_max__qwen_aggregation_eval_hits50_Qwen3_Reranker_0p6B,2026-07-08,dev,50,515,0.1865780647,
cross_encoder_model_comparison_v1,Qwen_Qwen3_Reranker_0_6B__qwen_max__qwen_aggregation_eval_hits50_Qwen3_Reranker_0p6B,2026-07-08,dev,50,707,0.3440959130,
cross_encoder_model_comparison_v1,Qwen_Qwen3_Reranker_0_6B__qwen_max__qwen_aggregation_eval_hits50_Qwen3_Reranker_0p6B,2026-07-08,dev,50,897,0.2878486024,
cross_encoder_model_comparison_v1,Qwen_Qwen3_Reranker_0_6B__qwen_max__qwen_aggregation_eval_hits50_Qwen3_Reranker_0p6B_gap2000,2026-07-08,dev,50,14,0.4218473638,
cross_encoder_model_comparison_v1,Qwen_Qwen3_Reranker_0_6B__qwen_max__qwen_aggregation_eval_hits50_Qwen3_Reranker_0p6B_gap2000,2026-07-08,dev,50,31,0.6329372687,
cross_encoder_model_comparison_v1,Qwen_Qwen3_Reranker_0_6B__qwen_max__qwen_aggregation_eval_hits50_Qwen3_Reranker_0p6B_gap2000,2026-07-08,dev,50,37,0.4121062554,
cross_encoder_model_comparison_v1,Qwen_Qwen3_Reranker_0_6B__qwen_max__qwen_aggregation_eval_hits50_Qwen3_Reranker_0p6B_gap2000,2026-07-08,dev,50,58,0.3919118298,
cross_encoder_model_comparison_v1,Qwen_Qwen3_Reranker_0_6B__qwen_max__qwen_aggregation_eval_hits50_Qwen3_Reranker_0p6B_gap2000,2026-07-08,dev,50,72,0.7019587934,
cross_encoder_model_comparison_v1,Qwen_Qwen3_Reranker_0_6B__qwen_max__qwen_aggregation_eval_hits50_Qwen3_Reranker_0p6B_gap2000,2026-07-08,dev,50,84,0.6112471845,
cross_encoder_model_comparison_v1,Qwen_Qwen3_Reranker_0_6B__qwen_max__qwen_aggregation_eval_hits50_Qwen3_Reranker_0p6B_gap2000,2026-07-08,dev,50,144,0.2014117363,
cross_encoder_model_comparison_v1,Qwen_Qwen3_Reranker_0_6B__qwen_max__qwen_aggregation_eval_hits50_Qwen3_Reranker_0p6B_gap2000,2026-07-08,dev,50,161,0.7201465083,
cross_encoder_model_comparison_v1,Qwen_Qwen3_Reranker_0_6B__qwen_max__qwen_aggregation_eval_hits50_Qwen3_Reranker_0p6B_gap2000,2026-07-08,dev,50,200,0.5037704118,
cross_encoder_model_comparison_v1,Qwen_Qwen3_Reranker_0_6B__qwen_max__qwen_aggregation_eval_hits50_Qwen3_Reranker_0p6B_gap2000,2026-07-08,dev,50,213,0.1274646742,
cross_encoder_model_comparison_v1,Qwen_Qwen3_Reranker_0_6B__qwen_max__qwen_aggregation_eval_hits50_Qwen3_Reranker_0p6B_gap2000,2026-07-08,dev,50,219,0.3559081887,
cross_encoder_model_comparison_v1,Qwen_Qwen3_Reranker_0_6B__qwen_max__qwen_aggregation_eval_hits50_Qwen3_Reranker_0p6B_gap2000,2026-07-08,dev,50,224,0.5128150260,
cross_encoder_model_comparison_v1,Qwen_Qwen3_Reranker_0_6B__qwen_max__qwen_aggregation_eval_hits50_Qwen3_Reranker_0p6B_gap2000,2026-07-08,dev,50,225,0.3278352365,
cross_encoder_model_comparison_v1,Qwen_Qwen3_Reranker_0_6B__qwen_max__qwen_aggregation_eval_hits50_Qwen3_Reranker_0p6B_gap2000,2026-07-08,dev,50,233,0.5144901557,
cross_encoder_model_comparison_v1,Qwen_Qwen3_Reranker_0_6B__qwen_max__qwen_aggregation_eval_hits50_Qwen3_Reranker_0p6B_gap2000,2026-07-08,dev,50,273,0.3379612566,
cross_encoder_model_comparison_v1,Qwen_Qwen3_Reranker_0_6B__qwen_max__qwen_aggregation_eval_hits50_Qwen3_Reranker_0p6B_gap2000,2026-07-08,dev,50,300,0.5090341557,
cross_encoder_model_comparison_v1,Qwen_Qwen3_Reranker_0_6B__qwen_max__qwen_aggregation_eval_hits50_Qwen3_Reranker_0p6B_gap2000,2026-07-08,dev,50,407,0.4871239939,
cross_encoder_model_comparison_v1,Qwen_Qwen3_Reranker_0_6B__qwen_max__qwen_aggregation_eval_hits50_Qwen3_Reranker_0p6B_gap2000,2026-07-08,dev,50,477,0.6870281333,
cross_encoder_model_comparison_v1,Qwen_Qwen3_Reranker_0_6B__qwen_max__qwen_aggregation_eval_hits50_Qwen3_Reranker_0p6B_gap2000,2026-07-08,dev,50,499,0.6542153210,
cross_encoder_model_comparison_v1,Qwen_Qwen3_Reranker_0_6B__qwen_max__qwen_aggregation_eval_hits50_Qwen3_Reranker_0p6B_gap2000,2026-07-08,dev,50,515,0.1865780647,
cross_encoder_model_comparison_v1,Qwen_Qwen3_Reranker_0_6B__qwen_max__qwen_aggregation_eval_hits50_Qwen3_Reranker_0p6B_gap2000,2026-07-08,dev,50,707,0.3440959130,
cross_encoder_model_comparison_v1,Qwen_Qwen3_Reranker_0_6B__qwen_max__qwen_aggregation_eval_hits50_Qwen3_Reranker_0p6B_gap2000,2026-07-08,dev,50,897,0.2878486024,
cross_encoder_model_comparison_v1,Qwen_Qwen3_Reranker_0_6B__qwen_max__qwen_aggregation_eval_hits50_Qwen3_Reranker_0p6B_gap3000,2026-07-08,dev,50,14,0.4218473638,
cross_encoder_model_comparison_v1,Qwen_Qwen3_Reranker_0_6B__qwen_max__qwen_aggregation_eval_hits50_Qwen3_Reranker_0p6B_gap3000,2026-07-08,dev,50,31,0.6329372687,
cross_encoder_model_comparison_v1,Qwen_Qwen3_Reranker_0_6B__qwen_max__qwen_aggregation_eval_hits50_Qwen3_Reranker_0p6B_gap3000,2026-07-08,dev,50,37,0.4121062554,
cross_encoder_model_comparison_v1,Qwen_Qwen3_Reranker_0_6B__qwen_max__qwen_aggregation_eval_hits50_Qwen3_Reranker_0p6B_gap3000,2026-07-08,dev,50,58,0.3919118298,
cross_encoder_model_comparison_v1,Qwen_Qwen3_Reranker_0_6B__qwen_max__qwen_aggregation_eval_hits50_Qwen3_Reranker_0p6B_gap3000,2026-07-08,dev,50,72,0.7019587934,
cross_encoder_model_comparison_v1,Qwen_Qwen3_Reranker_0_6B__qwen_max__qwen_aggregation_eval_hits50_Qwen3_Reranker_0p6B_gap3000,2026-07-08,dev,50,84,0.6112471845,
cross_encoder_model_comparison_v1,Qwen_Qwen3_Reranker_0_6B__qwen_max__qwen_aggregation_eval_hits50_Qwen3_Reranker_0p6B_gap3000,2026-07-08,dev,50,144,0.2014117363,
cross_encoder_model_comparison_v1,Qwen_Qwen3_Reranker_0_6B__qwen_max__qwen_aggregation_eval_hits50_Qwen3_Reranker_0p6B_gap3000,2026-07-08,dev,50,161,0.7201465083,
cross_encoder_model_comparison_v1,Qwen_Qwen3_Reranker_0_6B__qwen_max__qwen_aggregation_eval_hits50_Qwen3_Reranker_0p6B_gap3000,2026-07-08,dev,50,200,0.5037704118,
cross_encoder_model_comparison_v1,Qwen_Qwen3_Reranker_0_6B__qwen_max__qwen_aggregation_eval_hits50_Qwen3_Reranker_0p6B_gap3000,2026-07-08,dev,50,213,0.1274646742,
cross_encoder_model_comparison_v1,Qwen_Qwen3_Reranker_0_6B__qwen_max__qwen_aggregation_eval_hits50_Qwen3_Reranker_0p6B_gap3000,2026-07-08,dev,50,219,0.3559081887,
cross_encoder_model_comparison_v1,Qwen_Qwen3_Reranker_0_6B__qwen_max__qwen_aggregation_eval_hits50_Qwen3_Reranker_0p6B_gap3000,2026-07-08,dev,50,224,0.5128150260,
cross_encoder_model_comparison_v1,Qwen_Qwen3_Reranker_0_6B__qwen_max__qwen_aggregation_eval_hits50_Qwen3_Reranker_0p6B_gap3000,2026-07-08,dev,50,225,0.3278352365,
cross_encoder_model_comparison_v1,Qwen_Qwen3_Reranker_0_6B__qwen_max__qwen_aggregation_eval_hits50_Qwen3_Reranker_0p6B_gap3000,2026-07-08,dev,50,233,0.5144901557,
cross_encoder_model_comparison_v1,Qwen_Qwen3_Reranker_0_6B__qwen_max__qwen_aggregation_eval_hits50_Qwen3_Reranker_0p6B_gap3000,2026-07-08,dev,50,273,0.3379612566,
cross_encoder_model_comparison_v1,Qwen_Qwen3_Reranker_0_6B__qwen_max__qwen_aggregation_eval_hits50_Qwen3_Reranker_0p6B_gap3000,2026-07-08,dev,50,300,0.5090341557,
cross_encoder_model_comparison_v1,Qwen_Qwen3_Reranker_0_6B__qwen_max__qwen_aggregation_eval_hits50_Qwen3_Reranker_0p6B_gap3000,2026-07-08,dev,50,407,0.4871239939,
cross_encoder_model_comparison_v1,Qwen_Qwen3_Reranker_0_6B__qwen_max__qwen_aggregation_eval_hits50_Qwen3_Reranker_0p6B_gap3000,2026-07-08,dev,50,477,0.6870281333,
cross_encoder_model_comparison_v1,Qwen_Qwen3_Reranker_0_6B__qwen_max__qwen_aggregation_eval_hits50_Qwen3_Reranker_0p6B_gap3000,2026-07-08,dev,50,499,0.6542153210,
cross_encoder_model_comparison_v1,Qwen_Qwen3_Reranker_0_6B__qwen_max__qwen_aggregation_eval_hits50_Qwen3_Reranker_0p6B_gap3000,2026-07-08,dev,50,515,0.1865780647,
cross_encoder_model_comparison_v1,Qwen_Qwen3_Reranker_0_6B__qwen_max__qwen_aggregation_eval_hits50_Qwen3_Reranker_0p6B_gap3000,2026-07-08,dev,50,707,0.3440959130,
cross_encoder_model_comparison_v1,Qwen_Qwen3_Reranker_0_6B__qwen_max__qwen_aggregation_eval_hits50_Qwen3_Reranker_0p6B_gap3000,2026-07-08,dev,50,897,0.2878486024,
cross_encoder_model_comparison_v1,Qwen_Qwen3_Reranker_0_6B__qwen_max__qwen_aggregation_eval_hits50_Qwen3_Reranker_0p6B_ov0,2026-07-08,dev,50,14,0.5204674825,
cross_encoder_model_comparison_v1,Qwen_Qwen3_Reranker_0_6B__qwen_max__qwen_aggregation_eval_hits50_Qwen3_Reranker_0p6B_ov0,2026-07-08,dev,50,31,0.6817521228,
cross_encoder_model_comparison_v1,Qwen_Qwen3_Reranker_0_6B__qwen_max__qwen_aggregation_eval_hits50_Qwen3_Reranker_0p6B_ov0,2026-07-08,dev,50,37,0.4551803484,
cross_encoder_model_comparison_v1,Qwen_Qwen3_Reranker_0_6B__qwen_max__qwen_aggregation_eval_hits50_Qwen3_Reranker_0p6B_ov0,2026-07-08,dev,50,58,0.4600263239,
cross_encoder_model_comparison_v1,Qwen_Qwen3_Reranker_0_6B__qwen_max__qwen_aggregation_eval_hits50_Qwen3_Reranker_0p6B_ov0,2026-07-08,dev,50,72,0.7652505732,
cross_encoder_model_comparison_v1,Qwen_Qwen3_Reranker_0_6B__qwen_max__qwen_aggregation_eval_hits50_Qwen3_Reranker_0p6B_ov0,2026-07-08,dev,50,84,0.5571028337,
cross_encoder_model_comparison_v1,Qwen_Qwen3_Reranker_0_6B__qwen_max__qwen_aggregation_eval_hits50_Qwen3_Reranker_0p6B_ov0,2026-07-08,dev,50,144,0.2007404900,
cross_encoder_model_comparison_v1,Qwen_Qwen3_Reranker_0_6B__qwen_max__qwen_aggregation_eval_hits50_Qwen3_Reranker_0p6B_ov0,2026-07-08,dev,50,161,0.7079404933,
cross_encoder_model_comparison_v1,Qwen_Qwen3_Reranker_0_6B__qwen_max__qwen_aggregation_eval_hits50_Qwen3_Reranker_0p6B_ov0,2026-07-08,dev,50,200,0.5037704118,
cross_encoder_model_comparison_v1,Qwen_Qwen3_Reranker_0_6B__qwen_max__qwen_aggregation_eval_hits50_Qwen3_Reranker_0p6B_ov0,2026-07-08,dev,50,213,0.1510318090,
cross_encoder_model_comparison_v1,Qwen_Qwen3_Reranker_0_6B__qwen_max__qwen_aggregation_eval_hits50_Qwen3_Reranker_0p6B_ov0,2026-07-08,dev,50,219,0.2830136007,
cross_encoder_model_comparison_v1,Qwen_Qwen3_Reranker_0_6B__qwen_max__qwen_aggregation_eval_hits50_Qwen3_Reranker_0p6B_ov0,2026-07-08,dev,50,224,0.5709625363,
cross_encoder_model_comparison_v1,Qwen_Qwen3_Reranker_0_6B__qwen_max__qwen_aggregation_eval_hits50_Qwen3_Reranker_0p6B_ov0,2026-07-08,dev,50,225,0.3498970613,
cross_encoder_model_comparison_v1,Qwen_Qwen3_Reranker_0_6B__qwen_max__qwen_aggregation_eval_hits50_Qwen3_Reranker_0p6B_ov0,2026-07-08,dev,50,233,0.4879853478,
cross_encoder_model_comparison_v1,Qwen_Qwen3_Reranker_0_6B__qwen_max__qwen_aggregation_eval_hits50_Qwen3_Reranker_0p6B_ov0,2026-07-08,dev,50,273,0.3324239922,
cross_encoder_model_comparison_v1,Qwen_Qwen3_Reranker_0_6B__qwen_max__qwen_aggregation_eval_hits50_Qwen3_Reranker_0p6B_ov0,2026-07-08,dev,50,300,0.4338953076,
cross_encoder_model_comparison_v1,Qwen_Qwen3_Reranker_0_6B__qwen_max__qwen_aggregation_eval_hits50_Qwen3_Reranker_0p6B_ov0,2026-07-08,dev,50,407,0.4529953521,
cross_encoder_model_comparison_v1,Qwen_Qwen3_Reranker_0_6B__qwen_max__qwen_aggregation_eval_hits50_Qwen3_Reranker_0p6B_ov0,2026-07-08,dev,50,477,0.5809872128,
cross_encoder_model_comparison_v1,Qwen_Qwen3_Reranker_0_6B__qwen_max__qwen_aggregation_eval_hits50_Qwen3_Reranker_0p6B_ov0,2026-07-08,dev,50,499,0.6111488637,
cross_encoder_model_comparison_v1,Qwen_Qwen3_Reranker_0_6B__qwen_max__qwen_aggregation_eval_hits50_Qwen3_Reranker_0p6B_ov0,2026-07-08,dev,50,515,0.2294465703,
cross_encoder_model_comparison_v1,Qwen_Qwen3_Reranker_0_6B__qwen_max__qwen_aggregation_eval_hits50_Qwen3_Reranker_0p6B_ov0,2026-07-08,dev,50,707,0.3852497585,
cross_encoder_model_comparison_v1,Qwen_Qwen3_Reranker_0_6B__qwen_max__qwen_aggregation_eval_hits50_Qwen3_Reranker_0p6B_ov0,2026-07-08,dev,50,897,0.2878486024,
cross_encoder_model_comparison_v1,Qwen_Qwen3_Reranker_0_6B__top3_bm25_fusion_a0p6__qwen_aggregation_eval_hits50_Qwen3_Reranker_0p6B,2026-07-08,dev,50,14,0.4058983509,
cross_encoder_model_comparison_v1,Qwen_Qwen3_Reranker_0_6B__top3_bm25_fusion_a0p6__qwen_aggregation_eval_hits50_Qwen3_Reranker_0p6B,2026-07-08,dev,50,31,0.8018747963,
cross_encoder_model_comparison_v1,Qwen_Qwen3_Reranker_0_6B__top3_bm25_fusion_a0p6__qwen_aggregation_eval_hits50_Qwen3_Reranker_0p6B,2026-07-08,dev,50,37,0.6178585636,
cross_encoder_model_comparison_v1,Qwen_Qwen3_Reranker_0_6B__top3_bm25_fusion_a0p6__qwen_aggregation_eval_hits50_Qwen3_Reranker_0p6B,2026-07-08,dev,50,58,0.5814772710,
cross_encoder_model_comparison_v1,Qwen_Qwen3_Reranker_0_6B__top3_bm25_fusion_a0p6__qwen_aggregation_eval_hits50_Qwen3_Reranker_0p6B,2026-07-08,dev,50,72,0.3252841098,
cross_encoder_model_comparison_v1,Qwen_Qwen3_Reranker_0_6B__top3_bm25_fusion_a0p6__qwen_aggregation_eval_hits50_Qwen3_Reranker_0p6B,2026-07-08,dev,50,84,0.4830327810,
cross_encoder_model_comparison_v1,Qwen_Qwen3_Reranker_0_6B__top3_bm25_fusion_a0p6__qwen_aggregation_eval_hits50_Qwen3_Reranker_0p6B,2026-07-08,dev,50,144,0.1760118538,
cross_encoder_model_comparison_v1,Qwen_Qwen3_Reranker_0_6B__top3_bm25_fusion_a0p6__qwen_aggregation_eval_hits50_Qwen3_Reranker_0p6B,2026-07-08,dev,50,161,0.6349422370,
cross_encoder_model_comparison_v1,Qwen_Qwen3_Reranker_0_6B__top3_bm25_fusion_a0p6__qwen_aggregation_eval_hits50_Qwen3_Reranker_0p6B,2026-07-08,dev,50,200,0.4368139107,
cross_encoder_model_comparison_v1,Qwen_Qwen3_Reranker_0_6B__top3_bm25_fusion_a0p6__qwen_aggregation_eval_hits50_Qwen3_Reranker_0p6B,2026-07-08,dev,50,213,0.2037104919,
cross_encoder_model_comparison_v1,Qwen_Qwen3_Reranker_0_6B__top3_bm25_fusion_a0p6__qwen_aggregation_eval_hits50_Qwen3_Reranker_0p6B,2026-07-08,dev,50,219,0.4009760596,
cross_encoder_model_comparison_v1,Qwen_Qwen3_Reranker_0_6B__top3_bm25_fusion_a0p6__qwen_aggregation_eval_hits50_Qwen3_Reranker_0p6B,2026-07-08,dev,50,224,0.4735396529,
cross_encoder_model_comparison_v1,Qwen_Qwen3_Reranker_0_6B__top3_bm25_fusion_a0p6__qwen_aggregation_eval_hits50_Qwen3_Reranker_0p6B,2026-07-08,dev,50,225,0.1961306669,
cross_encoder_model_comparison_v1,Qwen_Qwen3_Reranker_0_6B__top3_bm25_fusion_a0p6__qwen_aggregation_eval_hits50_Qwen3_Reranker_0p6B,2026-07-08,dev,50,233,0.5354517801,
cross_encoder_model_comparison_v1,Qwen_Qwen3_Reranker_0_6B__top3_bm25_fusion_a0p6__qwen_aggregation_eval_hits50_Qwen3_Reranker_0p6B,2026-07-08,dev,50,273,0.4217080433,
cross_encoder_model_comparison_v1,Qwen_Qwen3_Reranker_0_6B__top3_bm25_fusion_a0p6__qwen_aggregation_eval_hits50_Qwen3_Reranker_0p6B,2026-07-08,dev,50,300,0.3386894439,
cross_encoder_model_comparison_v1,Qwen_Qwen3_Reranker_0_6B__top3_bm25_fusion_a0p6__qwen_aggregation_eval_hits50_Qwen3_Reranker_0p6B,2026-07-08,dev,50,407,0.4590191475,
cross_encoder_model_comparison_v1,Qwen_Qwen3_Reranker_0_6B__top3_bm25_fusion_a0p6__qwen_aggregation_eval_hits50_Qwen3_Reranker_0p6B,2026-07-08,dev,50,477,0.5667632924,
cross_encoder_model_comparison_v1,Qwen_Qwen3_Reranker_0_6B__top3_bm25_fusion_a0p6__qwen_aggregation_eval_hits50_Qwen3_Reranker_0p6B,2026-07-08,dev,50,499,0.7328615196,
cross_encoder_model_comparison_v1,Qwen_Qwen3_Reranker_0_6B__top3_bm25_fusion_a0p6__qwen_aggregation_eval_hits50_Qwen3_Reranker_0p6B,2026-07-08,dev,50,515,0.2291771096,
cross_encoder_model_comparison_v1,Qwen_Qwen3_Reranker_0_6B__top3_bm25_fusion_a0p6__qwen_aggregation_eval_hits50_Qwen3_Reranker_0p6B,2026-07-08,dev,50,707,0.2678544910,
cross_encoder_model_comparison_v1,Qwen_Qwen3_Reranker_0_6B__top3_bm25_fusion_a0p6__qwen_aggregation_eval_hits50_Qwen3_Reranker_0p6B,2026-07-08,dev,50,897,0.3437857252,
cross_encoder_model_comparison_v1,Qwen_Qwen3_Reranker_0_6B__top3_bm25_fusion_a0p6__qwen_aggregation_eval_hits50_Qwen3_Reranker_0p6B_gap2000,2026-07-08,dev,50,14,0.3354624138,
cross_encoder_model_comparison_v1,Qwen_Qwen3_Reranker_0_6B__top3_bm25_fusion_a0p6__qwen_aggregation_eval_hits50_Qwen3_Reranker_0p6B_gap2000,2026-07-08,dev,50,31,0.8200685081,
cross_encoder_model_comparison_v1,Qwen_Qwen3_Reranker_0_6B__top3_bm25_fusion_a0p6__qwen_aggregation_eval_hits50_Qwen3_Reranker_0p6B_gap2000,2026-07-08,dev,50,37,0.5744177581,
cross_encoder_model_comparison_v1,Qwen_Qwen3_Reranker_0_6B__top3_bm25_fusion_a0p6__qwen_aggregation_eval_hits50_Qwen3_Reranker_0p6B_gap2000,2026-07-08,dev,50,58,0.5638753770,
cross_encoder_model_comparison_v1,Qwen_Qwen3_Reranker_0_6B__top3_bm25_fusion_a0p6__qwen_aggregation_eval_hits50_Qwen3_Reranker_0p6B_gap2000,2026-07-08,dev,50,72,0.3252841098,
cross_encoder_model_comparison_v1,Qwen_Qwen3_Reranker_0_6B__top3_bm25_fusion_a0p6__qwen_aggregation_eval_hits50_Qwen3_Reranker_0p6B_gap2000,2026-07-08,dev,50,84,0.4503569921,
cross_encoder_model_comparison_v1,Qwen_Qwen3_Reranker_0_6B__top3_bm25_fusion_a0p6__qwen_aggregation_eval_hits50_Qwen3_Reranker_0p6B_gap2000,2026-07-08,dev,50,144,0.1717921719,
cross_encoder_model_comparison_v1,Qwen_Qwen3_Reranker_0_6B__top3_bm25_fusion_a0p6__qwen_aggregation_eval_hits50_Qwen3_Reranker_0p6B_gap2000,2026-07-08,dev,50,161,0.7353039234,
cross_encoder_model_comparison_v1,Qwen_Qwen3_Reranker_0_6B__top3_bm25_fusion_a0p6__qwen_aggregation_eval_hits50_Qwen3_Reranker_0p6B_gap2000,2026-07-08,dev,50,200,0.4774586459,
cross_encoder_model_comparison_v1,Qwen_Qwen3_Reranker_0_6B__top3_bm25_fusion_a0p6__qwen_aggregation_eval_hits50_Qwen3_Reranker_0p6B_gap2000,2026-07-08,dev,50,213,0.1370689062,
cross_encoder_model_comparison_v1,Qwen_Qwen3_Reranker_0_6B__top3_bm25_fusion_a0p6__qwen_aggregation_eval_hits50_Qwen3_Reranker_0p6B_gap2000,2026-07-08,dev,50,219,0.4264243749,
cross_encoder_model_comparison_v1,Qwen_Qwen3_Reranker_0_6B__top3_bm25_fusion_a0p6__qwen_aggregation_eval_hits50_Qwen3_Reranker_0p6B_gap2000,2026-07-08,dev,50,224,0.5050407960,
cross_encoder_model_comparison_v1,Qwen_Qwen3_Reranker_0_6B__top3_bm25_fusion_a0p6__qwen_aggregation_eval_hits50_Qwen3_Reranker_0p6B_gap2000,2026-07-08,dev,50,225,0.1884210483,
cross_encoder_model_comparison_v1,Qwen_Qwen3_Reranker_0_6B__top3_bm25_fusion_a0p6__qwen_aggregation_eval_hits50_Qwen3_Reranker_0p6B_gap2000,2026-07-08,dev,50,233,0.5473647501,
cross_encoder_model_comparison_v1,Qwen_Qwen3_Reranker_0_6B__top3_bm25_fusion_a0p6__qwen_aggregation_eval_hits50_Qwen3_Reranker_0p6B_gap2000,2026-07-08,dev,50,273,0.4254555851,
cross_encoder_model_comparison_v1,Qwen_Qwen3_Reranker_0_6B__top3_bm25_fusion_a0p6__qwen_aggregation_eval_hits50_Qwen3_Reranker_0p6B_gap2000,2026-07-08,dev,50,300,0.3051037852,
cross_encoder_model_comparison_v1,Qwen_Qwen3_Reranker_0_6B__top3_bm25_fusion_a0p6__qwen_aggregation_eval_hits50_Qwen3_Reranker_0p6B_gap2000,2026-07-08,dev,50,407,0.4590191475,
cross_encoder_model_comparison_v1,Qwen_Qwen3_Reranker_0_6B__top3_bm25_fusion_a0p6__qwen_aggregation_eval_hits50_Qwen3_Reranker_0p6B_gap2000,2026-07-08,dev,50,477,0.5492535488,
cross_encoder_model_comparison_v1,Qwen_Qwen3_Reranker_0_6B__top3_bm25_fusion_a0p6__qwen_aggregation_eval_hits50_Qwen3_Reranker_0p6B_gap2000,2026-07-08,dev,50,499,0.7375098665,
cross_encoder_model_comparison_v1,Qwen_Qwen3_Reranker_0_6B__top3_bm25_fusion_a0p6__qwen_aggregation_eval_hits50_Qwen3_Reranker_0p6B_gap2000,2026-07-08,dev,50,515,0.2291771096,
cross_encoder_model_comparison_v1,Qwen_Qwen3_Reranker_0_6B__top3_bm25_fusion_a0p6__qwen_aggregation_eval_hits50_Qwen3_Reranker_0p6B_gap2000,2026-07-08,dev,50,707,0.2631032289,
cross_encoder_model_comparison_v1,Qwen_Qwen3_Reranker_0_6B__top3_bm25_fusion_a0p6__qwen_aggregation_eval_hits50_Qwen3_Reranker_0p6B_gap2000,2026-07-08,dev,50,897,0.3410145182,
cross_encoder_model_comparison_v1,Qwen_Qwen3_Reranker_0_6B__top3_bm25_fusion_a0p6__qwen_aggregation_eval_hits50_Qwen3_Reranker_0p6B_gap3000,2026-07-08,dev,50,14,0.3354624138,
cross_encoder_model_comparison_v1,Qwen_Qwen3_Reranker_0_6B__top3_bm25_fusion_a0p6__qwen_aggregation_eval_hits50_Qwen3_Reranker_0p6B_gap3000,2026-07-08,dev,50,31,0.8200685081,
cross_encoder_model_comparison_v1,Qwen_Qwen3_Reranker_0_6B__top3_bm25_fusion_a0p6__qwen_aggregation_eval_hits50_Qwen3_Reranker_0p6B_gap3000,2026-07-08,dev,50,37,0.5744177581,
cross_encoder_model_comparison_v1,Qwen_Qwen3_Reranker_0_6B__top3_bm25_fusion_a0p6__qwen_aggregation_eval_hits50_Qwen3_Reranker_0p6B_gap3000,2026-07-08,dev,50,58,0.5638753770,
cross_encoder_model_comparison_v1,Qwen_Qwen3_Reranker_0_6B__top3_bm25_fusion_a0p6__qwen_aggregation_eval_hits50_Qwen3_Reranker_0p6B_gap3000,2026-07-08,dev,50,72,0.3252841098,
cross_encoder_model_comparison_v1,Qwen_Qwen3_Reranker_0_6B__top3_bm25_fusion_a0p6__qwen_aggregation_eval_hits50_Qwen3_Reranker_0p6B_gap3000,2026-07-08,dev,50,84,0.4503569921,
cross_encoder_model_comparison_v1,Qwen_Qwen3_Reranker_0_6B__top3_bm25_fusion_a0p6__qwen_aggregation_eval_hits50_Qwen3_Reranker_0p6B_gap3000,2026-07-08,dev,50,144,0.1717921719,
cross_encoder_model_comparison_v1,Qwen_Qwen3_Reranker_0_6B__top3_bm25_fusion_a0p6__qwen_aggregation_eval_hits50_Qwen3_Reranker_0p6B_gap3000,2026-07-08,dev,50,161,0.7353039234,
cross_encoder_model_comparison_v1,Qwen_Qwen3_Reranker_0_6B__top3_bm25_fusion_a0p6__qwen_aggregation_eval_hits50_Qwen3_Reranker_0p6B_gap3000,2026-07-08,dev,50,200,0.4774586459,
cross_encoder_model_comparison_v1,Qwen_Qwen3_Reranker_0_6B__top3_bm25_fusion_a0p6__qwen_aggregation_eval_hits50_Qwen3_Reranker_0p6B_gap3000,2026-07-08,dev,50,213,0.1370689062,
cross_encoder_model_comparison_v1,Qwen_Qwen3_Reranker_0_6B__top3_bm25_fusion_a0p6__qwen_aggregation_eval_hits50_Qwen3_Reranker_0p6B_gap3000,2026-07-08,dev,50,219,0.4264243749,
cross_encoder_model_comparison_v1,Qwen_Qwen3_Reranker_0_6B__top3_bm25_fusion_a0p6__qwen_aggregation_eval_hits50_Qwen3_Reranker_0p6B_gap3000,2026-07-08,dev,50,224,0.5145261587,
cross_encoder_model_comparison_v1,Qwen_Qwen3_Reranker_0_6B__top3_bm25_fusion_a0p6__qwen_aggregation_eval_hits50_Qwen3_Reranker_0p6B_gap3000,2026-07-08,dev,50,225,0.1884210483,
cross_encoder_model_comparison_v1,Qwen_Qwen3_Reranker_0_6B__top3_bm25_fusion_a0p6__qwen_aggregation_eval_hits50_Qwen3_Reranker_0p6B_gap3000,2026-07-08,dev,50,233,0.5473647501,
cross_encoder_model_comparison_v1,Qwen_Qwen3_Reranker_0_6B__top3_bm25_fusion_a0p6__qwen_aggregation_eval_hits50_Qwen3_Reranker_0p6B_gap3000,2026-07-08,dev,50,273,0.4254555851,
cross_encoder_model_comparison_v1,Qwen_Qwen3_Reranker_0_6B__top3_bm25_fusion_a0p6__qwen_aggregation_eval_hits50_Qwen3_Reranker_0p6B_gap3000,2026-07-08,dev,50,300,0.3051037852,
cross_encoder_model_comparison_v1,Qwen_Qwen3_Reranker_0_6B__top3_bm25_fusion_a0p6__qwen_aggregation_eval_hits50_Qwen3_Reranker_0p6B_gap3000,2026-07-08,dev,50,407,0.4590191475,
cross_encoder_model_comparison_v1,Qwen_Qwen3_Reranker_0_6B__top3_bm25_fusion_a0p6__qwen_aggregation_eval_hits50_Qwen3_Reranker_0p6B_gap3000,2026-07-08,dev,50,477,0.5492535488,
cross_encoder_model_comparison_v1,Qwen_Qwen3_Reranker_0_6B__top3_bm25_fusion_a0p6__qwen_aggregation_eval_hits50_Qwen3_Reranker_0p6B_gap3000,2026-07-08,dev,50,499,0.7375098665,
cross_encoder_model_comparison_v1,Qwen_Qwen3_Reranker_0_6B__top3_bm25_fusion_a0p6__qwen_aggregation_eval_hits50_Qwen3_Reranker_0p6B_gap3000,2026-07-08,dev,50,515,0.2291771096,
cross_encoder_model_comparison_v1,Qwen_Qwen3_Reranker_0_6B__top3_bm25_fusion_a0p6__qwen_aggregation_eval_hits50_Qwen3_Reranker_0p6B_gap3000,2026-07-08,dev,50,707,0.2631032289,
cross_encoder_model_comparison_v1,Qwen_Qwen3_Reranker_0_6B__top3_bm25_fusion_a0p6__qwen_aggregation_eval_hits50_Qwen3_Reranker_0p6B_gap3000,2026-07-08,dev,50,897,0.3410145182,
cross_encoder_model_comparison_v1,Qwen_Qwen3_Reranker_0_6B__top3_bm25_fusion_a0p6__qwen_aggregation_eval_hits50_Qwen3_Reranker_0p6B_ov0,2026-07-08,dev,50,14,0.4131909485,
cross_encoder_model_comparison_v1,Qwen_Qwen3_Reranker_0_6B__top3_bm25_fusion_a0p6__qwen_aggregation_eval_hits50_Qwen3_Reranker_0p6B_ov0,2026-07-08,dev,50,31,0.8249381275,
cross_encoder_model_comparison_v1,Qwen_Qwen3_Reranker_0_6B__top3_bm25_fusion_a0p6__qwen_aggregation_eval_hits50_Qwen3_Reranker_0p6B_ov0,2026-07-08,dev,50,37,0.5842248024,
cross_encoder_model_comparison_v1,Qwen_Qwen3_Reranker_0_6B__top3_bm25_fusion_a0p6__qwen_aggregation_eval_hits50_Qwen3_Reranker_0p6B_ov0,2026-07-08,dev,50,58,0.5731247231,
cross_encoder_model_comparison_v1,Qwen_Qwen3_Reranker_0_6B__top3_bm25_fusion_a0p6__qwen_aggregation_eval_hits50_Qwen3_Reranker_0p6B_ov0,2026-07-08,dev,50,72,0.3846635121,
cross_encoder_model_comparison_v1,Qwen_Qwen3_Reranker_0_6B__top3_bm25_fusion_a0p6__qwen_aggregation_eval_hits50_Qwen3_Reranker_0p6B_ov0,2026-07-08,dev,50,84,0.5315456147,
cross_encoder_model_comparison_v1,Qwen_Qwen3_Reranker_0_6B__top3_bm25_fusion_a0p6__qwen_aggregation_eval_hits50_Qwen3_Reranker_0p6B_ov0,2026-07-08,dev,50,144,0.1692117720,
cross_encoder_model_comparison_v1,Qwen_Qwen3_Reranker_0_6B__top3_bm25_fusion_a0p6__qwen_aggregation_eval_hits50_Qwen3_Reranker_0p6B_ov0,2026-07-08,dev,50,161,0.6760780446,
cross_encoder_model_comparison_v1,Qwen_Qwen3_Reranker_0_6B__top3_bm25_fusion_a0p6__qwen_aggregation_eval_hits50_Qwen3_Reranker_0p6B_ov0,2026-07-08,dev,50,200,0.4363903109,
cross_encoder_model_comparison_v1,Qwen_Qwen3_Reranker_0_6B__top3_bm25_fusion_a0p6__qwen_aggregation_eval_hits50_Qwen3_Reranker_0p6B_ov0,2026-07-08,dev,50,213,0.2054940048,
cross_encoder_model_comparison_v1,Qwen_Qwen3_Reranker_0_6B__top3_bm25_fusion_a0p6__qwen_aggregation_eval_hits50_Qwen3_Reranker_0p6B_ov0,2026-07-08,dev,50,219,0.4009760596,
cross_encoder_model_comparison_v1,Qwen_Qwen3_Reranker_0_6B__top3_bm25_fusion_a0p6__qwen_aggregation_eval_hits50_Qwen3_Reranker_0p6B_ov0,2026-07-08,dev,50,224,0.5403763819,
cross_encoder_model_comparison_v1,Qwen_Qwen3_Reranker_0_6B__top3_bm25_fusion_a0p6__qwen_aggregation_eval_hits50_Qwen3_Reranker_0p6B_ov0,2026-07-08,dev,50,225,0.1929895481,
cross_encoder_model_comparison_v1,Qwen_Qwen3_Reranker_0_6B__top3_bm25_fusion_a0p6__qwen_aggregation_eval_hits50_Qwen3_Reranker_0p6B_ov0,2026-07-08,dev,50,233,0.4976672258,
cross_encoder_model_comparison_v1,Qwen_Qwen3_Reranker_0_6B__top3_bm25_fusion_a0p6__qwen_aggregation_eval_hits50_Qwen3_Reranker_0p6B_ov0,2026-07-08,dev,50,273,0.4214008062,
cross_encoder_model_comparison_v1,Qwen_Qwen3_Reranker_0_6B__top3_bm25_fusion_a0p6__qwen_aggregation_eval_hits50_Qwen3_Reranker_0p6B_ov0,2026-07-08,dev,50,300,0.2824980533,
cross_encoder_model_comparison_v1,Qwen_Qwen3_Reranker_0_6B__top3_bm25_fusion_a0p6__qwen_aggregation_eval_hits50_Qwen3_Reranker_0p6B_ov0,2026-07-08,dev,50,407,0.4929128327,
cross_encoder_model_comparison_v1,Qwen_Qwen3_Reranker_0_6B__top3_bm25_fusion_a0p6__qwen_aggregation_eval_hits50_Qwen3_Reranker_0p6B_ov0,2026-07-08,dev,50,477,0.5667632924,
cross_encoder_model_comparison_v1,Qwen_Qwen3_Reranker_0_6B__top3_bm25_fusion_a0p6__qwen_aggregation_eval_hits50_Qwen3_Reranker_0p6B_ov0,2026-07-08,dev,50,499,0.7328615196,
cross_encoder_model_comparison_v1,Qwen_Qwen3_Reranker_0_6B__top3_bm25_fusion_a0p6__qwen_aggregation_eval_hits50_Qwen3_Reranker_0p6B_ov0,2026-07-08,dev,50,515,0.2291771096,
cross_encoder_model_comparison_v1,Qwen_Qwen3_Reranker_0_6B__top3_bm25_fusion_a0p6__qwen_aggregation_eval_hits50_Qwen3_Reranker_0p6B_ov0,2026-07-08,dev,50,707,0.3484519728,
cross_encoder_model_comparison_v1,Qwen_Qwen3_Reranker_0_6B__top3_bm25_fusion_a0p6__qwen_aggregation_eval_hits50_Qwen3_Reranker_0p6B_ov0,2026-07-08,dev,50,897,0.4043580912,
cross_encoder_model_comparison_v1,Qwen_Qwen3_Reranker_0_6B__top3_bm25_fusion_a0p75__qwen_aggregation_eval_hits50_Qwen3_Reranker_0p6B,2026-07-08,dev,50,14,0.4046329806,
cross_encoder_model_comparison_v1,Qwen_Qwen3_Reranker_0_6B__top3_bm25_fusion_a0p75__qwen_aggregation_eval_hits50_Qwen3_Reranker_0p6B,2026-07-08,dev,50,31,0.6710242217,
cross_encoder_model_comparison_v1,Qwen_Qwen3_Reranker_0_6B__top3_bm25_fusion_a0p75__qwen_aggregation_eval_hits50_Qwen3_Reranker_0p6B,2026-07-08,dev,50,37,0.5133201187,
cross_encoder_model_comparison_v1,Qwen_Qwen3_Reranker_0_6B__top3_bm25_fusion_a0p75__qwen_aggregation_eval_hits50_Qwen3_Reranker_0p6B,2026-07-08,dev,50,58,0.5638753770,
cross_encoder_model_comparison_v1,Qwen_Qwen3_Reranker_0_6B__top3_bm25_fusion_a0p75__qwen_aggregation_eval_hits50_Qwen3_Reranker_0p6B,2026-07-08,dev,50,72,0.3864621385,
cross_encoder_model_comparison_v1,Qwen_Qwen3_Reranker_0_6B__top3_bm25_fusion_a0p75__qwen_aggregation_eval_hits50_Qwen3_Reranker_0p6B,2026-07-08,dev,50,84,0.5011430778,
cross_encoder_model_comparison_v1,Qwen_Qwen3_Reranker_0_6B__top3_bm25_fusion_a0p75__qwen_aggregation_eval_hits50_Qwen3_Reranker_0p6B,2026-07-08,dev,50,144,0.2028354094,
cross_encoder_model_comparison_v1,Qwen_Qwen3_Reranker_0_6B__top3_bm25_fusion_a0p75__qwen_aggregation_eval_hits50_Qwen3_Reranker_0p6B,2026-07-08,dev,50,161,0.7306555764,
cross_encoder_model_comparison_v1,Qwen_Qwen3_Reranker_0_6B__top3_bm25_fusion_a0p75__qwen_aggregation_eval_hits50_Qwen3_Reranker_0p6B,2026-07-08,dev,50,200,0.4448309454,
cross_encoder_model_comparison_v1,Qwen_Qwen3_Reranker_0_6B__top3_bm25_fusion_a0p75__qwen_aggregation_eval_hits50_Qwen3_Reranker_0p6B,2026-07-08,dev,50,213,0.2156139342,
cross_encoder_model_comparison_v1,Qwen_Qwen3_Reranker_0_6B__top3_bm25_fusion_a0p75__qwen_aggregation_eval_hits50_Qwen3_Reranker_0p6B,2026-07-08,dev,50,219,0.4649111785,
cross_encoder_model_comparison_v1,Qwen_Qwen3_Reranker_0_6B__top3_bm25_fusion_a0p75__qwen_aggregation_eval_hits50_Qwen3_Reranker_0p6B,2026-07-08,dev,50,224,0.4823778387,
cross_encoder_model_comparison_v1,Qwen_Qwen3_Reranker_0_6B__top3_bm25_fusion_a0p75__qwen_aggregation_eval_hits50_Qwen3_Reranker_0p6B,2026-07-08,dev,50,225,0.1884210483,
cross_encoder_model_comparison_v1,Qwen_Qwen3_Reranker_0_6B__top3_bm25_fusion_a0p75__qwen_aggregation_eval_hits50_Qwen3_Reranker_0p6B,2026-07-08,dev,50,233,0.5095120439,
cross_encoder_model_comparison_v1,Qwen_Qwen3_Reranker_0_6B__top3_bm25_fusion_a0p75__qwen_aggregation_eval_hits50_Qwen3_Reranker_0p6B,2026-07-08,dev,50,273,0.3538040924,
cross_encoder_model_comparison_v1,Qwen_Qwen3_Reranker_0_6B__top3_bm25_fusion_a0p75__qwen_aggregation_eval_hits50_Qwen3_Reranker_0p6B,2026-07-08,dev,50,300,0.3198230913,
cross_encoder_model_comparison_v1,Qwen_Qwen3_Reranker_0_6B__top3_bm25_fusion_a0p75__qwen_aggregation_eval_hits50_Qwen3_Reranker_0p6B,2026-07-08,dev,50,407,0.4044870434,
cross_encoder_model_comparison_v1,Qwen_Qwen3_Reranker_0_6B__top3_bm25_fusion_a0p75__qwen_aggregation_eval_hits50_Qwen3_Reranker_0p6B,2026-07-08,dev,50,477,0.5492535488,
cross_encoder_model_comparison_v1,Qwen_Qwen3_Reranker_0_6B__top3_bm25_fusion_a0p75__qwen_aggregation_eval_hits50_Qwen3_Reranker_0p6B,2026-07-08,dev,50,499,0.7319146425,
cross_encoder_model_comparison_v1,Qwen_Qwen3_Reranker_0_6B__top3_bm25_fusion_a0p75__qwen_aggregation_eval_hits50_Qwen3_Reranker_0p6B,2026-07-08,dev,50,515,0.2165696341,
cross_encoder_model_comparison_v1,Qwen_Qwen3_Reranker_0_6B__top3_bm25_fusion_a0p75__qwen_aggregation_eval_hits50_Qwen3_Reranker_0p6B,2026-07-08,dev,50,707,0.2924078686,
cross_encoder_model_comparison_v1,Qwen_Qwen3_Reranker_0_6B__top3_bm25_fusion_a0p75__qwen_aggregation_eval_hits50_Qwen3_Reranker_0p6B,2026-07-08,dev,50,897,0.3835256433,
cross_encoder_model_comparison_v1,Qwen_Qwen3_Reranker_0_6B__top3_bm25_fusion_a0p75__qwen_aggregation_eval_hits50_Qwen3_Reranker_0p6B_gap2000,2026-07-08,dev,50,14,0.3948418162,
cross_encoder_model_comparison_v1,Qwen_Qwen3_Reranker_0_6B__top3_bm25_fusion_a0p75__qwen_aggregation_eval_hits50_Qwen3_Reranker_0p6B_gap2000,2026-07-08,dev,50,31,0.7522907756,
cross_encoder_model_comparison_v1,Qwen_Qwen3_Reranker_0_6B__top3_bm25_fusion_a0p75__qwen_aggregation_eval_hits50_Qwen3_Reranker_0p6B_gap2000,2026-07-08,dev,50,37,0.4726611711,
cross_encoder_model_comparison_v1,Qwen_Qwen3_Reranker_0_6B__top3_bm25_fusion_a0p75__qwen_aggregation_eval_hits50_Qwen3_Reranker_0p6B_gap2000,2026-07-08,dev,50,58,0.5561591796,
cross_encoder_model_comparison_v1,Qwen_Qwen3_Reranker_0_6B__top3_bm25_fusion_a0p75__qwen_aggregation_eval_hits50_Qwen3_Reranker_0p6B_gap2000,2026-07-08,dev,50,72,0.3885688867,
cross_encoder_model_comparison_v1,Qwen_Qwen3_Reranker_0_6B__top3_bm25_fusion_a0p75__qwen_aggregation_eval_hits50_Qwen3_Reranker_0p6B_gap2000,2026-07-08,dev,50,84,0.4424096652,
cross_encoder_model_comparison_v1,Qwen_Qwen3_Reranker_0_6B__top3_bm25_fusion_a0p75__qwen_aggregation_eval_hits50_Qwen3_Reranker_0p6B_gap2000,2026-07-08,dev,50,144,0.1980938882,
cross_encoder_model_comparison_v1,Qwen_Qwen3_Reranker_0_6B__top3_bm25_fusion_a0p75__qwen_aggregation_eval_hits50_Qwen3_Reranker_0p6B_gap2000,2026-07-08,dev,50,161,0.7607755382,
cross_encoder_model_comparison_v1,Qwen_Qwen3_Reranker_0_6B__top3_bm25_fusion_a0p75__qwen_aggregation_eval_hits50_Qwen3_Reranker_0p6B_gap2000,2026-07-08,dev,50,200,0.5368094085,
cross_encoder_model_comparison_v1,Qwen_Qwen3_Reranker_0_6B__top3_bm25_fusion_a0p75__qwen_aggregation_eval_hits50_Qwen3_Reranker_0p6B_gap2000,2026-07-08,dev,50,213,0.1504426061,
cross_encoder_model_comparison_v1,Qwen_Qwen3_Reranker_0_6B__top3_bm25_fusion_a0p75__qwen_aggregation_eval_hits50_Qwen3_Reranker_0p6B_gap2000,2026-07-08,dev,50,219,0.4649111785,
cross_encoder_model_comparison_v1,Qwen_Qwen3_Reranker_0_6B__top3_bm25_fusion_a0p75__qwen_aggregation_eval_hits50_Qwen3_Reranker_0p6B_gap2000,2026-07-08,dev,50,224,0.5263388353,
cross_encoder_model_comparison_v1,Qwen_Qwen3_Reranker_0_6B__top3_bm25_fusion_a0p75__qwen_aggregation_eval_hits50_Qwen3_Reranker_0p6B_gap2000,2026-07-08,dev,50,225,0.2155939839,
cross_encoder_model_comparison_v1,Qwen_Qwen3_Reranker_0_6B__top3_bm25_fusion_a0p75__qwen_aggregation_eval_hits50_Qwen3_Reranker_0p6B_gap2000,2026-07-08,dev,50,233,0.5871487217,
cross_encoder_model_comparison_v1,Qwen_Qwen3_Reranker_0_6B__top3_bm25_fusion_a0p75__qwen_aggregation_eval_hits50_Qwen3_Reranker_0p6B_gap2000,2026-07-08,dev,50,273,0.3843197775,
cross_encoder_model_comparison_v1,Qwen_Qwen3_Reranker_0_6B__top3_bm25_fusion_a0p75__qwen_aggregation_eval_hits50_Qwen3_Reranker_0p6B_gap2000,2026-07-08,dev,50,300,0.3311780277,
cross_encoder_model_comparison_v1,Qwen_Qwen3_Reranker_0_6B__top3_bm25_fusion_a0p75__qwen_aggregation_eval_hits50_Qwen3_Reranker_0p6B_gap2000,2026-07-08,dev,50,407,0.3987057445,
cross_encoder_model_comparison_v1,Qwen_Qwen3_Reranker_0_6B__top3_bm25_fusion_a0p75__qwen_aggregation_eval_hits50_Qwen3_Reranker_0p6B_gap2000,2026-07-08,dev,50,477,0.6103947987,
cross_encoder_model_comparison_v1,Qwen_Qwen3_Reranker_0_6B__top3_bm25_fusion_a0p75__qwen_aggregation_eval_hits50_Qwen3_Reranker_0p6B_gap2000,2026-07-08,dev,50,499,0.6735658205,
cross_encoder_model_comparison_v1,Qwen_Qwen3_Reranker_0_6B__top3_bm25_fusion_a0p75__qwen_aggregation_eval_hits50_Qwen3_Reranker_0p6B_gap2000,2026-07-08,dev,50,515,0.2468792409,
cross_encoder_model_comparison_v1,Qwen_Qwen3_Reranker_0_6B__top3_bm25_fusion_a0p75__qwen_aggregation_eval_hits50_Qwen3_Reranker_0p6B_gap2000,2026-07-08,dev,50,707,0.2745724449,
cross_encoder_model_comparison_v1,Qwen_Qwen3_Reranker_0_6B__top3_bm25_fusion_a0p75__qwen_aggregation_eval_hits50_Qwen3_Reranker_0p6B_gap2000,2026-07-08,dev,50,897,0.3816117991,
cross_encoder_model_comparison_v1,Qwen_Qwen3_Reranker_0_6B__top3_bm25_fusion_a0p75__qwen_aggregation_eval_hits50_Qwen3_Reranker_0p6B_gap3000,2026-07-08,dev,50,14,0.3948418162,
cross_encoder_model_comparison_v1,Qwen_Qwen3_Reranker_0_6B__top3_bm25_fusion_a0p75__qwen_aggregation_eval_hits50_Qwen3_Reranker_0p6B_gap3000,2026-07-08,dev,50,31,0.7522907756,
cross_encoder_model_comparison_v1,Qwen_Qwen3_Reranker_0_6B__top3_bm25_fusion_a0p75__qwen_aggregation_eval_hits50_Qwen3_Reranker_0p6B_gap3000,2026-07-08,dev,50,37,0.4726611711,
cross_encoder_model_comparison_v1,Qwen_Qwen3_Reranker_0_6B__top3_bm25_fusion_a0p75__qwen_aggregation_eval_hits50_Qwen3_Reranker_0p6B_gap3000,2026-07-08,dev,50,58,0.5561591796,
cross_encoder_model_comparison_v1,Qwen_Qwen3_Reranker_0_6B__top3_bm25_fusion_a0p75__qwen_aggregation_eval_hits50_Qwen3_Reranker_0p6B_gap3000,2026-07-08,dev,50,72,0.3885688867,
cross_encoder_model_comparison_v1,Qwen_Qwen3_Reranker_0_6B__top3_bm25_fusion_a0p75__qwen_aggregation_eval_hits50_Qwen3_Reranker_0p6B_gap3000,2026-07-08,dev,50,84,0.4424096652,
cross_encoder_model_comparison_v1,Qwen_Qwen3_Reranker_0_6B__top3_bm25_fusion_a0p75__qwen_aggregation_eval_hits50_Qwen3_Reranker_0p6B_gap3000,2026-07-08,dev,50,144,0.1980938882,
cross_encoder_model_comparison_v1,Qwen_Qwen3_Reranker_0_6B__top3_bm25_fusion_a0p75__qwen_aggregation_eval_hits50_Qwen3_Reranker_0p6B_gap3000,2026-07-08,dev,50,161,0.7607755382,
cross_encoder_model_comparison_v1,Qwen_Qwen3_Reranker_0_6B__top3_bm25_fusion_a0p75__qwen_aggregation_eval_hits50_Qwen3_Reranker_0p6B_gap3000,2026-07-08,dev,50,200,0.5368094085,
cross_encoder_model_comparison_v1,Qwen_Qwen3_Reranker_0_6B__top3_bm25_fusion_a0p75__qwen_aggregation_eval_hits50_Qwen3_Reranker_0p6B_gap3000,2026-07-08,dev,50,213,0.1504426061,
cross_encoder_model_comparison_v1,Qwen_Qwen3_Reranker_0_6B__top3_bm25_fusion_a0p75__qwen_aggregation_eval_hits50_Qwen3_Reranker_0p6B_gap3000,2026-07-08,dev,50,219,0.4649111785,
cross_encoder_model_comparison_v1,Qwen_Qwen3_Reranker_0_6B__top3_bm25_fusion_a0p75__qwen_aggregation_eval_hits50_Qwen3_Reranker_0p6B_gap3000,2026-07-08,dev,50,224,0.5263388353,
cross_encoder_model_comparison_v1,Qwen_Qwen3_Reranker_0_6B__top3_bm25_fusion_a0p75__qwen_aggregation_eval_hits50_Qwen3_Reranker_0p6B_gap3000,2026-07-08,dev,50,225,0.2155939839,
cross_encoder_model_comparison_v1,Qwen_Qwen3_Reranker_0_6B__top3_bm25_fusion_a0p75__qwen_aggregation_eval_hits50_Qwen3_Reranker_0p6B_gap3000,2026-07-08,dev,50,233,0.5871487217,
cross_encoder_model_comparison_v1,Qwen_Qwen3_Reranker_0_6B__top3_bm25_fusion_a0p75__qwen_aggregation_eval_hits50_Qwen3_Reranker_0p6B_gap3000,2026-07-08,dev,50,273,0.3843197775,
cross_encoder_model_comparison_v1,Qwen_Qwen3_Reranker_0_6B__top3_bm25_fusion_a0p75__qwen_aggregation_eval_hits50_Qwen3_Reranker_0p6B_gap3000,2026-07-08,dev,50,300,0.3311780277,
cross_encoder_model_comparison_v1,Qwen_Qwen3_Reranker_0_6B__top3_bm25_fusion_a0p75__qwen_aggregation_eval_hits50_Qwen3_Reranker_0p6B_gap3000,2026-07-08,dev,50,407,0.3987057445,
cross_encoder_model_comparison_v1,Qwen_Qwen3_Reranker_0_6B__top3_bm25_fusion_a0p75__qwen_aggregation_eval_hits50_Qwen3_Reranker_0p6B_gap3000,2026-07-08,dev,50,477,0.6103947987,
cross_encoder_model_comparison_v1,Qwen_Qwen3_Reranker_0_6B__top3_bm25_fusion_a0p75__qwen_aggregation_eval_hits50_Qwen3_Reranker_0p6B_gap3000,2026-07-08,dev,50,499,0.6735658205,
cross_encoder_model_comparison_v1,Qwen_Qwen3_Reranker_0_6B__top3_bm25_fusion_a0p75__qwen_aggregation_eval_hits50_Qwen3_Reranker_0p6B_gap3000,2026-07-08,dev,50,515,0.2468792409,
cross_encoder_model_comparison_v1,Qwen_Qwen3_Reranker_0_6B__top3_bm25_fusion_a0p75__qwen_aggregation_eval_hits50_Qwen3_Reranker_0p6B_gap3000,2026-07-08,dev,50,707,0.2745724449,
cross_encoder_model_comparison_v1,Qwen_Qwen3_Reranker_0_6B__top3_bm25_fusion_a0p75__qwen_aggregation_eval_hits50_Qwen3_Reranker_0p6B_gap3000,2026-07-08,dev,50,897,0.3816117991,
cross_encoder_model_comparison_v1,Qwen_Qwen3_Reranker_0_6B__top3_bm25_fusion_a0p75__qwen_aggregation_eval_hits50_Qwen3_Reranker_0p6B_ov0,2026-07-08,dev,50,14,0.4779934223,
cross_encoder_model_comparison_v1,Qwen_Qwen3_Reranker_0_6B__top3_bm25_fusion_a0p75__qwen_aggregation_eval_hits50_Qwen3_Reranker_0p6B_ov0,2026-07-08,dev,50,31,0.7970369581,
cross_encoder_model_comparison_v1,Qwen_Qwen3_Reranker_0_6B__top3_bm25_fusion_a0p75__qwen_aggregation_eval_hits50_Qwen3_Reranker_0p6B_ov0,2026-07-08,dev,50,37,0.5144699802,
cross_encoder_model_comparison_v1,Qwen_Qwen3_Reranker_0_6B__top3_bm25_fusion_a0p75__qwen_aggregation_eval_hits50_Qwen3_Reranker_0p6B_ov0,2026-07-08,dev,50,58,0.5515108326,
cross_encoder_model_comparison_v1,Qwen_Qwen3_Reranker_0_6B__top3_bm25_fusion_a0p75__qwen_aggregation_eval_hits50_Qwen3_Reranker_0p6B_ov0,2026-07-08,dev,50,72,0.3864621385,
cross_encoder_model_comparison_v1,Qwen_Qwen3_Reranker_0_6B__top3_bm25_fusion_a0p75__qwen_aggregation_eval_hits50_Qwen3_Reranker_0p6B_ov0,2026-07-08,dev,50,84,0.4841775343,
cross_encoder_model_comparison_v1,Qwen_Qwen3_Reranker_0_6B__top3_bm25_fusion_a0p75__qwen_aggregation_eval_hits50_Qwen3_Reranker_0p6B_ov0,2026-07-08,dev,50,144,0.1979206529,
cross_encoder_model_comparison_v1,Qwen_Qwen3_Reranker_0_6B__top3_bm25_fusion_a0p75__qwen_aggregation_eval_hits50_Qwen3_Reranker_0p6B_ov0,2026-07-08,dev,50,161,0.6889146996,
cross_encoder_model_comparison_v1,Qwen_Qwen3_Reranker_0_6B__top3_bm25_fusion_a0p75__qwen_aggregation_eval_hits50_Qwen3_Reranker_0p6B_ov0,2026-07-08,dev,50,200,0.4454663451,
cross_encoder_model_comparison_v1,Qwen_Qwen3_Reranker_0_6B__top3_bm25_fusion_a0p75__qwen_aggregation_eval_hits50_Qwen3_Reranker_0p6B_ov0,2026-07-08,dev,50,213,0.1476628154,
cross_encoder_model_comparison_v1,Qwen_Qwen3_Reranker_0_6B__top3_bm25_fusion_a0p75__qwen_aggregation_eval_hits50_Qwen3_Reranker_0p6B_ov0,2026-07-08,dev,50,219,0.2985746820,
cross_encoder_model_comparison_v1,Qwen_Qwen3_Reranker_0_6B__top3_bm25_fusion_a0p75__qwen_aggregation_eval_hits50_Qwen3_Reranker_0p6B_ov0,2026-07-08,dev,50,224,0.5152191000,
cross_encoder_model_comparison_v1,Qwen_Qwen3_Reranker_0_6B__top3_bm25_fusion_a0p75__qwen_aggregation_eval_hits50_Qwen3_Reranker_0p6B_ov0,2026-07-08,dev,50,225,0.2128278182,
cross_encoder_model_comparison_v1,Qwen_Qwen3_Reranker_0_6B__top3_bm25_fusion_a0p75__qwen_aggregation_eval_hits50_Qwen3_Reranker_0p6B_ov0,2026-07-08,dev,50,233,0.5688914463,
cross_encoder_model_comparison_v1,Qwen_Qwen3_Reranker_0_6B__top3_bm25_fusion_a0p75__qwen_aggregation_eval_hits50_Qwen3_Reranker_0p6B_ov0,2026-07-08,dev,50,273,0.3641203688,
cross_encoder_model_comparison_v1,Qwen_Qwen3_Reranker_0_6B__top3_bm25_fusion_a0p75__qwen_aggregation_eval_hits50_Qwen3_Reranker_0p6B_ov0,2026-07-08,dev,50,300,0.2974182286,
cross_encoder_model_comparison_v1,Qwen_Qwen3_Reranker_0_6B__top3_bm25_fusion_a0p75__qwen_aggregation_eval_hits50_Qwen3_Reranker_0p6B_ov0,2026-07-08,dev,50,407,0.4935780500,
cross_encoder_model_comparison_v1,Qwen_Qwen3_Reranker_0_6B__top3_bm25_fusion_a0p75__qwen_aggregation_eval_hits50_Qwen3_Reranker_0p6B_ov0,2026-07-08,dev,50,477,0.5255042523,
cross_encoder_model_comparison_v1,Qwen_Qwen3_Reranker_0_6B__top3_bm25_fusion_a0p75__qwen_aggregation_eval_hits50_Qwen3_Reranker_0p6B_ov0,2026-07-08,dev,50,499,0.7298078943,
cross_encoder_model_comparison_v1,Qwen_Qwen3_Reranker_0_6B__top3_bm25_fusion_a0p75__qwen_aggregation_eval_hits50_Qwen3_Reranker_0p6B_ov0,2026-07-08,dev,50,515,0.2044632733,
cross_encoder_model_comparison_v1,Qwen_Qwen3_Reranker_0_6B__top3_bm25_fusion_a0p75__qwen_aggregation_eval_hits50_Qwen3_Reranker_0p6B_ov0,2026-07-08,dev,50,707,0.3927319257,
cross_encoder_model_comparison_v1,Qwen_Qwen3_Reranker_0_6B__top3_bm25_fusion_a0p75__qwen_aggregation_eval_hits50_Qwen3_Reranker_0p6B_ov0,2026-07-08,dev,50,897,0.3987422701,
cross_encoder_model_comparison_v1,Qwen_Qwen3_Reranker_0_6B__top3_bm25_fusion_a0p85__qwen_aggregation_eval_hits50_Qwen3_Reranker_0p6B,2026-07-08,dev,50,14,0.4396663083,
cross_encoder_model_comparison_v1,Qwen_Qwen3_Reranker_0_6B__top3_bm25_fusion_a0p85__qwen_aggregation_eval_hits50_Qwen3_Reranker_0p6B,2026-07-08,dev,50,31,0.6406216849,
cross_encoder_model_comparison_v1,Qwen_Qwen3_Reranker_0_6B__top3_bm25_fusion_a0p85__qwen_aggregation_eval_hits50_Qwen3_Reranker_0p6B,2026-07-08,dev,50,37,0.4646162419,
cross_encoder_model_comparison_v1,Qwen_Qwen3_Reranker_0_6B__top3_bm25_fusion_a0p85__qwen_aggregation_eval_hits50_Qwen3_Reranker_0p6B,2026-07-08,dev,50,58,0.5274181721,
cross_encoder_model_comparison_v1,Qwen_Qwen3_Reranker_0_6B__top3_bm25_fusion_a0p85__qwen_aggregation_eval_hits50_Qwen3_Reranker_0p6B,2026-07-08,dev,50,72,0.4394655172,
cross_encoder_model_comparison_v1,Qwen_Qwen3_Reranker_0_6B__top3_bm25_fusion_a0p85__qwen_aggregation_eval_hits50_Qwen3_Reranker_0p6B,2026-07-08,dev,50,84,0.5469566679,
cross_encoder_model_comparison_v1,Qwen_Qwen3_Reranker_0_6B__top3_bm25_fusion_a0p85__qwen_aggregation_eval_hits50_Qwen3_Reranker_0p6B,2026-07-08,dev,50,144,0.2031865341,
cross_encoder_model_comparison_v1,Qwen_Qwen3_Reranker_0_6B__top3_bm25_fusion_a0p85__qwen_aggregation_eval_hits50_Qwen3_Reranker_0p6B,2026-07-08,dev,50,161,0.6602603284,
cross_encoder_model_comparison_v1,Qwen_Qwen3_Reranker_0_6B__top3_bm25_fusion_a0p85__qwen_aggregation_eval_hits50_Qwen3_Reranker_0p6B,2026-07-08,dev,50,200,0.4638613214,
cross_encoder_model_comparison_v1,Qwen_Qwen3_Reranker_0_6B__top3_bm25_fusion_a0p85__qwen_aggregation_eval_hits50_Qwen3_Reranker_0p6B,2026-07-08,dev,50,213,0.1553720988,
cross_encoder_model_comparison_v1,Qwen_Qwen3_Reranker_0_6B__top3_bm25_fusion_a0p85__qwen_aggregation_eval_hits50_Qwen3_Reranker_0p6B,2026-07-08,dev,50,219,0.4572131809,
cross_encoder_model_comparison_v1,Qwen_Qwen3_Reranker_0_6B__top3_bm25_fusion_a0p85__qwen_aggregation_eval_hits50_Qwen3_Reranker_0p6B,2026-07-08,dev,50,224,0.4861696780,
cross_encoder_model_comparison_v1,Qwen_Qwen3_Reranker_0_6B__top3_bm25_fusion_a0p85__qwen_aggregation_eval_hits50_Qwen3_Reranker_0p6B,2026-07-08,dev,50,225,0.2182956312,
cross_encoder_model_comparison_v1,Qwen_Qwen3_Reranker_0_6B__top3_bm25_fusion_a0p85__qwen_aggregation_eval_hits50_Qwen3_Reranker_0p6B,2026-07-08,dev,50,233,0.5095120439,
cross_encoder_model_comparison_v1,Qwen_Qwen3_Reranker_0_6B__top3_bm25_fusion_a0p85__qwen_aggregation_eval_hits50_Qwen3_Reranker_0p6B,2026-07-08,dev,50,273,0.3453414245,
cross_encoder_model_comparison_v1,Qwen_Qwen3_Reranker_0_6B__top3_bm25_fusion_a0p85__qwen_aggregation_eval_hits50_Qwen3_Reranker_0p6B,2026-07-08,dev,50,300,0.4673349738,
cross_encoder_model_comparison_v1,Qwen_Qwen3_Reranker_0_6B__top3_bm25_fusion_a0p85__qwen_aggregation_eval_hits50_Qwen3_Reranker_0p6B,2026-07-08,dev,50,407,0.5185316235,
cross_encoder_model_comparison_v1,Qwen_Qwen3_Reranker_0_6B__top3_bm25_fusion_a0p85__qwen_aggregation_eval_hits50_Qwen3_Reranker_0p6B,2026-07-08,dev,50,477,0.6201512293,
cross_encoder_model_comparison_v1,Qwen_Qwen3_Reranker_0_6B__top3_bm25_fusion_a0p85__qwen_aggregation_eval_hits50_Qwen3_Reranker_0p6B,2026-07-08,dev,50,499,0.7702417565,
cross_encoder_model_comparison_v1,Qwen_Qwen3_Reranker_0_6B__top3_bm25_fusion_a0p85__qwen_aggregation_eval_hits50_Qwen3_Reranker_0p6B,2026-07-08,dev,50,515,0.2165696341,
cross_encoder_model_comparison_v1,Qwen_Qwen3_Reranker_0_6B__top3_bm25_fusion_a0p85__qwen_aggregation_eval_hits50_Qwen3_Reranker_0p6B,2026-07-08,dev,50,707,0.2988820459,
cross_encoder_model_comparison_v1,Qwen_Qwen3_Reranker_0_6B__top3_bm25_fusion_a0p85__qwen_aggregation_eval_hits50_Qwen3_Reranker_0p6B,2026-07-08,dev,50,897,0.3627116902,
cross_encoder_model_comparison_v1,Qwen_Qwen3_Reranker_0_6B__top3_bm25_fusion_a0p85__qwen_aggregation_eval_hits50_Qwen3_Reranker_0p6B_gap2000,2026-07-08,dev,50,14,0.4139098861,
cross_encoder_model_comparison_v1,Qwen_Qwen3_Reranker_0_6B__top3_bm25_fusion_a0p85__qwen_aggregation_eval_hits50_Qwen3_Reranker_0p6B_gap2000,2026-07-08,dev,50,31,0.7157983090,
cross_encoder_model_comparison_v1,Qwen_Qwen3_Reranker_0_6B__top3_bm25_fusion_a0p85__qwen_aggregation_eval_hits50_Qwen3_Reranker_0p6B_gap2000,2026-07-08,dev,50,37,0.4165682025,
cross_encoder_model_comparison_v1,Qwen_Qwen3_Reranker_0_6B__top3_bm25_fusion_a0p85__qwen_aggregation_eval_hits50_Qwen3_Reranker_0p6B_gap2000,2026-07-08,dev,50,58,0.4882814389,
cross_encoder_model_comparison_v1,Qwen_Qwen3_Reranker_0_6B__top3_bm25_fusion_a0p85__qwen_aggregation_eval_hits50_Qwen3_Reranker_0p6B_gap2000,2026-07-08,dev,50,72,0.4394655172,
cross_encoder_model_comparison_v1,Qwen_Qwen3_Reranker_0_6B__top3_bm25_fusion_a0p85__qwen_aggregation_eval_hits50_Qwen3_Reranker_0p6B_gap2000,2026-07-08,dev,50,84,0.4388124126,
cross_encoder_model_comparison_v1,Qwen_Qwen3_Reranker_0_6B__top3_bm25_fusion_a0p85__qwen_aggregation_eval_hits50_Qwen3_Reranker_0p6B_gap2000,2026-07-08,dev,50,144,0.1951246441,
cross_encoder_model_comparison_v1,Qwen_Qwen3_Reranker_0_6B__top3_bm25_fusion_a0p85__qwen_aggregation_eval_hits50_Qwen3_Reranker_0p6B_gap2000,2026-07-08,dev,50,161,0.7013961359,
cross_encoder_model_comparison_v1,Qwen_Qwen3_Reranker_0_6B__top3_bm25_fusion_a0p85__qwen_aggregation_eval_hits50_Qwen3_Reranker_0p6B_gap2000,2026-07-08,dev,50,200,0.5761840673,
cross_encoder_model_comparison_v1,Qwen_Qwen3_Reranker_0_6B__top3_bm25_fusion_a0p85__qwen_aggregation_eval_hits50_Qwen3_Reranker_0p6B_gap2000,2026-07-08,dev,50,213,0.1491735567,
cross_encoder_model_comparison_v1,Qwen_Qwen3_Reranker_0_6B__top3_bm25_fusion_a0p85__qwen_aggregation_eval_hits50_Qwen3_Reranker_0p6B_gap2000,2026-07-08,dev,50,219,0.3622016876,
cross_encoder_model_comparison_v1,Qwen_Qwen3_Reranker_0_6B__top3_bm25_fusion_a0p85__qwen_aggregation_eval_hits50_Qwen3_Reranker_0p6B_gap2000,2026-07-08,dev,50,224,0.5249436446,
cross_encoder_model_comparison_v1,Qwen_Qwen3_Reranker_0_6B__top3_bm25_fusion_a0p85__qwen_aggregation_eval_hits50_Qwen3_Reranker_0p6B_gap2000,2026-07-08,dev,50,225,0.2155939839,
cross_encoder_model_comparison_v1,Qwen_Qwen3_Reranker_0_6B__top3_bm25_fusion_a0p85__qwen_aggregation_eval_hits50_Qwen3_Reranker_0p6B_gap2000,2026-07-08,dev,50,233,0.5205956818,
cross_encoder_model_comparison_v1,Qwen_Qwen3_Reranker_0_6B__top3_bm25_fusion_a0p85__qwen_aggregation_eval_hits50_Qwen3_Reranker_0p6B_gap2000,2026-07-08,dev,50,273,0.3518280486,
cross_encoder_model_comparison_v1,Qwen_Qwen3_Reranker_0_6B__top3_bm25_fusion_a0p85__qwen_aggregation_eval_hits50_Qwen3_Reranker_0p6B_gap2000,2026-07-08,dev,50,300,0.4328465875,
cross_encoder_model_comparison_v1,Qwen_Qwen3_Reranker_0_6B__top3_bm25_fusion_a0p85__qwen_aggregation_eval_hits50_Qwen3_Reranker_0p6B_gap2000,2026-07-08,dev,50,407,0.5127503246,
cross_encoder_model_comparison_v1,Qwen_Qwen3_Reranker_0_6B__top3_bm25_fusion_a0p85__qwen_aggregation_eval_hits50_Qwen3_Reranker_0p6B_gap2000,2026-07-08,dev,50,477,0.5363997173,
cross_encoder_model_comparison_v1,Qwen_Qwen3_Reranker_0_6B__top3_bm25_fusion_a0p85__qwen_aggregation_eval_hits50_Qwen3_Reranker_0p6B_gap2000,2026-07-08,dev,50,499,0.5817646870,
cross_encoder_model_comparison_v1,Qwen_Qwen3_Reranker_0_6B__top3_bm25_fusion_a0p85__qwen_aggregation_eval_hits50_Qwen3_Reranker_0p6B_gap2000,2026-07-08,dev,50,515,0.2338148973,
cross_encoder_model_comparison_v1,Qwen_Qwen3_Reranker_0_6B__top3_bm25_fusion_a0p85__qwen_aggregation_eval_hits50_Qwen3_Reranker_0p6B_gap2000,2026-07-08,dev,50,707,0.3113992531,
cross_encoder_model_comparison_v1,Qwen_Qwen3_Reranker_0_6B__top3_bm25_fusion_a0p85__qwen_aggregation_eval_hits50_Qwen3_Reranker_0p6B_gap2000,2026-07-08,dev,50,897,0.3404092045,
cross_encoder_model_comparison_v1,Qwen_Qwen3_Reranker_0_6B__top3_bm25_fusion_a0p85__qwen_aggregation_eval_hits50_Qwen3_Reranker_0p6B_gap3000,2026-07-08,dev,50,14,0.4139098861,
cross_encoder_model_comparison_v1,Qwen_Qwen3_Reranker_0_6B__top3_bm25_fusion_a0p85__qwen_aggregation_eval_hits50_Qwen3_Reranker_0p6B_gap3000,2026-07-08,dev,50,31,0.7157983090,
cross_encoder_model_comparison_v1,Qwen_Qwen3_Reranker_0_6B__top3_bm25_fusion_a0p85__qwen_aggregation_eval_hits50_Qwen3_Reranker_0p6B_gap3000,2026-07-08,dev,50,37,0.4165682025,
cross_encoder_model_comparison_v1,Qwen_Qwen3_Reranker_0_6B__top3_bm25_fusion_a0p85__qwen_aggregation_eval_hits50_Qwen3_Reranker_0p6B_gap3000,2026-07-08,dev,50,58,0.4882814389,
cross_encoder_model_comparison_v1,Qwen_Qwen3_Reranker_0_6B__top3_bm25_fusion_a0p85__qwen_aggregation_eval_hits50_Qwen3_Reranker_0p6B_gap3000,2026-07-08,dev,50,72,0.4394655172,
cross_encoder_model_comparison_v1,Qwen_Qwen3_Reranker_0_6B__top3_bm25_fusion_a0p85__qwen_aggregation_eval_hits50_Qwen3_Reranker_0p6B_gap3000,2026-07-08,dev,50,84,0.4388124126,
cross_encoder_model_comparison_v1,Qwen_Qwen3_Reranker_0_6B__top3_bm25_fusion_a0p85__qwen_aggregation_eval_hits50_Qwen3_Reranker_0p6B_gap3000,2026-07-08,dev,50,144,0.1951246441,
cross_encoder_model_comparison_v1,Qwen_Qwen3_Reranker_0_6B__top3_bm25_fusion_a0p85__qwen_aggregation_eval_hits50_Qwen3_Reranker_0p6B_gap3000,2026-07-08,dev,50,161,0.7013961359,
cross_encoder_model_comparison_v1,Qwen_Qwen3_Reranker_0_6B__top3_bm25_fusion_a0p85__qwen_aggregation_eval_hits50_Qwen3_Reranker_0p6B_gap3000,2026-07-08,dev,50,200,0.5761840673,
cross_encoder_model_comparison_v1,Qwen_Qwen3_Reranker_0_6B__top3_bm25_fusion_a0p85__qwen_aggregation_eval_hits50_Qwen3_Reranker_0p6B_gap3000,2026-07-08,dev,50,213,0.1491735567,
cross_encoder_model_comparison_v1,Qwen_Qwen3_Reranker_0_6B__top3_bm25_fusion_a0p85__qwen_aggregation_eval_hits50_Qwen3_Reranker_0p6B_gap3000,2026-07-08,dev,50,219,0.3622016876,
cross_encoder_model_comparison_v1,Qwen_Qwen3_Reranker_0_6B__top3_bm25_fusion_a0p85__qwen_aggregation_eval_hits50_Qwen3_Reranker_0p6B_gap3000,2026-07-08,dev,50,224,0.5249436446,
cross_encoder_model_comparison_v1,Qwen_Qwen3_Reranker_0_6B__top3_bm25_fusion_a0p85__qwen_aggregation_eval_hits50_Qwen3_Reranker_0p6B_gap3000,2026-07-08,dev,50,225,0.2155939839,
cross_encoder_model_comparison_v1,Qwen_Qwen3_Reranker_0_6B__top3_bm25_fusion_a0p85__qwen_aggregation_eval_hits50_Qwen3_Reranker_0p6B_gap3000,2026-07-08,dev,50,233,0.5205956818,
cross_encoder_model_comparison_v1,Qwen_Qwen3_Reranker_0_6B__top3_bm25_fusion_a0p85__qwen_aggregation_eval_hits50_Qwen3_Reranker_0p6B_gap3000,2026-07-08,dev,50,273,0.3518280486,
cross_encoder_model_comparison_v1,Qwen_Qwen3_Reranker_0_6B__top3_bm25_fusion_a0p85__qwen_aggregation_eval_hits50_Qwen3_Reranker_0p6B_gap3000,2026-07-08,dev,50,300,0.4328465875,
cross_encoder_model_comparison_v1,Qwen_Qwen3_Reranker_0_6B__top3_bm25_fusion_a0p85__qwen_aggregation_eval_hits50_Qwen3_Reranker_0p6B_gap3000,2026-07-08,dev,50,407,0.5127503246,
cross_encoder_model_comparison_v1,Qwen_Qwen3_Reranker_0_6B__top3_bm25_fusion_a0p85__qwen_aggregation_eval_hits50_Qwen3_Reranker_0p6B_gap3000,2026-07-08,dev,50,477,0.5363997173,
cross_encoder_model_comparison_v1,Qwen_Qwen3_Reranker_0_6B__top3_bm25_fusion_a0p85__qwen_aggregation_eval_hits50_Qwen3_Reranker_0p6B_gap3000,2026-07-08,dev,50,499,0.5817646870,
cross_encoder_model_comparison_v1,Qwen_Qwen3_Reranker_0_6B__top3_bm25_fusion_a0p85__qwen_aggregation_eval_hits50_Qwen3_Reranker_0p6B_gap3000,2026-07-08,dev,50,515,0.2338148973,
cross_encoder_model_comparison_v1,Qwen_Qwen3_Reranker_0_6B__top3_bm25_fusion_a0p85__qwen_aggregation_eval_hits50_Qwen3_Reranker_0p6B_gap3000,2026-07-08,dev,50,707,0.3113992531,
cross_encoder_model_comparison_v1,Qwen_Qwen3_Reranker_0_6B__top3_bm25_fusion_a0p85__qwen_aggregation_eval_hits50_Qwen3_Reranker_0p6B_gap3000,2026-07-08,dev,50,897,0.3404092045,
cross_encoder_model_comparison_v1,Qwen_Qwen3_Reranker_0_6B__top3_bm25_fusion_a0p85__qwen_aggregation_eval_hits50_Qwen3_Reranker_0p6B_ov0,2026-07-08,dev,50,14,0.4550184835,
cross_encoder_model_comparison_v1,Qwen_Qwen3_Reranker_0_6B__top3_bm25_fusion_a0p85__qwen_aggregation_eval_hits50_Qwen3_Reranker_0p6B_ov0,2026-07-08,dev,50,31,0.7139996827,
cross_encoder_model_comparison_v1,Qwen_Qwen3_Reranker_0_6B__top3_bm25_fusion_a0p85__qwen_aggregation_eval_hits50_Qwen3_Reranker_0p6B_ov0,2026-07-08,dev,50,37,0.4605006034,
cross_encoder_model_comparison_v1,Qwen_Qwen3_Reranker_0_6B__top3_bm25_fusion_a0p85__qwen_aggregation_eval_hits50_Qwen3_Reranker_0p6B_ov0,2026-07-08,dev,50,58,0.4703873159,
cross_encoder_model_comparison_v1,Qwen_Qwen3_Reranker_0_6B__top3_bm25_fusion_a0p85__qwen_aggregation_eval_hits50_Qwen3_Reranker_0p6B_ov0,2026-07-08,dev,50,72,0.4394655172,
cross_encoder_model_comparison_v1,Qwen_Qwen3_Reranker_0_6B__top3_bm25_fusion_a0p85__qwen_aggregation_eval_hits50_Qwen3_Reranker_0p6B_ov0,2026-07-08,dev,50,84,0.5456141754,
cross_encoder_model_comparison_v1,Qwen_Qwen3_Reranker_0_6B__top3_bm25_fusion_a0p85__qwen_aggregation_eval_hits50_Qwen3_Reranker_0p6B_ov0,2026-07-08,dev,50,144,0.1972494066,
cross_encoder_model_comparison_v1,Qwen_Qwen3_Reranker_0_6B__top3_bm25_fusion_a0p85__qwen_aggregation_eval_hits50_Qwen3_Reranker_0p6B_ov0,2026-07-08,dev,50,161,0.7467245199,
cross_encoder_model_comparison_v1,Qwen_Qwen3_Reranker_0_6B__top3_bm25_fusion_a0p85__qwen_aggregation_eval_hits50_Qwen3_Reranker_0p6B_ov0,2026-07-08,dev,50,200,0.4638613214,
cross_encoder_model_comparison_v1,Qwen_Qwen3_Reranker_0_6B__top3_bm25_fusion_a0p85__qwen_aggregation_eval_hits50_Qwen3_Reranker_0p6B_ov0,2026-07-08,dev,50,213,0.1461146025,
cross_encoder_model_comparison_v1,Qwen_Qwen3_Reranker_0_6B__top3_bm25_fusion_a0p85__qwen_aggregation_eval_hits50_Qwen3_Reranker_0p6B_ov0,2026-07-08,dev,50,219,0.2908584846,
cross_encoder_model_comparison_v1,Qwen_Qwen3_Reranker_0_6B__top3_bm25_fusion_a0p85__qwen_aggregation_eval_hits50_Qwen3_Reranker_0p6B_ov0,2026-07-08,dev,50,224,0.5206510763,
cross_encoder_model_comparison_v1,Qwen_Qwen3_Reranker_0_6B__top3_bm25_fusion_a0p85__qwen_aggregation_eval_hits50_Qwen3_Reranker_0p6B_ov0,2026-07-08,dev,50,225,0.2352524691,
cross_encoder_model_comparison_v1,Qwen_Qwen3_Reranker_0_6B__top3_bm25_fusion_a0p85__qwen_aggregation_eval_hits50_Qwen3_Reranker_0p6B_ov0,2026-07-08,dev,50,233,0.5265368548,
cross_encoder_model_comparison_v1,Qwen_Qwen3_Reranker_0_6B__top3_bm25_fusion_a0p85__qwen_aggregation_eval_hits50_Qwen3_Reranker_0p6B_ov0,2026-07-08,dev,50,273,0.3340726292,
cross_encoder_model_comparison_v1,Qwen_Qwen3_Reranker_0_6B__top3_bm25_fusion_a0p85__qwen_aggregation_eval_hits50_Qwen3_Reranker_0p6B_ov0,2026-07-08,dev,50,300,0.2836930130,
cross_encoder_model_comparison_v1,Qwen_Qwen3_Reranker_0_6B__top3_bm25_fusion_a0p85__qwen_aggregation_eval_hits50_Qwen3_Reranker_0p6B_ov0,2026-07-08,dev,50,407,0.4908549084,
cross_encoder_model_comparison_v1,Qwen_Qwen3_Reranker_0_6B__top3_bm25_fusion_a0p85__qwen_aggregation_eval_hits50_Qwen3_Reranker_0p6B_ov0,2026-07-08,dev,50,477,0.5289683626,
cross_encoder_model_comparison_v1,Qwen_Qwen3_Reranker_0_6B__top3_bm25_fusion_a0p85__qwen_aggregation_eval_hits50_Qwen3_Reranker_0p6B_ov0,2026-07-08,dev,50,499,0.7702417565,
cross_encoder_model_comparison_v1,Qwen_Qwen3_Reranker_0_6B__top3_bm25_fusion_a0p85__qwen_aggregation_eval_hits50_Qwen3_Reranker_0p6B_ov0,2026-07-08,dev,50,515,0.2150071022,
cross_encoder_model_comparison_v1,Qwen_Qwen3_Reranker_0_6B__top3_bm25_fusion_a0p85__qwen_aggregation_eval_hits50_Qwen3_Reranker_0p6B_ov0,2026-07-08,dev,50,707,0.4088940087,
cross_encoder_model_comparison_v1,Qwen_Qwen3_Reranker_0_6B__top3_bm25_fusion_a0p85__qwen_aggregation_eval_hits50_Qwen3_Reranker_0p6B_ov0,2026-07-08,dev,50,897,0.3574305889,
cross_encoder_model_comparison_v1,Qwen_Qwen3_Reranker_0_6B__top3_weighted__qwen_aggregation_eval_hits20_Qwen3_Reranker_0p6B,2026-07-08,dev,20,14,0.4468771320,
cross_encoder_model_comparison_v1,Qwen_Qwen3_Reranker_0_6B__top3_weighted__qwen_aggregation_eval_hits20_Qwen3_Reranker_0p6B,2026-07-08,dev,20,31,0.6699672537,
cross_encoder_model_comparison_v1,Qwen_Qwen3_Reranker_0_6B__top3_weighted__qwen_aggregation_eval_hits20_Qwen3_Reranker_0p6B,2026-07-08,dev,20,37,0.5037847277,
cross_encoder_model_comparison_v1,Qwen_Qwen3_Reranker_0_6B__top3_weighted__qwen_aggregation_eval_hits20_Qwen3_Reranker_0p6B,2026-07-08,dev,20,58,0.5840025616,
cross_encoder_model_comparison_v1,Qwen_Qwen3_Reranker_0_6B__top3_weighted__qwen_aggregation_eval_hits20_Qwen3_Reranker_0p6B,2026-07-08,dev,20,72,0.7963486934,
cross_encoder_model_comparison_v1,Qwen_Qwen3_Reranker_0_6B__top3_weighted__qwen_aggregation_eval_hits20_Qwen3_Reranker_0p6B,2026-07-08,dev,20,84,0.4505975314,
cross_encoder_model_comparison_v1,Qwen_Qwen3_Reranker_0_6B__top3_weighted__qwen_aggregation_eval_hits20_Qwen3_Reranker_0p6B,2026-07-08,dev,20,144,0.1612229336,
cross_encoder_model_comparison_v1,Qwen_Qwen3_Reranker_0_6B__top3_weighted__qwen_aggregation_eval_hits20_Qwen3_Reranker_0p6B,2026-07-08,dev,20,161,0.5216780774,
cross_encoder_model_comparison_v1,Qwen_Qwen3_Reranker_0_6B__top3_weighted__qwen_aggregation_eval_hits20_Qwen3_Reranker_0p6B,2026-07-08,dev,20,200,0.3702355097,
cross_encoder_model_comparison_v1,Qwen_Qwen3_Reranker_0_6B__top3_weighted__qwen_aggregation_eval_hits20_Qwen3_Reranker_0p6B,2026-07-08,dev,20,213,0.1885866358,
cross_encoder_model_comparison_v1,Qwen_Qwen3_Reranker_0_6B__top3_weighted__qwen_aggregation_eval_hits20_Qwen3_Reranker_0p6B,2026-07-08,dev,20,219,0.4582704557,
cross_encoder_model_comparison_v1,Qwen_Qwen3_Reranker_0_6B__top3_weighted__qwen_aggregation_eval_hits20_Qwen3_Reranker_0p6B,2026-07-08,dev,20,224,0.5545879911,
cross_encoder_model_comparison_v1,Qwen_Qwen3_Reranker_0_6B__top3_weighted__qwen_aggregation_eval_hits20_Qwen3_Reranker_0p6B,2026-07-08,dev,20,225,0.2574230563,
cross_encoder_model_comparison_v1,Qwen_Qwen3_Reranker_0_6B__top3_weighted__qwen_aggregation_eval_hits20_Qwen3_Reranker_0p6B,2026-07-08,dev,20,233,0.5592374533,
cross_encoder_model_comparison_v1,Qwen_Qwen3_Reranker_0_6B__top3_weighted__qwen_aggregation_eval_hits20_Qwen3_Reranker_0p6B,2026-07-08,dev,20,273,0.3400603779,
cross_encoder_model_comparison_v1,Qwen_Qwen3_Reranker_0_6B__top3_weighted__qwen_aggregation_eval_hits20_Qwen3_Reranker_0p6B,2026-07-08,dev,20,300,0.4401489082,
cross_encoder_model_comparison_v1,Qwen_Qwen3_Reranker_0_6B__top3_weighted__qwen_aggregation_eval_hits20_Qwen3_Reranker_0p6B,2026-07-08,dev,20,407,0.4273431664,
cross_encoder_model_comparison_v1,Qwen_Qwen3_Reranker_0_6B__top3_weighted__qwen_aggregation_eval_hits20_Qwen3_Reranker_0p6B,2026-07-08,dev,20,477,0.4929615671,
cross_encoder_model_comparison_v1,Qwen_Qwen3_Reranker_0_6B__top3_weighted__qwen_aggregation_eval_hits20_Qwen3_Reranker_0p6B,2026-07-08,dev,20,499,0.7028870238,
cross_encoder_model_comparison_v1,Qwen_Qwen3_Reranker_0_6B__top3_weighted__qwen_aggregation_eval_hits20_Qwen3_Reranker_0p6B,2026-07-08,dev,20,515,0.1690966004,
cross_encoder_model_comparison_v1,Qwen_Qwen3_Reranker_0_6B__top3_weighted__qwen_aggregation_eval_hits20_Qwen3_Reranker_0p6B,2026-07-08,dev,20,707,0.3706717508,
cross_encoder_model_comparison_v1,Qwen_Qwen3_Reranker_0_6B__top3_weighted__qwen_aggregation_eval_hits20_Qwen3_Reranker_0p6B,2026-07-08,dev,20,897,0.4506236347,
cross_encoder_model_comparison_v1,Qwen_Qwen3_Reranker_0_6B__top3_weighted__qwen_aggregation_eval_hits50_Qwen3_Reranker_0p6B,2026-07-08,dev,50,14,0.4435085164,
cross_encoder_model_comparison_v1,Qwen_Qwen3_Reranker_0_6B__top3_weighted__qwen_aggregation_eval_hits50_Qwen3_Reranker_0p6B,2026-07-08,dev,50,31,0.5762491438,
cross_encoder_model_comparison_v1,Qwen_Qwen3_Reranker_0_6B__top3_weighted__qwen_aggregation_eval_hits50_Qwen3_Reranker_0p6B,2026-07-08,dev,50,37,0.4360271725,
cross_encoder_model_comparison_v1,Qwen_Qwen3_Reranker_0_6B__top3_weighted__qwen_aggregation_eval_hits50_Qwen3_Reranker_0p6B,2026-07-08,dev,50,58,0.5583457126,
cross_encoder_model_comparison_v1,Qwen_Qwen3_Reranker_0_6B__top3_weighted__qwen_aggregation_eval_hits50_Qwen3_Reranker_0p6B,2026-07-08,dev,50,72,0.8193410688,
cross_encoder_model_comparison_v1,Qwen_Qwen3_Reranker_0_6B__top3_weighted__qwen_aggregation_eval_hits50_Qwen3_Reranker_0p6B,2026-07-08,dev,50,84,0.6097512562,
cross_encoder_model_comparison_v1,Qwen_Qwen3_Reranker_0_6B__top3_weighted__qwen_aggregation_eval_hits50_Qwen3_Reranker_0p6B,2026-07-08,dev,50,144,0.2017628610,
cross_encoder_model_comparison_v1,Qwen_Qwen3_Reranker_0_6B__top3_weighted__qwen_aggregation_eval_hits50_Qwen3_Reranker_0p6B,2026-07-08,dev,50,161,0.6537234940,
cross_encoder_model_comparison_v1,Qwen_Qwen3_Reranker_0_6B__top3_weighted__qwen_aggregation_eval_hits50_Qwen3_Reranker_0p6B,2026-07-08,dev,50,200,0.4929068893,
cross_encoder_model_comparison_v1,Qwen_Qwen3_Reranker_0_6B__top3_weighted__qwen_aggregation_eval_hits50_Qwen3_Reranker_0p6B,2026-07-08,dev,50,213,0.1988309209,
cross_encoder_model_comparison_v1,Qwen_Qwen3_Reranker_0_6B__top3_weighted__qwen_aggregation_eval_hits50_Qwen3_Reranker_0p6B,2026-07-08,dev,50,219,0.3552369425,
cross_encoder_model_comparison_v1,Qwen_Qwen3_Reranker_0_6B__top3_weighted__qwen_aggregation_eval_hits50_Qwen3_Reranker_0p6B,2026-07-08,dev,50,224,0.5187011535,
cross_encoder_model_comparison_v1,Qwen_Qwen3_Reranker_0_6B__top3_weighted__qwen_aggregation_eval_hits50_Qwen3_Reranker_0p6B,2026-07-08,dev,50,225,0.3211995403,
cross_encoder_model_comparison_v1,Qwen_Qwen3_Reranker_0_6B__top3_weighted__qwen_aggregation_eval_hits50_Qwen3_Reranker_0p6B,2026-07-08,dev,50,233,0.4615948438,
cross_encoder_model_comparison_v1,Qwen_Qwen3_Reranker_0_6B__top3_weighted__qwen_aggregation_eval_hits50_Qwen3_Reranker_0p6B,2026-07-08,dev,50,273,0.3588652338,
cross_encoder_model_comparison_v1,Qwen_Qwen3_Reranker_0_6B__top3_weighted__qwen_aggregation_eval_hits50_Qwen3_Reranker_0p6B,2026-07-08,dev,50,300,0.4789681734,
cross_encoder_model_comparison_v1,Qwen_Qwen3_Reranker_0_6B__top3_weighted__qwen_aggregation_eval_hits50_Qwen3_Reranker_0p6B,2026-07-08,dev,50,407,0.4882476225,
cross_encoder_model_comparison_v1,Qwen_Qwen3_Reranker_0_6B__top3_weighted__qwen_aggregation_eval_hits50_Qwen3_Reranker_0p6B,2026-07-08,dev,50,477,0.6294316151,
cross_encoder_model_comparison_v1,Qwen_Qwen3_Reranker_0_6B__top3_weighted__qwen_aggregation_eval_hits50_Qwen3_Reranker_0p6B,2026-07-08,dev,50,499,0.6505951476,
cross_encoder_model_comparison_v1,Qwen_Qwen3_Reranker_0_6B__top3_weighted__qwen_aggregation_eval_hits50_Qwen3_Reranker_0p6B,2026-07-08,dev,50,515,0.1690966004,
cross_encoder_model_comparison_v1,Qwen_Qwen3_Reranker_0_6B__top3_weighted__qwen_aggregation_eval_hits50_Qwen3_Reranker_0p6B,2026-07-08,dev,50,707,0.3374816628,
cross_encoder_model_comparison_v1,Qwen_Qwen3_Reranker_0_6B__top3_weighted__qwen_aggregation_eval_hits50_Qwen3_Reranker_0p6B,2026-07-08,dev,50,897,0.3229136428,
cross_encoder_model_comparison_v1,Qwen_Qwen3_Reranker_0_6B__top3_weighted__qwen_aggregation_eval_hits50_Qwen3_Reranker_0p6B_gap2000,2026-07-08,dev,50,14,0.4124240073,
cross_encoder_model_comparison_v1,Qwen_Qwen3_Reranker_0_6B__top3_weighted__qwen_aggregation_eval_hits50_Qwen3_Reranker_0p6B_gap2000,2026-07-08,dev,50,31,0.6603614922,
cross_encoder_model_comparison_v1,Qwen_Qwen3_Reranker_0_6B__top3_weighted__qwen_aggregation_eval_hits50_Qwen3_Reranker_0p6B_gap2000,2026-07-08,dev,50,37,0.4566342567,
cross_encoder_model_comparison_v1,Qwen_Qwen3_Reranker_0_6B__top3_weighted__qwen_aggregation_eval_hits50_Qwen3_Reranker_0p6B_gap2000,2026-07-08,dev,50,58,0.4694648043,
cross_encoder_model_comparison_v1,Qwen_Qwen3_Reranker_0_6B__top3_weighted__qwen_aggregation_eval_hits50_Qwen3_Reranker_0p6B_gap2000,2026-07-08,dev,50,72,0.9078691961,
cross_encoder_model_comparison_v1,Qwen_Qwen3_Reranker_0_6B__top3_weighted__qwen_aggregation_eval_hits50_Qwen3_Reranker_0p6B_gap2000,2026-07-08,dev,50,84,0.5044953719,
cross_encoder_model_comparison_v1,Qwen_Qwen3_Reranker_0_6B__top3_weighted__qwen_aggregation_eval_hits50_Qwen3_Reranker_0p6B_gap2000,2026-07-08,dev,50,144,0.1951246441,
cross_encoder_model_comparison_v1,Qwen_Qwen3_Reranker_0_6B__top3_weighted__qwen_aggregation_eval_hits50_Qwen3_Reranker_0p6B_gap2000,2026-07-08,dev,50,161,0.6460072966,
cross_encoder_model_comparison_v1,Qwen_Qwen3_Reranker_0_6B__top3_weighted__qwen_aggregation_eval_hits50_Qwen3_Reranker_0p6B_gap2000,2026-07-08,dev,50,200,0.5687538698,
cross_encoder_model_comparison_v1,Qwen_Qwen3_Reranker_0_6B__top3_weighted__qwen_aggregation_eval_hits50_Qwen3_Reranker_0p6B_gap2000,2026-07-08,dev,50,213,0.1417362431,
cross_encoder_model_comparison_v1,Qwen_Qwen3_Reranker_0_6B__top3_weighted__qwen_aggregation_eval_hits50_Qwen3_Reranker_0p6B_gap2000,2026-07-08,dev,50,219,0.3422976749,
cross_encoder_model_comparison_v1,Qwen_Qwen3_Reranker_0_6B__top3_weighted__qwen_aggregation_eval_hits50_Qwen3_Reranker_0p6B_gap2000,2026-07-08,dev,50,224,0.5741458759,
cross_encoder_model_comparison_v1,Qwen_Qwen3_Reranker_0_6B__top3_weighted__qwen_aggregation_eval_hits50_Qwen3_Reranker_0p6B_gap2000,2026-07-08,dev,50,225,0.3191518346,
cross_encoder_model_comparison_v1,Qwen_Qwen3_Reranker_0_6B__top3_weighted__qwen_aggregation_eval_hits50_Qwen3_Reranker_0p6B_gap2000,2026-07-08,dev,50,233,0.4103443705,
cross_encoder_model_comparison_v1,Qwen_Qwen3_Reranker_0_6B__top3_weighted__qwen_aggregation_eval_hits50_Qwen3_Reranker_0p6B_gap2000,2026-07-08,dev,50,273,0.3415264804,
cross_encoder_model_comparison_v1,Qwen_Qwen3_Reranker_0_6B__top3_weighted__qwen_aggregation_eval_hits50_Qwen3_Reranker_0p6B_gap2000,2026-07-08,dev,50,300,0.4959337169,
cross_encoder_model_comparison_v1,Qwen_Qwen3_Reranker_0_6B__top3_weighted__qwen_aggregation_eval_hits50_Qwen3_Reranker_0p6B_gap2000,2026-07-08,dev,50,407,0.4788566395,
cross_encoder_model_comparison_v1,Qwen_Qwen3_Reranker_0_6B__top3_weighted__qwen_aggregation_eval_hits50_Qwen3_Reranker_0p6B_gap2000,2026-07-08,dev,50,477,0.5860070022,
cross_encoder_model_comparison_v1,Qwen_Qwen3_Reranker_0_6B__top3_weighted__qwen_aggregation_eval_hits50_Qwen3_Reranker_0p6B_gap2000,2026-07-08,dev,50,499,0.5668277655,
cross_encoder_model_comparison_v1,Qwen_Qwen3_Reranker_0_6B__top3_weighted__qwen_aggregation_eval_hits50_Qwen3_Reranker_0p6B_gap2000,2026-07-08,dev,50,515,0.1535311403,
cross_encoder_model_comparison_v1,Qwen_Qwen3_Reranker_0_6B__top3_weighted__qwen_aggregation_eval_hits50_Qwen3_Reranker_0p6B_gap2000,2026-07-08,dev,50,707,0.3219018029,
cross_encoder_model_comparison_v1,Qwen_Qwen3_Reranker_0_6B__top3_weighted__qwen_aggregation_eval_hits50_Qwen3_Reranker_0p6B_gap2000,2026-07-08,dev,50,897,0.3266111477,
cross_encoder_model_comparison_v1,Qwen_Qwen3_Reranker_0_6B__top3_weighted__qwen_aggregation_eval_hits50_Qwen3_Reranker_0p6B_gap3000,2026-07-08,dev,50,14,0.4124240073,
cross_encoder_model_comparison_v1,Qwen_Qwen3_Reranker_0_6B__top3_weighted__qwen_aggregation_eval_hits50_Qwen3_Reranker_0p6B_gap3000,2026-07-08,dev,50,31,0.6603614922,
cross_encoder_model_comparison_v1,Qwen_Qwen3_Reranker_0_6B__top3_weighted__qwen_aggregation_eval_hits50_Qwen3_Reranker_0p6B_gap3000,2026-07-08,dev,50,37,0.4566342567,
cross_encoder_model_comparison_v1,Qwen_Qwen3_Reranker_0_6B__top3_weighted__qwen_aggregation_eval_hits50_Qwen3_Reranker_0p6B_gap3000,2026-07-08,dev,50,58,0.4694648043,
cross_encoder_model_comparison_v1,Qwen_Qwen3_Reranker_0_6B__top3_weighted__qwen_aggregation_eval_hits50_Qwen3_Reranker_0p6B_gap3000,2026-07-08,dev,50,72,0.9078691961,
cross_encoder_model_comparison_v1,Qwen_Qwen3_Reranker_0_6B__top3_weighted__qwen_aggregation_eval_hits50_Qwen3_Reranker_0p6B_gap3000,2026-07-08,dev,50,84,0.5044953719,
cross_encoder_model_comparison_v1,Qwen_Qwen3_Reranker_0_6B__top3_weighted__qwen_aggregation_eval_hits50_Qwen3_Reranker_0p6B_gap3000,2026-07-08,dev,50,144,0.1951246441,
cross_encoder_model_comparison_v1,Qwen_Qwen3_Reranker_0_6B__top3_weighted__qwen_aggregation_eval_hits50_Qwen3_Reranker_0p6B_gap3000,2026-07-08,dev,50,161,0.6460072966,
cross_encoder_model_comparison_v1,Qwen_Qwen3_Reranker_0_6B__top3_weighted__qwen_aggregation_eval_hits50_Qwen3_Reranker_0p6B_gap3000,2026-07-08,dev,50,200,0.5687538698,
cross_encoder_model_comparison_v1,Qwen_Qwen3_Reranker_0_6B__top3_weighted__qwen_aggregation_eval_hits50_Qwen3_Reranker_0p6B_gap3000,2026-07-08,dev,50,213,0.1417362431,
cross_encoder_model_comparison_v1,Qwen_Qwen3_Reranker_0_6B__top3_weighted__qwen_aggregation_eval_hits50_Qwen3_Reranker_0p6B_gap3000,2026-07-08,dev,50,219,0.3422976749,
cross_encoder_model_comparison_v1,Qwen_Qwen3_Reranker_0_6B__top3_weighted__qwen_aggregation_eval_hits50_Qwen3_Reranker_0p6B_gap3000,2026-07-08,dev,50,224,0.5741458759,
cross_encoder_model_comparison_v1,Qwen_Qwen3_Reranker_0_6B__top3_weighted__qwen_aggregation_eval_hits50_Qwen3_Reranker_0p6B_gap3000,2026-07-08,dev,50,225,0.3191518346,
cross_encoder_model_comparison_v1,Qwen_Qwen3_Reranker_0_6B__top3_weighted__qwen_aggregation_eval_hits50_Qwen3_Reranker_0p6B_gap3000,2026-07-08,dev,50,233,0.4103443705,
cross_encoder_model_comparison_v1,Qwen_Qwen3_Reranker_0_6B__top3_weighted__qwen_aggregation_eval_hits50_Qwen3_Reranker_0p6B_gap3000,2026-07-08,dev,50,273,0.3415264804,
cross_encoder_model_comparison_v1,Qwen_Qwen3_Reranker_0_6B__top3_weighted__qwen_aggregation_eval_hits50_Qwen3_Reranker_0p6B_gap3000,2026-07-08,dev,50,300,0.4959337169,
cross_encoder_model_comparison_v1,Qwen_Qwen3_Reranker_0_6B__top3_weighted__qwen_aggregation_eval_hits50_Qwen3_Reranker_0p6B_gap3000,2026-07-08,dev,50,407,0.4788566395,
cross_encoder_model_comparison_v1,Qwen_Qwen3_Reranker_0_6B__top3_weighted__qwen_aggregation_eval_hits50_Qwen3_Reranker_0p6B_gap3000,2026-07-08,dev,50,477,0.5860070022,
cross_encoder_model_comparison_v1,Qwen_Qwen3_Reranker_0_6B__top3_weighted__qwen_aggregation_eval_hits50_Qwen3_Reranker_0p6B_gap3000,2026-07-08,dev,50,499,0.5668277655,
cross_encoder_model_comparison_v1,Qwen_Qwen3_Reranker_0_6B__top3_weighted__qwen_aggregation_eval_hits50_Qwen3_Reranker_0p6B_gap3000,2026-07-08,dev,50,515,0.1535311403,
cross_encoder_model_comparison_v1,Qwen_Qwen3_Reranker_0_6B__top3_weighted__qwen_aggregation_eval_hits50_Qwen3_Reranker_0p6B_gap3000,2026-07-08,dev,50,707,0.3219018029,
cross_encoder_model_comparison_v1,Qwen_Qwen3_Reranker_0_6B__top3_weighted__qwen_aggregation_eval_hits50_Qwen3_Reranker_0p6B_gap3000,2026-07-08,dev,50,897,0.3266111477,
cross_encoder_model_comparison_v1,Qwen_Qwen3_Reranker_0_6B__top3_weighted__qwen_aggregation_eval_hits50_Qwen3_Reranker_0p6B_ov0,2026-07-08,dev,50,14,0.4883132201,
cross_encoder_model_comparison_v1,Qwen_Qwen3_Reranker_0_6B__top3_weighted__qwen_aggregation_eval_hits50_Qwen3_Reranker_0p6B_ov0,2026-07-08,dev,50,31,0.6987959760,
cross_encoder_model_comparison_v1,Qwen_Qwen3_Reranker_0_6B__top3_weighted__qwen_aggregation_eval_hits50_Qwen3_Reranker_0p6B_ov0,2026-07-08,dev,50,37,0.4447417025,
cross_encoder_model_comparison_v1,Qwen_Qwen3_Reranker_0_6B__top3_weighted__qwen_aggregation_eval_hits50_Qwen3_Reranker_0p6B_ov0,2026-07-08,dev,50,58,0.5614918728,
cross_encoder_model_comparison_v1,Qwen_Qwen3_Reranker_0_6B__top3_weighted__qwen_aggregation_eval_hits50_Qwen3_Reranker_0p6B_ov0,2026-07-08,dev,50,72,0.7994339803,
cross_encoder_model_comparison_v1,Qwen_Qwen3_Reranker_0_6B__top3_weighted__qwen_aggregation_eval_hits50_Qwen3_Reranker_0p6B_ov0,2026-07-08,dev,50,84,0.6399969605,
cross_encoder_model_comparison_v1,Qwen_Qwen3_Reranker_0_6B__top3_weighted__qwen_aggregation_eval_hits50_Qwen3_Reranker_0p6B_ov0,2026-07-08,dev,50,144,0.1972494066,
cross_encoder_model_comparison_v1,Qwen_Qwen3_Reranker_0_6B__top3_weighted__qwen_aggregation_eval_hits50_Qwen3_Reranker_0p6B_ov0,2026-07-08,dev,50,161,0.7079404933,
cross_encoder_model_comparison_v1,Qwen_Qwen3_Reranker_0_6B__top3_weighted__qwen_aggregation_eval_hits50_Qwen3_Reranker_0p6B_ov0,2026-07-08,dev,50,200,0.4929068893,
cross_encoder_model_comparison_v1,Qwen_Qwen3_Reranker_0_6B__top3_weighted__qwen_aggregation_eval_hits50_Qwen3_Reranker_0p6B_ov0,2026-07-08,dev,50,213,0.1294074823,
cross_encoder_model_comparison_v1,Qwen_Qwen3_Reranker_0_6B__top3_weighted__qwen_aggregation_eval_hits50_Qwen3_Reranker_0p6B_ov0,2026-07-08,dev,50,219,0.3235875617,
cross_encoder_model_comparison_v1,Qwen_Qwen3_Reranker_0_6B__top3_weighted__qwen_aggregation_eval_hits50_Qwen3_Reranker_0p6B_ov0,2026-07-08,dev,50,224,0.5602792304,
cross_encoder_model_comparison_v1,Qwen_Qwen3_Reranker_0_6B__top3_weighted__qwen_aggregation_eval_hits50_Qwen3_Reranker_0p6B_ov0,2026-07-08,dev,50,225,0.3271590903,
cross_encoder_model_comparison_v1,Qwen_Qwen3_Reranker_0_6B__top3_weighted__qwen_aggregation_eval_hits50_Qwen3_Reranker_0p6B_ov0,2026-07-08,dev,50,233,0.3719686040,
cross_encoder_model_comparison_v1,Qwen_Qwen3_Reranker_0_6B__top3_weighted__qwen_aggregation_eval_hits50_Qwen3_Reranker_0p6B_ov0,2026-07-08,dev,50,273,0.3378392804,
cross_encoder_model_comparison_v1,Qwen_Qwen3_Reranker_0_6B__top3_weighted__qwen_aggregation_eval_hits50_Qwen3_Reranker_0p6B_ov0,2026-07-08,dev,50,300,0.4692529370,
cross_encoder_model_comparison_v1,Qwen_Qwen3_Reranker_0_6B__top3_weighted__qwen_aggregation_eval_hits50_Qwen3_Reranker_0p6B_ov0,2026-07-08,dev,50,407,0.4582182205,
cross_encoder_model_comparison_v1,Qwen_Qwen3_Reranker_0_6B__top3_weighted__qwen_aggregation_eval_hits50_Qwen3_Reranker_0p6B_ov0,2026-07-08,dev,50,477,0.6751374599,
cross_encoder_model_comparison_v1,Qwen_Qwen3_Reranker_0_6B__top3_weighted__qwen_aggregation_eval_hits50_Qwen3_Reranker_0p6B_ov0,2026-07-08,dev,50,499,0.6286630897,
cross_encoder_model_comparison_v1,Qwen_Qwen3_Reranker_0_6B__top3_weighted__qwen_aggregation_eval_hits50_Qwen3_Reranker_0p6B_ov0,2026-07-08,dev,50,515,0.1538602280,
cross_encoder_model_comparison_v1,Qwen_Qwen3_Reranker_0_6B__top3_weighted__qwen_aggregation_eval_hits50_Qwen3_Reranker_0p6B_ov0,2026-07-08,dev,50,707,0.4209177878,
cross_encoder_model_comparison_v1,Qwen_Qwen3_Reranker_0_6B__top3_weighted__qwen_aggregation_eval_hits50_Qwen3_Reranker_0p6B_ov0,2026-07-08,dev,50,897,0.3424859421,
cross_encoder_model_comparison_v1,Qwen_Qwen3_Reranker_0_6B__top4_weighted__qwen_aggregation_eval_hits20_Qwen3_Reranker_0p6B,2026-07-08,dev,20,14,0.4468771320,
cross_encoder_model_comparison_v1,Qwen_Qwen3_Reranker_0_6B__top4_weighted__qwen_aggregation_eval_hits20_Qwen3_Reranker_0p6B,2026-07-08,dev,20,31,0.6674269691,
cross_encoder_model_comparison_v1,Qwen_Qwen3_Reranker_0_6B__top4_weighted__qwen_aggregation_eval_hits20_Qwen3_Reranker_0p6B,2026-07-08,dev,20,37,0.5064697128,
cross_encoder_model_comparison_v1,Qwen_Qwen3_Reranker_0_6B__top4_weighted__qwen_aggregation_eval_hits20_Qwen3_Reranker_0p6B,2026-07-08,dev,20,58,0.5861093098,
cross_encoder_model_comparison_v1,Qwen_Qwen3_Reranker_0_6B__top4_weighted__qwen_aggregation_eval_hits20_Qwen3_Reranker_0p6B,2026-07-08,dev,20,72,0.8048314652,
cross_encoder_model_comparison_v1,Qwen_Qwen3_Reranker_0_6B__top4_weighted__qwen_aggregation_eval_hits20_Qwen3_Reranker_0p6B,2026-07-08,dev,20,84,0.4448793055,
cross_encoder_model_comparison_v1,Qwen_Qwen3_Reranker_0_6B__top4_weighted__qwen_aggregation_eval_hits20_Qwen3_Reranker_0p6B,2026-07-08,dev,20,144,0.1612229336,
cross_encoder_model_comparison_v1,Qwen_Qwen3_Reranker_0_6B__top4_weighted__qwen_aggregation_eval_hits20_Qwen3_Reranker_0p6B,2026-07-08,dev,20,161,0.5216780774,
cross_encoder_model_comparison_v1,Qwen_Qwen3_Reranker_0_6B__top4_weighted__qwen_aggregation_eval_hits20_Qwen3_Reranker_0p6B,2026-07-08,dev,20,200,0.3702355097,
cross_encoder_model_comparison_v1,Qwen_Qwen3_Reranker_0_6B__top4_weighted__qwen_aggregation_eval_hits20_Qwen3_Reranker_0p6B,2026-07-08,dev,20,213,0.2013107934,
cross_encoder_model_comparison_v1,Qwen_Qwen3_Reranker_0_6B__top4_weighted__qwen_aggregation_eval_hits20_Qwen3_Reranker_0p6B,2026-07-08,dev,20,219,0.4582704557,
cross_encoder_model_comparison_v1,Qwen_Qwen3_Reranker_0_6B__top4_weighted__qwen_aggregation_eval_hits20_Qwen3_Reranker_0p6B,2026-07-08,dev,20,224,0.5545879911,
cross_encoder_model_comparison_v1,Qwen_Qwen3_Reranker_0_6B__top4_weighted__qwen_aggregation_eval_hits20_Qwen3_Reranker_0p6B,2026-07-08,dev,20,225,0.2570198180,
cross_encoder_model_comparison_v1,Qwen_Qwen3_Reranker_0_6B__top4_weighted__qwen_aggregation_eval_hits20_Qwen3_Reranker_0p6B,2026-07-08,dev,20,233,0.5490010150,
cross_encoder_model_comparison_v1,Qwen_Qwen3_Reranker_0_6B__top4_weighted__qwen_aggregation_eval_hits20_Qwen3_Reranker_0p6B,2026-07-08,dev,20,273,0.2965880832,
cross_encoder_model_comparison_v1,Qwen_Qwen3_Reranker_0_6B__top4_weighted__qwen_aggregation_eval_hits20_Qwen3_Reranker_0p6B,2026-07-08,dev,20,300,0.4388781088,
cross_encoder_model_comparison_v1,Qwen_Qwen3_Reranker_0_6B__top4_weighted__qwen_aggregation_eval_hits20_Qwen3_Reranker_0p6B,2026-07-08,dev,20,407,0.4269669613,
cross_encoder_model_comparison_v1,Qwen_Qwen3_Reranker_0_6B__top4_weighted__qwen_aggregation_eval_hits20_Qwen3_Reranker_0p6B,2026-07-08,dev,20,477,0.5254532960,
cross_encoder_model_comparison_v1,Qwen_Qwen3_Reranker_0_6B__top4_weighted__qwen_aggregation_eval_hits20_Qwen3_Reranker_0p6B,2026-07-08,dev,20,499,0.7159827920,
cross_encoder_model_comparison_v1,Qwen_Qwen3_Reranker_0_6B__top4_weighted__qwen_aggregation_eval_hits20_Qwen3_Reranker_0p6B,2026-07-08,dev,20,515,0.1823086250,
cross_encoder_model_comparison_v1,Qwen_Qwen3_Reranker_0_6B__top4_weighted__qwen_aggregation_eval_hits20_Qwen3_Reranker_0p6B,2026-07-08,dev,20,707,0.3686217447,
cross_encoder_model_comparison_v1,Qwen_Qwen3_Reranker_0_6B__top4_weighted__qwen_aggregation_eval_hits20_Qwen3_Reranker_0p6B,2026-07-08,dev,20,897,0.4506236347,
cross_encoder_model_comparison_v1,Qwen_Qwen3_Reranker_0_6B__top4_weighted__qwen_aggregation_eval_hits50_Qwen3_Reranker_0p6B,2026-07-08,dev,50,14,0.4381126375,
cross_encoder_model_comparison_v1,Qwen_Qwen3_Reranker_0_6B__top4_weighted__qwen_aggregation_eval_hits50_Qwen3_Reranker_0p6B,2026-07-08,dev,50,31,0.6016703545,
cross_encoder_model_comparison_v1,Qwen_Qwen3_Reranker_0_6B__top4_weighted__qwen_aggregation_eval_hits50_Qwen3_Reranker_0p6B,2026-07-08,dev,50,37,0.5011641539,
cross_encoder_model_comparison_v1,Qwen_Qwen3_Reranker_0_6B__top4_weighted__qwen_aggregation_eval_hits50_Qwen3_Reranker_0p6B,2026-07-08,dev,50,58,0.5635986210,
cross_encoder_model_comparison_v1,Qwen_Qwen3_Reranker_0_6B__top4_weighted__qwen_aggregation_eval_hits50_Qwen3_Reranker_0p6B,2026-07-08,dev,50,72,0.8179365700,
cross_encoder_model_comparison_v1,Qwen_Qwen3_Reranker_0_6B__top4_weighted__qwen_aggregation_eval_hits50_Qwen3_Reranker_0p6B,2026-07-08,dev,50,84,0.5167817383,
cross_encoder_model_comparison_v1,Qwen_Qwen3_Reranker_0_6B__top4_weighted__qwen_aggregation_eval_hits50_Qwen3_Reranker_0p6B,2026-07-08,dev,50,144,0.2022872210,
cross_encoder_model_comparison_v1,Qwen_Qwen3_Reranker_0_6B__top4_weighted__qwen_aggregation_eval_hits50_Qwen3_Reranker_0p6B,2026-07-08,dev,50,161,0.6537234940,
cross_encoder_model_comparison_v1,Qwen_Qwen3_Reranker_0_6B__top4_weighted__qwen_aggregation_eval_hits50_Qwen3_Reranker_0p6B,2026-07-08,dev,50,200,0.4929068893,
cross_encoder_model_comparison_v1,Qwen_Qwen3_Reranker_0_6B__top4_weighted__qwen_aggregation_eval_hits50_Qwen3_Reranker_0p6B,2026-07-08,dev,50,213,0.1988309209,
cross_encoder_model_comparison_v1,Qwen_Qwen3_Reranker_0_6B__top4_weighted__qwen_aggregation_eval_hits50_Qwen3_Reranker_0p6B,2026-07-08,dev,50,219,0.3416264286,
cross_encoder_model_comparison_v1,Qwen_Qwen3_Reranker_0_6B__top4_weighted__qwen_aggregation_eval_hits50_Qwen3_Reranker_0p6B,2026-07-08,dev,50,224,0.5254453527,
cross_encoder_model_comparison_v1,Qwen_Qwen3_Reranker_0_6B__top4_weighted__qwen_aggregation_eval_hits50_Qwen3_Reranker_0p6B,2026-07-08,dev,50,225,0.3106943242,
cross_encoder_model_comparison_v1,Qwen_Qwen3_Reranker_0_6B__top4_weighted__qwen_aggregation_eval_hits50_Qwen3_Reranker_0p6B,2026-07-08,dev,50,233,0.4133661394,
cross_encoder_model_comparison_v1,Qwen_Qwen3_Reranker_0_6B__top4_weighted__qwen_aggregation_eval_hits50_Qwen3_Reranker_0p6B,2026-07-08,dev,50,273,0.3431627453,
cross_encoder_model_comparison_v1,Qwen_Qwen3_Reranker_0_6B__top4_weighted__qwen_aggregation_eval_hits50_Qwen3_Reranker_0p6B,2026-07-08,dev,50,300,0.4789681734,
cross_encoder_model_comparison_v1,Qwen_Qwen3_Reranker_0_6B__top4_weighted__qwen_aggregation_eval_hits50_Qwen3_Reranker_0p6B,2026-07-08,dev,50,407,0.4337155183,
cross_encoder_model_comparison_v1,Qwen_Qwen3_Reranker_0_6B__top4_weighted__qwen_aggregation_eval_hits50_Qwen3_Reranker_0p6B,2026-07-08,dev,50,477,0.5807063936,
cross_encoder_model_comparison_v1,Qwen_Qwen3_Reranker_0_6B__top4_weighted__qwen_aggregation_eval_hits50_Qwen3_Reranker_0p6B,2026-07-08,dev,50,499,0.6250615666,
cross_encoder_model_comparison_v1,Qwen_Qwen3_Reranker_0_6B__top4_weighted__qwen_aggregation_eval_hits50_Qwen3_Reranker_0p6B,2026-07-08,dev,50,515,0.1709506154,
cross_encoder_model_comparison_v1,Qwen_Qwen3_Reranker_0_6B__top4_weighted__qwen_aggregation_eval_hits50_Qwen3_Reranker_0p6B,2026-07-08,dev,50,707,0.3379392414,
cross_encoder_model_comparison_v1,Qwen_Qwen3_Reranker_0_6B__top4_weighted__qwen_aggregation_eval_hits50_Qwen3_Reranker_0p6B,2026-07-08,dev,50,897,0.3229983421,
cross_encoder_model_comparison_v1,Qwen_Qwen3_Reranker_0_6B__top4_weighted__qwen_aggregation_eval_hits50_Qwen3_Reranker_0p6B_gap2000,2026-07-08,dev,50,14,0.4067362484,
cross_encoder_model_comparison_v1,Qwen_Qwen3_Reranker_0_6B__top4_weighted__qwen_aggregation_eval_hits50_Qwen3_Reranker_0p6B_gap2000,2026-07-08,dev,50,31,0.6603614922,
cross_encoder_model_comparison_v1,Qwen_Qwen3_Reranker_0_6B__top4_weighted__qwen_aggregation_eval_hits50_Qwen3_Reranker_0p6B_gap2000,2026-07-08,dev,50,37,0.5084504992,
cross_encoder_model_comparison_v1,Qwen_Qwen3_Reranker_0_6B__top4_weighted__qwen_aggregation_eval_hits50_Qwen3_Reranker_0p6B_gap2000,2026-07-08,dev,50,58,0.4694648043,
cross_encoder_model_comparison_v1,Qwen_Qwen3_Reranker_0_6B__top4_weighted__qwen_aggregation_eval_hits50_Qwen3_Reranker_0p6B_gap2000,2026-07-08,dev,50,72,0.9051842111,
cross_encoder_model_comparison_v1,Qwen_Qwen3_Reranker_0_6B__top4_weighted__qwen_aggregation_eval_hits50_Qwen3_Reranker_0p6B_gap2000,2026-07-08,dev,50,84,0.4718809240,
cross_encoder_model_comparison_v1,Qwen_Qwen3_Reranker_0_6B__top4_weighted__qwen_aggregation_eval_hits50_Qwen3_Reranker_0p6B_gap2000,2026-07-08,dev,50,144,0.1951246441,
cross_encoder_model_comparison_v1,Qwen_Qwen3_Reranker_0_6B__top4_weighted__qwen_aggregation_eval_hits50_Qwen3_Reranker_0p6B_gap2000,2026-07-08,dev,50,161,0.6406114177,
cross_encoder_model_comparison_v1,Qwen_Qwen3_Reranker_0_6B__top4_weighted__qwen_aggregation_eval_hits50_Qwen3_Reranker_0p6B_gap2000,2026-07-08,dev,50,200,0.5918071183,
cross_encoder_model_comparison_v1,Qwen_Qwen3_Reranker_0_6B__top4_weighted__qwen_aggregation_eval_hits50_Qwen3_Reranker_0p6B_gap2000,2026-07-08,dev,50,213,0.1371068147,
cross_encoder_model_comparison_v1,Qwen_Qwen3_Reranker_0_6B__top4_weighted__qwen_aggregation_eval_hits50_Qwen3_Reranker_0p6B_gap2000,2026-07-08,dev,50,219,0.3416264286,
cross_encoder_model_comparison_v1,Qwen_Qwen3_Reranker_0_6B__top4_weighted__qwen_aggregation_eval_hits50_Qwen3_Reranker_0p6B_gap2000,2026-07-08,dev,50,224,0.5758402751,
cross_encoder_model_comparison_v1,Qwen_Qwen3_Reranker_0_6B__top4_weighted__qwen_aggregation_eval_hits50_Qwen3_Reranker_0p6B_gap2000,2026-07-08,dev,50,225,0.3145588029,
cross_encoder_model_comparison_v1,Qwen_Qwen3_Reranker_0_6B__top4_weighted__qwen_aggregation_eval_hits50_Qwen3_Reranker_0p6B_gap2000,2026-07-08,dev,50,233,0.3884065479,
cross_encoder_model_comparison_v1,Qwen_Qwen3_Reranker_0_6B__top4_weighted__qwen_aggregation_eval_hits50_Qwen3_Reranker_0p6B_gap2000,2026-07-08,dev,50,273,0.3948809838,
cross_encoder_model_comparison_v1,Qwen_Qwen3_Reranker_0_6B__top4_weighted__qwen_aggregation_eval_hits50_Qwen3_Reranker_0p6B_gap2000,2026-07-08,dev,50,300,0.4729463318,
cross_encoder_model_comparison_v1,Qwen_Qwen3_Reranker_0_6B__top4_weighted__qwen_aggregation_eval_hits50_Qwen3_Reranker_0p6B_gap2000,2026-07-08,dev,50,407,0.4788566395,
cross_encoder_model_comparison_v1,Qwen_Qwen3_Reranker_0_6B__top4_weighted__qwen_aggregation_eval_hits50_Qwen3_Reranker_0p6B_gap2000,2026-07-08,dev,50,477,0.5769393866,
cross_encoder_model_comparison_v1,Qwen_Qwen3_Reranker_0_6B__top4_weighted__qwen_aggregation_eval_hits50_Qwen3_Reranker_0p6B_gap2000,2026-07-08,dev,50,499,0.5668277655,
cross_encoder_model_comparison_v1,Qwen_Qwen3_Reranker_0_6B__top4_weighted__qwen_aggregation_eval_hits50_Qwen3_Reranker_0p6B_gap2000,2026-07-08,dev,50,515,0.1505095109,
cross_encoder_model_comparison_v1,Qwen_Qwen3_Reranker_0_6B__top4_weighted__qwen_aggregation_eval_hits50_Qwen3_Reranker_0p6B_gap2000,2026-07-08,dev,50,707,0.3140468163,
cross_encoder_model_comparison_v1,Qwen_Qwen3_Reranker_0_6B__top4_weighted__qwen_aggregation_eval_hits50_Qwen3_Reranker_0p6B_gap2000,2026-07-08,dev,50,897,0.3334483643,
cross_encoder_model_comparison_v1,Qwen_Qwen3_Reranker_0_6B__top4_weighted__qwen_aggregation_eval_hits50_Qwen3_Reranker_0p6B_gap3000,2026-07-08,dev,50,14,0.4067362484,
cross_encoder_model_comparison_v1,Qwen_Qwen3_Reranker_0_6B__top4_weighted__qwen_aggregation_eval_hits50_Qwen3_Reranker_0p6B_gap3000,2026-07-08,dev,50,31,0.6603614922,
cross_encoder_model_comparison_v1,Qwen_Qwen3_Reranker_0_6B__top4_weighted__qwen_aggregation_eval_hits50_Qwen3_Reranker_0p6B_gap3000,2026-07-08,dev,50,37,0.5084504992,
cross_encoder_model_comparison_v1,Qwen_Qwen3_Reranker_0_6B__top4_weighted__qwen_aggregation_eval_hits50_Qwen3_Reranker_0p6B_gap3000,2026-07-08,dev,50,58,0.4694648043,
cross_encoder_model_comparison_v1,Qwen_Qwen3_Reranker_0_6B__top4_weighted__qwen_aggregation_eval_hits50_Qwen3_Reranker_0p6B_gap3000,2026-07-08,dev,50,72,0.9051842111,
cross_encoder_model_comparison_v1,Qwen_Qwen3_Reranker_0_6B__top4_weighted__qwen_aggregation_eval_hits50_Qwen3_Reranker_0p6B_gap3000,2026-07-08,dev,50,84,0.4718809240,
cross_encoder_model_comparison_v1,Qwen_Qwen3_Reranker_0_6B__top4_weighted__qwen_aggregation_eval_hits50_Qwen3_Reranker_0p6B_gap3000,2026-07-08,dev,50,144,0.1951246441,
cross_encoder_model_comparison_v1,Qwen_Qwen3_Reranker_0_6B__top4_weighted__qwen_aggregation_eval_hits50_Qwen3_Reranker_0p6B_gap3000,2026-07-08,dev,50,161,0.6406114177,
cross_encoder_model_comparison_v1,Qwen_Qwen3_Reranker_0_6B__top4_weighted__qwen_aggregation_eval_hits50_Qwen3_Reranker_0p6B_gap3000,2026-07-08,dev,50,200,0.5918071183,
cross_encoder_model_comparison_v1,Qwen_Qwen3_Reranker_0_6B__top4_weighted__qwen_aggregation_eval_hits50_Qwen3_Reranker_0p6B_gap3000,2026-07-08,dev,50,213,0.1371068147,
cross_encoder_model_comparison_v1,Qwen_Qwen3_Reranker_0_6B__top4_weighted__qwen_aggregation_eval_hits50_Qwen3_Reranker_0p6B_gap3000,2026-07-08,dev,50,219,0.3416264286,
cross_encoder_model_comparison_v1,Qwen_Qwen3_Reranker_0_6B__top4_weighted__qwen_aggregation_eval_hits50_Qwen3_Reranker_0p6B_gap3000,2026-07-08,dev,50,224,0.5758402751,
cross_encoder_model_comparison_v1,Qwen_Qwen3_Reranker_0_6B__top4_weighted__qwen_aggregation_eval_hits50_Qwen3_Reranker_0p6B_gap3000,2026-07-08,dev,50,225,0.3145588029,
cross_encoder_model_comparison_v1,Qwen_Qwen3_Reranker_0_6B__top4_weighted__qwen_aggregation_eval_hits50_Qwen3_Reranker_0p6B_gap3000,2026-07-08,dev,50,233,0.3884065479,
cross_encoder_model_comparison_v1,Qwen_Qwen3_Reranker_0_6B__top4_weighted__qwen_aggregation_eval_hits50_Qwen3_Reranker_0p6B_gap3000,2026-07-08,dev,50,273,0.3948809838,
cross_encoder_model_comparison_v1,Qwen_Qwen3_Reranker_0_6B__top4_weighted__qwen_aggregation_eval_hits50_Qwen3_Reranker_0p6B_gap3000,2026-07-08,dev,50,300,0.4729463318,
cross_encoder_model_comparison_v1,Qwen_Qwen3_Reranker_0_6B__top4_weighted__qwen_aggregation_eval_hits50_Qwen3_Reranker_0p6B_gap3000,2026-07-08,dev,50,407,0.4788566395,
cross_encoder_model_comparison_v1,Qwen_Qwen3_Reranker_0_6B__top4_weighted__qwen_aggregation_eval_hits50_Qwen3_Reranker_0p6B_gap3000,2026-07-08,dev,50,477,0.5769393866,
cross_encoder_model_comparison_v1,Qwen_Qwen3_Reranker_0_6B__top4_weighted__qwen_aggregation_eval_hits50_Qwen3_Reranker_0p6B_gap3000,2026-07-08,dev,50,499,0.5668277655,
cross_encoder_model_comparison_v1,Qwen_Qwen3_Reranker_0_6B__top4_weighted__qwen_aggregation_eval_hits50_Qwen3_Reranker_0p6B_gap3000,2026-07-08,dev,50,515,0.1505095109,
cross_encoder_model_comparison_v1,Qwen_Qwen3_Reranker_0_6B__top4_weighted__qwen_aggregation_eval_hits50_Qwen3_Reranker_0p6B_gap3000,2026-07-08,dev,50,707,0.3140468163,
cross_encoder_model_comparison_v1,Qwen_Qwen3_Reranker_0_6B__top4_weighted__qwen_aggregation_eval_hits50_Qwen3_Reranker_0p6B_gap3000,2026-07-08,dev,50,897,0.3334483643,
cross_encoder_model_comparison_v1,Qwen_Qwen3_Reranker_0_6B__top4_weighted__qwen_aggregation_eval_hits50_Qwen3_Reranker_0p6B_ov0,2026-07-08,dev,50,14,0.4973730750,
cross_encoder_model_comparison_v1,Qwen_Qwen3_Reranker_0_6B__top4_weighted__qwen_aggregation_eval_hits50_Qwen3_Reranker_0p6B_ov0,2026-07-08,dev,50,31,0.6935996380,
cross_encoder_model_comparison_v1,Qwen_Qwen3_Reranker_0_6B__top4_weighted__qwen_aggregation_eval_hits50_Qwen3_Reranker_0p6B_ov0,2026-07-08,dev,50,37,0.4625056016,
cross_encoder_model_comparison_v1,Qwen_Qwen3_Reranker_0_6B__top4_weighted__qwen_aggregation_eval_hits50_Qwen3_Reranker_0p6B_ov0,2026-07-08,dev,50,58,0.5017613458,
cross_encoder_model_comparison_v1,Qwen_Qwen3_Reranker_0_6B__top4_weighted__qwen_aggregation_eval_hits50_Qwen3_Reranker_0p6B_ov0,2026-07-08,dev,50,72,0.8009834293,
cross_encoder_model_comparison_v1,Qwen_Qwen3_Reranker_0_6B__top4_weighted__qwen_aggregation_eval_hits50_Qwen3_Reranker_0p6B_ov0,2026-07-08,dev,50,84,0.5713977580,
cross_encoder_model_comparison_v1,Qwen_Qwen3_Reranker_0_6B__top4_weighted__qwen_aggregation_eval_hits50_Qwen3_Reranker_0p6B_ov0,2026-07-08,dev,50,144,0.1972494066,
cross_encoder_model_comparison_v1,Qwen_Qwen3_Reranker_0_6B__top4_weighted__qwen_aggregation_eval_hits50_Qwen3_Reranker_0p6B_ov0,2026-07-08,dev,50,161,0.7201465083,
cross_encoder_model_comparison_v1,Qwen_Qwen3_Reranker_0_6B__top4_weighted__qwen_aggregation_eval_hits50_Qwen3_Reranker_0p6B_ov0,2026-07-08,dev,50,200,0.5578903472,
cross_encoder_model_comparison_v1,Qwen_Qwen3_Reranker_0_6B__top4_weighted__qwen_aggregation_eval_hits50_Qwen3_Reranker_0p6B_ov0,2026-07-08,dev,50,213,0.1382413787,
cross_encoder_model_comparison_v1,Qwen_Qwen3_Reranker_0_6B__top4_weighted__qwen_aggregation_eval_hits50_Qwen3_Reranker_0p6B_ov0,2026-07-08,dev,50,219,0.2726909311,
cross_encoder_model_comparison_v1,Qwen_Qwen3_Reranker_0_6B__top4_weighted__qwen_aggregation_eval_hits50_Qwen3_Reranker_0p6B_ov0,2026-07-08,dev,50,224,0.5758402751,
cross_encoder_model_comparison_v1,Qwen_Qwen3_Reranker_0_6B__top4_weighted__qwen_aggregation_eval_hits50_Qwen3_Reranker_0p6B_ov0,2026-07-08,dev,50,225,0.3110353103,
cross_encoder_model_comparison_v1,Qwen_Qwen3_Reranker_0_6B__top4_weighted__qwen_aggregation_eval_hits50_Qwen3_Reranker_0p6B_ov0,2026-07-08,dev,50,233,0.3983414348,
cross_encoder_model_comparison_v1,Qwen_Qwen3_Reranker_0_6B__top4_weighted__qwen_aggregation_eval_hits50_Qwen3_Reranker_0p6B_ov0,2026-07-08,dev,50,273,0.3289284976,
cross_encoder_model_comparison_v1,Qwen_Qwen3_Reranker_0_6B__top4_weighted__qwen_aggregation_eval_hits50_Qwen3_Reranker_0p6B_ov0,2026-07-08,dev,50,300,0.4590703781,
cross_encoder_model_comparison_v1,Qwen_Qwen3_Reranker_0_6B__top4_weighted__qwen_aggregation_eval_hits50_Qwen3_Reranker_0p6B_ov0,2026-07-08,dev,50,407,0.4582182205,
cross_encoder_model_comparison_v1,Qwen_Qwen3_Reranker_0_6B__top4_weighted__qwen_aggregation_eval_hits50_Qwen3_Reranker_0p6B_ov0,2026-07-08,dev,50,477,0.6053521315,
cross_encoder_model_comparison_v1,Qwen_Qwen3_Reranker_0_6B__top4_weighted__qwen_aggregation_eval_hits50_Qwen3_Reranker_0p6B_ov0,2026-07-08,dev,50,499,0.6371686949,
cross_encoder_model_comparison_v1,Qwen_Qwen3_Reranker_0_6B__top4_weighted__qwen_aggregation_eval_hits50_Qwen3_Reranker_0p6B_ov0,2026-07-08,dev,50,515,0.1664677036,
cross_encoder_model_comparison_v1,Qwen_Qwen3_Reranker_0_6B__top4_weighted__qwen_aggregation_eval_hits50_Qwen3_Reranker_0p6B_ov0,2026-07-08,dev,50,707,0.4577557888,
cross_encoder_model_comparison_v1,Qwen_Qwen3_Reranker_0_6B__top4_weighted__qwen_aggregation_eval_hits50_Qwen3_Reranker_0p6B_ov0,2026-07-08,dev,50,897,0.3424859421,
cross_encoder_model_comparison_v1,Qwen_Qwen3_Reranker_4B__max_plus_support__qwen_aggregation_eval_hits20_Qwen3_Reranker_4B,2026-07-08,dev,20,14,0.4609227653,
cross_encoder_model_comparison_v1,Qwen_Qwen3_Reranker_4B__max_plus_support__qwen_aggregation_eval_hits20_Qwen3_Reranker_4B,2026-07-08,dev,20,31,0.6926853744,
cross_encoder_model_comparison_v1,Qwen_Qwen3_Reranker_4B__max_plus_support__qwen_aggregation_eval_hits20_Qwen3_Reranker_4B,2026-07-08,dev,20,37,0.2840433468,
cross_encoder_model_comparison_v1,Qwen_Qwen3_Reranker_4B__max_plus_support__qwen_aggregation_eval_hits20_Qwen3_Reranker_4B,2026-07-08,dev,20,58,0.5133627768,
cross_encoder_model_comparison_v1,Qwen_Qwen3_Reranker_4B__max_plus_support__qwen_aggregation_eval_hits20_Qwen3_Reranker_4B,2026-07-08,dev,20,72,0.5603807997,
cross_encoder_model_comparison_v1,Qwen_Qwen3_Reranker_4B__max_plus_support__qwen_aggregation_eval_hits20_Qwen3_Reranker_4B,2026-07-08,dev,20,84,0.5607952971,
cross_encoder_model_comparison_v1,Qwen_Qwen3_Reranker_4B__max_plus_support__qwen_aggregation_eval_hits20_Qwen3_Reranker_4B,2026-07-08,dev,20,144,0.1668991414,
cross_encoder_model_comparison_v1,Qwen_Qwen3_Reranker_4B__max_plus_support__qwen_aggregation_eval_hits20_Qwen3_Reranker_4B,2026-07-08,dev,20,161,0.5443371950,
cross_encoder_model_comparison_v1,Qwen_Qwen3_Reranker_4B__max_plus_support__qwen_aggregation_eval_hits20_Qwen3_Reranker_4B,2026-07-08,dev,20,200,0.2448614638,
cross_encoder_model_comparison_v1,Qwen_Qwen3_Reranker_4B__max_plus_support__qwen_aggregation_eval_hits20_Qwen3_Reranker_4B,2026-07-08,dev,20,213,0.2849705759,
cross_encoder_model_comparison_v1,Qwen_Qwen3_Reranker_4B__max_plus_support__qwen_aggregation_eval_hits20_Qwen3_Reranker_4B,2026-07-08,dev,20,219,0.4613631212,
cross_encoder_model_comparison_v1,Qwen_Qwen3_Reranker_4B__max_plus_support__qwen_aggregation_eval_hits20_Qwen3_Reranker_4B,2026-07-08,dev,20,224,0.5908901470,
cross_encoder_model_comparison_v1,Qwen_Qwen3_Reranker_4B__max_plus_support__qwen_aggregation_eval_hits20_Qwen3_Reranker_4B,2026-07-08,dev,20,225,0.2087331362,
cross_encoder_model_comparison_v1,Qwen_Qwen3_Reranker_4B__max_plus_support__qwen_aggregation_eval_hits20_Qwen3_Reranker_4B,2026-07-08,dev,20,233,0.5878505975,
cross_encoder_model_comparison_v1,Qwen_Qwen3_Reranker_4B__max_plus_support__qwen_aggregation_eval_hits20_Qwen3_Reranker_4B,2026-07-08,dev,20,273,0.3435823804,
cross_encoder_model_comparison_v1,Qwen_Qwen3_Reranker_4B__max_plus_support__qwen_aggregation_eval_hits20_Qwen3_Reranker_4B,2026-07-08,dev,20,300,0.3620228431,
cross_encoder_model_comparison_v1,Qwen_Qwen3_Reranker_4B__max_plus_support__qwen_aggregation_eval_hits20_Qwen3_Reranker_4B,2026-07-08,dev,20,407,0.5025940761,
cross_encoder_model_comparison_v1,Qwen_Qwen3_Reranker_4B__max_plus_support__qwen_aggregation_eval_hits20_Qwen3_Reranker_4B,2026-07-08,dev,20,477,0.6598526439,
cross_encoder_model_comparison_v1,Qwen_Qwen3_Reranker_4B__max_plus_support__qwen_aggregation_eval_hits20_Qwen3_Reranker_4B,2026-07-08,dev,20,499,0.6853772803,
cross_encoder_model_comparison_v1,Qwen_Qwen3_Reranker_4B__max_plus_support__qwen_aggregation_eval_hits20_Qwen3_Reranker_4B,2026-07-08,dev,20,515,0.1373512277,
cross_encoder_model_comparison_v1,Qwen_Qwen3_Reranker_4B__max_plus_support__qwen_aggregation_eval_hits20_Qwen3_Reranker_4B,2026-07-08,dev,20,707,0.4081158239,
cross_encoder_model_comparison_v1,Qwen_Qwen3_Reranker_4B__max_plus_support__qwen_aggregation_eval_hits20_Qwen3_Reranker_4B,2026-07-08,dev,20,897,0.4234282041,
cross_encoder_model_comparison_v1,Qwen_Qwen3_Reranker_4B__max_plus_support__qwen_aggregation_eval_hits50_Qwen3_Reranker_4B,2026-07-08,dev,50,14,0.4213424130,
cross_encoder_model_comparison_v1,Qwen_Qwen3_Reranker_4B__max_plus_support__qwen_aggregation_eval_hits50_Qwen3_Reranker_4B,2026-07-08,dev,50,31,0.7187503266,
cross_encoder_model_comparison_v1,Qwen_Qwen3_Reranker_4B__max_plus_support__qwen_aggregation_eval_hits50_Qwen3_Reranker_4B,2026-07-08,dev,50,37,0.2375286260,
cross_encoder_model_comparison_v1,Qwen_Qwen3_Reranker_4B__max_plus_support__qwen_aggregation_eval_hits50_Qwen3_Reranker_4B,2026-07-08,dev,50,58,0.4504968846,
cross_encoder_model_comparison_v1,Qwen_Qwen3_Reranker_4B__max_plus_support__qwen_aggregation_eval_hits50_Qwen3_Reranker_4B,2026-07-08,dev,50,72,0.5691805558,
cross_encoder_model_comparison_v1,Qwen_Qwen3_Reranker_4B__max_plus_support__qwen_aggregation_eval_hits50_Qwen3_Reranker_4B,2026-07-08,dev,50,84,0.6630468556,
cross_encoder_model_comparison_v1,Qwen_Qwen3_Reranker_4B__max_plus_support__qwen_aggregation_eval_hits50_Qwen3_Reranker_4B,2026-07-08,dev,50,144,0.1826202275,
cross_encoder_model_comparison_v1,Qwen_Qwen3_Reranker_4B__max_plus_support__qwen_aggregation_eval_hits50_Qwen3_Reranker_4B,2026-07-08,dev,50,161,0.6319898711,
cross_encoder_model_comparison_v1,Qwen_Qwen3_Reranker_4B__max_plus_support__qwen_aggregation_eval_hits50_Qwen3_Reranker_4B,2026-07-08,dev,50,200,0.2590269529,
cross_encoder_model_comparison_v1,Qwen_Qwen3_Reranker_4B__max_plus_support__qwen_aggregation_eval_hits50_Qwen3_Reranker_4B,2026-07-08,dev,50,213,0.2577392988,
cross_encoder_model_comparison_v1,Qwen_Qwen3_Reranker_4B__max_plus_support__qwen_aggregation_eval_hits50_Qwen3_Reranker_4B,2026-07-08,dev,50,219,0.3670662988,
cross_encoder_model_comparison_v1,Qwen_Qwen3_Reranker_4B__max_plus_support__qwen_aggregation_eval_hits50_Qwen3_Reranker_4B,2026-07-08,dev,50,224,0.5693414823,
cross_encoder_model_comparison_v1,Qwen_Qwen3_Reranker_4B__max_plus_support__qwen_aggregation_eval_hits50_Qwen3_Reranker_4B,2026-07-08,dev,50,225,0.3366770873,
cross_encoder_model_comparison_v1,Qwen_Qwen3_Reranker_4B__max_plus_support__qwen_aggregation_eval_hits50_Qwen3_Reranker_4B,2026-07-08,dev,50,233,0.4318718012,
cross_encoder_model_comparison_v1,Qwen_Qwen3_Reranker_4B__max_plus_support__qwen_aggregation_eval_hits50_Qwen3_Reranker_4B,2026-07-08,dev,50,273,0.5065286009,
cross_encoder_model_comparison_v1,Qwen_Qwen3_Reranker_4B__max_plus_support__qwen_aggregation_eval_hits50_Qwen3_Reranker_4B,2026-07-08,dev,50,300,0.3840026720,
cross_encoder_model_comparison_v1,Qwen_Qwen3_Reranker_4B__max_plus_support__qwen_aggregation_eval_hits50_Qwen3_Reranker_4B,2026-07-08,dev,50,407,0.5961782939,
cross_encoder_model_comparison_v1,Qwen_Qwen3_Reranker_4B__max_plus_support__qwen_aggregation_eval_hits50_Qwen3_Reranker_4B,2026-07-08,dev,50,477,0.6397315991,
cross_encoder_model_comparison_v1,Qwen_Qwen3_Reranker_4B__max_plus_support__qwen_aggregation_eval_hits50_Qwen3_Reranker_4B,2026-07-08,dev,50,499,0.6645330411,
cross_encoder_model_comparison_v1,Qwen_Qwen3_Reranker_4B__max_plus_support__qwen_aggregation_eval_hits50_Qwen3_Reranker_4B,2026-07-08,dev,50,515,0.0904094755,
cross_encoder_model_comparison_v1,Qwen_Qwen3_Reranker_4B__max_plus_support__qwen_aggregation_eval_hits50_Qwen3_Reranker_4B,2026-07-08,dev,50,707,0.3554800443,
cross_encoder_model_comparison_v1,Qwen_Qwen3_Reranker_4B__max_plus_support__qwen_aggregation_eval_hits50_Qwen3_Reranker_4B,2026-07-08,dev,50,897,0.3145616397,
cross_encoder_model_comparison_v1,Qwen_Qwen3_Reranker_4B__qwen_max__qwen_aggregation_eval_hits20_Qwen3_Reranker_4B,2026-07-08,dev,20,14,0.4583811665,
cross_encoder_model_comparison_v1,Qwen_Qwen3_Reranker_4B__qwen_max__qwen_aggregation_eval_hits20_Qwen3_Reranker_4B,2026-07-08,dev,20,31,0.7100439303,
cross_encoder_model_comparison_v1,Qwen_Qwen3_Reranker_4B__qwen_max__qwen_aggregation_eval_hits20_Qwen3_Reranker_4B,2026-07-08,dev,20,37,0.3165350758,
cross_encoder_model_comparison_v1,Qwen_Qwen3_Reranker_4B__qwen_max__qwen_aggregation_eval_hits20_Qwen3_Reranker_4B,2026-07-08,dev,20,58,0.5133627768,
cross_encoder_model_comparison_v1,Qwen_Qwen3_Reranker_4B__qwen_max__qwen_aggregation_eval_hits20_Qwen3_Reranker_4B,2026-07-08,dev,20,72,0.5701359161,
cross_encoder_model_comparison_v1,Qwen_Qwen3_Reranker_4B__qwen_max__qwen_aggregation_eval_hits20_Qwen3_Reranker_4B,2026-07-08,dev,20,84,0.5237689628,
cross_encoder_model_comparison_v1,Qwen_Qwen3_Reranker_4B__qwen_max__qwen_aggregation_eval_hits20_Qwen3_Reranker_4B,2026-07-08,dev,20,144,0.1675421579,
cross_encoder_model_comparison_v1,Qwen_Qwen3_Reranker_4B__qwen_max__qwen_aggregation_eval_hits20_Qwen3_Reranker_4B,2026-07-08,dev,20,161,0.5443371950,
cross_encoder_model_comparison_v1,Qwen_Qwen3_Reranker_4B__qwen_max__qwen_aggregation_eval_hits20_Qwen3_Reranker_4B,2026-07-08,dev,20,200,0.2459369237,
cross_encoder_model_comparison_v1,Qwen_Qwen3_Reranker_4B__qwen_max__qwen_aggregation_eval_hits20_Qwen3_Reranker_4B,2026-07-08,dev,20,213,0.3486680009,
cross_encoder_model_comparison_v1,Qwen_Qwen3_Reranker_4B__qwen_max__qwen_aggregation_eval_hits20_Qwen3_Reranker_4B,2026-07-08,dev,20,219,0.4627056137,
cross_encoder_model_comparison_v1,Qwen_Qwen3_Reranker_4B__qwen_max__qwen_aggregation_eval_hits20_Qwen3_Reranker_4B,2026-07-08,dev,20,224,0.5908901470,
cross_encoder_model_comparison_v1,Qwen_Qwen3_Reranker_4B__qwen_max__qwen_aggregation_eval_hits20_Qwen3_Reranker_4B,2026-07-08,dev,20,225,0.2244750477,
cross_encoder_model_comparison_v1,Qwen_Qwen3_Reranker_4B__qwen_max__qwen_aggregation_eval_hits20_Qwen3_Reranker_4B,2026-07-08,dev,20,233,0.6952866592,
cross_encoder_model_comparison_v1,Qwen_Qwen3_Reranker_4B__qwen_max__qwen_aggregation_eval_hits20_Qwen3_Reranker_4B,2026-07-08,dev,20,273,0.3520651522,
cross_encoder_model_comparison_v1,Qwen_Qwen3_Reranker_4B__qwen_max__qwen_aggregation_eval_hits20_Qwen3_Reranker_4B,2026-07-08,dev,20,300,0.3613515968,
cross_encoder_model_comparison_v1,Qwen_Qwen3_Reranker_4B__qwen_max__qwen_aggregation_eval_hits20_Qwen3_Reranker_4B,2026-07-08,dev,20,407,0.5025940761,
cross_encoder_model_comparison_v1,Qwen_Qwen3_Reranker_4B__qwen_max__qwen_aggregation_eval_hits20_Qwen3_Reranker_4B,2026-07-08,dev,20,477,0.6988817032,
cross_encoder_model_comparison_v1,Qwen_Qwen3_Reranker_4B__qwen_max__qwen_aggregation_eval_hits20_Qwen3_Reranker_4B,2026-07-08,dev,20,499,0.7670651293,
cross_encoder_model_comparison_v1,Qwen_Qwen3_Reranker_4B__qwen_max__qwen_aggregation_eval_hits20_Qwen3_Reranker_4B,2026-07-08,dev,20,515,0.1501025053,
cross_encoder_model_comparison_v1,Qwen_Qwen3_Reranker_4B__qwen_max__qwen_aggregation_eval_hits20_Qwen3_Reranker_4B,2026-07-08,dev,20,707,0.4081158239,
cross_encoder_model_comparison_v1,Qwen_Qwen3_Reranker_4B__qwen_max__qwen_aggregation_eval_hits20_Qwen3_Reranker_4B,2026-07-08,dev,20,897,0.4234282041,
cross_encoder_model_comparison_v1,Qwen_Qwen3_Reranker_4B__qwen_max__qwen_aggregation_eval_hits50_Qwen3_Reranker_4B,2026-07-08,dev,50,14,0.4213424130,
cross_encoder_model_comparison_v1,Qwen_Qwen3_Reranker_4B__qwen_max__qwen_aggregation_eval_hits50_Qwen3_Reranker_4B,2026-07-08,dev,50,31,0.7329646437,
cross_encoder_model_comparison_v1,Qwen_Qwen3_Reranker_4B__qwen_max__qwen_aggregation_eval_hits50_Qwen3_Reranker_4B,2026-07-08,dev,50,37,0.2598858266,
cross_encoder_model_comparison_v1,Qwen_Qwen3_Reranker_4B__qwen_max__qwen_aggregation_eval_hits50_Qwen3_Reranker_4B,2026-07-08,dev,50,58,0.4934723456,
cross_encoder_model_comparison_v1,Qwen_Qwen3_Reranker_4B__qwen_max__qwen_aggregation_eval_hits50_Qwen3_Reranker_4B,2026-07-08,dev,50,72,0.6210325466,
cross_encoder_model_comparison_v1,Qwen_Qwen3_Reranker_4B__qwen_max__qwen_aggregation_eval_hits50_Qwen3_Reranker_4B,2026-07-08,dev,50,84,0.5695668631,
cross_encoder_model_comparison_v1,Qwen_Qwen3_Reranker_4B__qwen_max__qwen_aggregation_eval_hits50_Qwen3_Reranker_4B,2026-07-08,dev,50,144,0.1826202275,
cross_encoder_model_comparison_v1,Qwen_Qwen3_Reranker_4B__qwen_max__qwen_aggregation_eval_hits50_Qwen3_Reranker_4B,2026-07-08,dev,50,161,0.6319898711,
cross_encoder_model_comparison_v1,Qwen_Qwen3_Reranker_4B__qwen_max__qwen_aggregation_eval_hits50_Qwen3_Reranker_4B,2026-07-08,dev,50,200,0.2599133116,
cross_encoder_model_comparison_v1,Qwen_Qwen3_Reranker_4B__qwen_max__qwen_aggregation_eval_hits50_Qwen3_Reranker_4B,2026-07-08,dev,50,213,0.2920506026,
cross_encoder_model_comparison_v1,Qwen_Qwen3_Reranker_4B__qwen_max__qwen_aggregation_eval_hits50_Qwen3_Reranker_4B,2026-07-08,dev,50,219,0.3686393789,
cross_encoder_model_comparison_v1,Qwen_Qwen3_Reranker_4B__qwen_max__qwen_aggregation_eval_hits50_Qwen3_Reranker_4B,2026-07-08,dev,50,224,0.5221374409,
cross_encoder_model_comparison_v1,Qwen_Qwen3_Reranker_4B__qwen_max__qwen_aggregation_eval_hits50_Qwen3_Reranker_4B,2026-07-08,dev,50,225,0.2999626909,
cross_encoder_model_comparison_v1,Qwen_Qwen3_Reranker_4B__qwen_max__qwen_aggregation_eval_hits50_Qwen3_Reranker_4B,2026-07-08,dev,50,233,0.5690711754,
cross_encoder_model_comparison_v1,Qwen_Qwen3_Reranker_4B__qwen_max__qwen_aggregation_eval_hits50_Qwen3_Reranker_4B,2026-07-08,dev,50,273,0.5065286009,
cross_encoder_model_comparison_v1,Qwen_Qwen3_Reranker_4B__qwen_max__qwen_aggregation_eval_hits50_Qwen3_Reranker_4B,2026-07-08,dev,50,300,0.3266206911,
cross_encoder_model_comparison_v1,Qwen_Qwen3_Reranker_4B__qwen_max__qwen_aggregation_eval_hits50_Qwen3_Reranker_4B,2026-07-08,dev,50,407,0.5961782939,
cross_encoder_model_comparison_v1,Qwen_Qwen3_Reranker_4B__qwen_max__qwen_aggregation_eval_hits50_Qwen3_Reranker_4B,2026-07-08,dev,50,477,0.7152945274,
cross_encoder_model_comparison_v1,Qwen_Qwen3_Reranker_4B__qwen_max__qwen_aggregation_eval_hits50_Qwen3_Reranker_4B,2026-07-08,dev,50,499,0.7181124129,
cross_encoder_model_comparison_v1,Qwen_Qwen3_Reranker_4B__qwen_max__qwen_aggregation_eval_hits50_Qwen3_Reranker_4B,2026-07-08,dev,50,515,0.0837866004,
cross_encoder_model_comparison_v1,Qwen_Qwen3_Reranker_4B__qwen_max__qwen_aggregation_eval_hits50_Qwen3_Reranker_4B,2026-07-08,dev,50,707,0.3554800443,
cross_encoder_model_comparison_v1,Qwen_Qwen3_Reranker_4B__qwen_max__qwen_aggregation_eval_hits50_Qwen3_Reranker_4B,2026-07-08,dev,50,897,0.3414493356,
cross_encoder_model_comparison_v1,Qwen_Qwen3_Reranker_4B__top3_weighted__qwen_aggregation_eval_hits20_Qwen3_Reranker_4B,2026-07-08,dev,20,14,0.4583811665,
cross_encoder_model_comparison_v1,Qwen_Qwen3_Reranker_4B__top3_weighted__qwen_aggregation_eval_hits20_Qwen3_Reranker_4B,2026-07-08,dev,20,31,0.6813936229,
cross_encoder_model_comparison_v1,Qwen_Qwen3_Reranker_4B__top3_weighted__qwen_aggregation_eval_hits20_Qwen3_Reranker_4B,2026-07-08,dev,20,37,0.2840433468,
cross_encoder_model_comparison_v1,Qwen_Qwen3_Reranker_4B__top3_weighted__qwen_aggregation_eval_hits20_Qwen3_Reranker_4B,2026-07-08,dev,20,58,0.5661402198,
cross_encoder_model_comparison_v1,Qwen_Qwen3_Reranker_4B__top3_weighted__qwen_aggregation_eval_hits20_Qwen3_Reranker_4B,2026-07-08,dev,20,72,0.5904216300,
cross_encoder_model_comparison_v1,Qwen_Qwen3_Reranker_4B__top3_weighted__qwen_aggregation_eval_hits20_Qwen3_Reranker_4B,2026-07-08,dev,20,84,0.5607952971,
cross_encoder_model_comparison_v1,Qwen_Qwen3_Reranker_4B__top3_weighted__qwen_aggregation_eval_hits20_Qwen3_Reranker_4B,2026-07-08,dev,20,144,0.1668991414,
cross_encoder_model_comparison_v1,Qwen_Qwen3_Reranker_4B__top3_weighted__qwen_aggregation_eval_hits20_Qwen3_Reranker_4B,2026-07-08,dev,20,161,0.5443371950,
cross_encoder_model_comparison_v1,Qwen_Qwen3_Reranker_4B__top3_weighted__qwen_aggregation_eval_hits20_Qwen3_Reranker_4B,2026-07-08,dev,20,200,0.2407927921,
cross_encoder_model_comparison_v1,Qwen_Qwen3_Reranker_4B__top3_weighted__qwen_aggregation_eval_hits20_Qwen3_Reranker_4B,2026-07-08,dev,20,213,0.3499540338,
cross_encoder_model_comparison_v1,Qwen_Qwen3_Reranker_4B__top3_weighted__qwen_aggregation_eval_hits20_Qwen3_Reranker_4B,2026-07-08,dev,20,219,0.4613631212,
cross_encoder_model_comparison_v1,Qwen_Qwen3_Reranker_4B__top3_weighted__qwen_aggregation_eval_hits20_Qwen3_Reranker_4B,2026-07-08,dev,20,224,0.6007037845,
cross_encoder_model_comparison_v1,Qwen_Qwen3_Reranker_4B__top3_weighted__qwen_aggregation_eval_hits20_Qwen3_Reranker_4B,2026-07-08,dev,20,225,0.1999709329,
cross_encoder_model_comparison_v1,Qwen_Qwen3_Reranker_4B__top3_weighted__qwen_aggregation_eval_hits20_Qwen3_Reranker_4B,2026-07-08,dev,20,233,0.6704347844,
cross_encoder_model_comparison_v1,Qwen_Qwen3_Reranker_4B__top3_weighted__qwen_aggregation_eval_hits20_Qwen3_Reranker_4B,2026-07-08,dev,20,273,0.3282135480,
cross_encoder_model_comparison_v1,Qwen_Qwen3_Reranker_4B__top3_weighted__qwen_aggregation_eval_hits20_Qwen3_Reranker_4B,2026-07-08,dev,20,300,0.3620228431,
cross_encoder_model_comparison_v1,Qwen_Qwen3_Reranker_4B__top3_weighted__qwen_aggregation_eval_hits20_Qwen3_Reranker_4B,2026-07-08,dev,20,407,0.5207714442,
cross_encoder_model_comparison_v1,Qwen_Qwen3_Reranker_4B__top3_weighted__qwen_aggregation_eval_hits20_Qwen3_Reranker_4B,2026-07-08,dev,20,477,0.6577458957,
cross_encoder_model_comparison_v1,Qwen_Qwen3_Reranker_4B__top3_weighted__qwen_aggregation_eval_hits20_Qwen3_Reranker_4B,2026-07-08,dev,20,499,0.7197657514,
cross_encoder_model_comparison_v1,Qwen_Qwen3_Reranker_4B__top3_weighted__qwen_aggregation_eval_hits20_Qwen3_Reranker_4B,2026-07-08,dev,20,515,0.1373512277,
cross_encoder_model_comparison_v1,Qwen_Qwen3_Reranker_4B__top3_weighted__qwen_aggregation_eval_hits20_Qwen3_Reranker_4B,2026-07-08,dev,20,707,0.4081356759,
cross_encoder_model_comparison_v1,Qwen_Qwen3_Reranker_4B__top3_weighted__qwen_aggregation_eval_hits20_Qwen3_Reranker_4B,2026-07-08,dev,20,897,0.4234282041,
cross_encoder_model_comparison_v1,Qwen_Qwen3_Reranker_4B__top3_weighted__qwen_aggregation_eval_hits50_Qwen3_Reranker_4B,2026-07-08,dev,50,14,0.4157236557,
cross_encoder_model_comparison_v1,Qwen_Qwen3_Reranker_4B__top3_weighted__qwen_aggregation_eval_hits50_Qwen3_Reranker_4B,2026-07-08,dev,50,31,0.6700084479,
cross_encoder_model_comparison_v1,Qwen_Qwen3_Reranker_4B__top3_weighted__qwen_aggregation_eval_hits50_Qwen3_Reranker_4B,2026-07-08,dev,50,37,0.2375286260,
cross_encoder_model_comparison_v1,Qwen_Qwen3_Reranker_4B__top3_weighted__qwen_aggregation_eval_hits50_Qwen3_Reranker_4B,2026-07-08,dev,50,58,0.5264702349,
cross_encoder_model_comparison_v1,Qwen_Qwen3_Reranker_4B__top3_weighted__qwen_aggregation_eval_hits50_Qwen3_Reranker_4B,2026-07-08,dev,50,72,0.6227560059,
cross_encoder_model_comparison_v1,Qwen_Qwen3_Reranker_4B__top3_weighted__qwen_aggregation_eval_hits50_Qwen3_Reranker_4B,2026-07-08,dev,50,84,0.6594496030,
cross_encoder_model_comparison_v1,Qwen_Qwen3_Reranker_4B__top3_weighted__qwen_aggregation_eval_hits50_Qwen3_Reranker_4B,2026-07-08,dev,50,144,0.1826202275,
cross_encoder_model_comparison_v1,Qwen_Qwen3_Reranker_4B__top3_weighted__qwen_aggregation_eval_hits50_Qwen3_Reranker_4B,2026-07-08,dev,50,161,0.6319898711,
cross_encoder_model_comparison_v1,Qwen_Qwen3_Reranker_4B__top3_weighted__qwen_aggregation_eval_hits50_Qwen3_Reranker_4B,2026-07-08,dev,50,200,0.2568772019,
cross_encoder_model_comparison_v1,Qwen_Qwen3_Reranker_4B__top3_weighted__qwen_aggregation_eval_hits50_Qwen3_Reranker_4B,2026-07-08,dev,50,213,0.3567864140,
cross_encoder_model_comparison_v1,Qwen_Qwen3_Reranker_4B__top3_weighted__qwen_aggregation_eval_hits50_Qwen3_Reranker_4B,2026-07-08,dev,50,219,0.3686393789,
cross_encoder_model_comparison_v1,Qwen_Qwen3_Reranker_4B__top3_weighted__qwen_aggregation_eval_hits50_Qwen3_Reranker_4B,2026-07-08,dev,50,224,0.5693414823,
cross_encoder_model_comparison_v1,Qwen_Qwen3_Reranker_4B__top3_weighted__qwen_aggregation_eval_hits50_Qwen3_Reranker_4B,2026-07-08,dev,50,225,0.2112854644,
cross_encoder_model_comparison_v1,Qwen_Qwen3_Reranker_4B__top3_weighted__qwen_aggregation_eval_hits50_Qwen3_Reranker_4B,2026-07-08,dev,50,233,0.4461179446,
cross_encoder_model_comparison_v1,Qwen_Qwen3_Reranker_4B__top3_weighted__qwen_aggregation_eval_hits50_Qwen3_Reranker_4B,2026-07-08,dev,50,273,0.4636584363,
cross_encoder_model_comparison_v1,Qwen_Qwen3_Reranker_4B__top3_weighted__qwen_aggregation_eval_hits50_Qwen3_Reranker_4B,2026-07-08,dev,50,300,0.3840026720,
cross_encoder_model_comparison_v1,Qwen_Qwen3_Reranker_4B__top3_weighted__qwen_aggregation_eval_hits50_Qwen3_Reranker_4B,2026-07-08,dev,50,407,0.5961782939,
cross_encoder_model_comparison_v1,Qwen_Qwen3_Reranker_4B__top3_weighted__qwen_aggregation_eval_hits50_Qwen3_Reranker_4B,2026-07-08,dev,50,477,0.6397315991,
cross_encoder_model_comparison_v1,Qwen_Qwen3_Reranker_4B__top3_weighted__qwen_aggregation_eval_hits50_Qwen3_Reranker_4B,2026-07-08,dev,50,499,0.7796338731,
cross_encoder_model_comparison_v1,Qwen_Qwen3_Reranker_4B__top3_weighted__qwen_aggregation_eval_hits50_Qwen3_Reranker_4B,2026-07-08,dev,50,515,0.0904094755,
cross_encoder_model_comparison_v1,Qwen_Qwen3_Reranker_4B__top3_weighted__qwen_aggregation_eval_hits50_Qwen3_Reranker_4B,2026-07-08,dev,50,707,0.3572238897,
cross_encoder_model_comparison_v1,Qwen_Qwen3_Reranker_4B__top3_weighted__qwen_aggregation_eval_hits50_Qwen3_Reranker_4B,2026-07-08,dev,50,897,0.3362227924,
cross_encoder_model_comparison_v1,Qwen_Qwen3_Reranker_4B__top4_weighted__qwen_aggregation_eval_hits20_Qwen3_Reranker_4B,2026-07-08,dev,20,14,0.4609227653,
cross_encoder_model_comparison_v1,Qwen_Qwen3_Reranker_4B__top4_weighted__qwen_aggregation_eval_hits20_Qwen3_Reranker_4B,2026-07-08,dev,20,31,0.6813936229,
cross_encoder_model_comparison_v1,Qwen_Qwen3_Reranker_4B__top4_weighted__qwen_aggregation_eval_hits20_Qwen3_Reranker_4B,2026-07-08,dev,20,37,0.2889180239,
cross_encoder_model_comparison_v1,Qwen_Qwen3_Reranker_4B__top4_weighted__qwen_aggregation_eval_hits20_Qwen3_Reranker_4B,2026-07-08,dev,20,58,0.5661402198,
cross_encoder_model_comparison_v1,Qwen_Qwen3_Reranker_4B__top4_weighted__qwen_aggregation_eval_hits20_Qwen3_Reranker_4B,2026-07-08,dev,20,72,0.6190719373,
cross_encoder_model_comparison_v1,Qwen_Qwen3_Reranker_4B__top4_weighted__qwen_aggregation_eval_hits20_Qwen3_Reranker_4B,2026-07-08,dev,20,84,0.5607952971,
cross_encoder_model_comparison_v1,Qwen_Qwen3_Reranker_4B__top4_weighted__qwen_aggregation_eval_hits20_Qwen3_Reranker_4B,2026-07-08,dev,20,144,0.1668991414,
cross_encoder_model_comparison_v1,Qwen_Qwen3_Reranker_4B__top4_weighted__qwen_aggregation_eval_hits20_Qwen3_Reranker_4B,2026-07-08,dev,20,161,0.5417955962,
cross_encoder_model_comparison_v1,Qwen_Qwen3_Reranker_4B__top4_weighted__qwen_aggregation_eval_hits20_Qwen3_Reranker_4B,2026-07-08,dev,20,200,0.2407927921,
cross_encoder_model_comparison_v1,Qwen_Qwen3_Reranker_4B__top4_weighted__qwen_aggregation_eval_hits20_Qwen3_Reranker_4B,2026-07-08,dev,20,213,0.3499540338,
cross_encoder_model_comparison_v1,Qwen_Qwen3_Reranker_4B__top4_weighted__qwen_aggregation_eval_hits20_Qwen3_Reranker_4B,2026-07-08,dev,20,219,0.4613631212,
cross_encoder_model_comparison_v1,Qwen_Qwen3_Reranker_4B__top4_weighted__qwen_aggregation_eval_hits20_Qwen3_Reranker_4B,2026-07-08,dev,20,224,0.6007037845,
cross_encoder_model_comparison_v1,Qwen_Qwen3_Reranker_4B__top4_weighted__qwen_aggregation_eval_hits20_Qwen3_Reranker_4B,2026-07-08,dev,20,225,0.2015928570,
cross_encoder_model_comparison_v1,Qwen_Qwen3_Reranker_4B__top4_weighted__qwen_aggregation_eval_hits20_Qwen3_Reranker_4B,2026-07-08,dev,20,233,0.5731029837,
cross_encoder_model_comparison_v1,Qwen_Qwen3_Reranker_4B__top4_weighted__qwen_aggregation_eval_hits20_Qwen3_Reranker_4B,2026-07-08,dev,20,273,0.3282135480,
cross_encoder_model_comparison_v1,Qwen_Qwen3_Reranker_4B__top4_weighted__qwen_aggregation_eval_hits20_Qwen3_Reranker_4B,2026-07-08,dev,20,300,0.3629221562,
cross_encoder_model_comparison_v1,Qwen_Qwen3_Reranker_4B__top4_weighted__qwen_aggregation_eval_hits20_Qwen3_Reranker_4B,2026-07-08,dev,20,407,0.5207714442,
cross_encoder_model_comparison_v1,Qwen_Qwen3_Reranker_4B__top4_weighted__qwen_aggregation_eval_hits20_Qwen3_Reranker_4B,2026-07-08,dev,20,477,0.6598526439,
cross_encoder_model_comparison_v1,Qwen_Qwen3_Reranker_4B__top4_weighted__qwen_aggregation_eval_hits20_Qwen3_Reranker_4B,2026-07-08,dev,20,499,0.7161684988,
cross_encoder_model_comparison_v1,Qwen_Qwen3_Reranker_4B__top4_weighted__qwen_aggregation_eval_hits20_Qwen3_Reranker_4B,2026-07-08,dev,20,515,0.1373512277,
cross_encoder_model_comparison_v1,Qwen_Qwen3_Reranker_4B__top4_weighted__qwen_aggregation_eval_hits20_Qwen3_Reranker_4B,2026-07-08,dev,20,707,0.4081356759,
cross_encoder_model_comparison_v1,Qwen_Qwen3_Reranker_4B__top4_weighted__qwen_aggregation_eval_hits20_Qwen3_Reranker_4B,2026-07-08,dev,20,897,0.4260002699,
cross_encoder_model_comparison_v1,Qwen_Qwen3_Reranker_4B__top4_weighted__qwen_aggregation_eval_hits50_Qwen3_Reranker_4B,2026-07-08,dev,50,14,0.4117302960,
cross_encoder_model_comparison_v1,Qwen_Qwen3_Reranker_4B__top4_weighted__qwen_aggregation_eval_hits50_Qwen3_Reranker_4B,2026-07-08,dev,50,31,0.6740359254,
cross_encoder_model_comparison_v1,Qwen_Qwen3_Reranker_4B__top4_weighted__qwen_aggregation_eval_hits50_Qwen3_Reranker_4B,2026-07-08,dev,50,37,0.2375286260,
cross_encoder_model_comparison_v1,Qwen_Qwen3_Reranker_4B__top4_weighted__qwen_aggregation_eval_hits50_Qwen3_Reranker_4B,2026-07-08,dev,50,58,0.5341864323,
cross_encoder_model_comparison_v1,Qwen_Qwen3_Reranker_4B__top4_weighted__qwen_aggregation_eval_hits50_Qwen3_Reranker_4B,2026-07-08,dev,50,72,0.6141864182,
cross_encoder_model_comparison_v1,Qwen_Qwen3_Reranker_4B__top4_weighted__qwen_aggregation_eval_hits50_Qwen3_Reranker_4B,2026-07-08,dev,50,84,0.6594496030,
cross_encoder_model_comparison_v1,Qwen_Qwen3_Reranker_4B__top4_weighted__qwen_aggregation_eval_hits50_Qwen3_Reranker_4B,2026-07-08,dev,50,144,0.1839062604,
cross_encoder_model_comparison_v1,Qwen_Qwen3_Reranker_4B__top4_weighted__qwen_aggregation_eval_hits50_Qwen3_Reranker_4B,2026-07-08,dev,50,161,0.7078039054,
cross_encoder_model_comparison_v1,Qwen_Qwen3_Reranker_4B__top4_weighted__qwen_aggregation_eval_hits50_Qwen3_Reranker_4B,2026-07-08,dev,50,200,0.2568772019,
cross_encoder_model_comparison_v1,Qwen_Qwen3_Reranker_4B__top4_weighted__qwen_aggregation_eval_hits50_Qwen3_Reranker_4B,2026-07-08,dev,50,213,0.3525667322,
cross_encoder_model_comparison_v1,Qwen_Qwen3_Reranker_4B__top4_weighted__qwen_aggregation_eval_hits50_Qwen3_Reranker_4B,2026-07-08,dev,50,219,0.3686393789,
cross_encoder_model_comparison_v1,Qwen_Qwen3_Reranker_4B__top4_weighted__qwen_aggregation_eval_hits50_Qwen3_Reranker_4B,2026-07-08,dev,50,224,0.6301253834,
cross_encoder_model_comparison_v1,Qwen_Qwen3_Reranker_4B__top4_weighted__qwen_aggregation_eval_hits50_Qwen3_Reranker_4B,2026-07-08,dev,50,225,0.2121326640,
cross_encoder_model_comparison_v1,Qwen_Qwen3_Reranker_4B__top4_weighted__qwen_aggregation_eval_hits50_Qwen3_Reranker_4B,2026-07-08,dev,50,233,0.3570532384,
cross_encoder_model_comparison_v1,Qwen_Qwen3_Reranker_4B__top4_weighted__qwen_aggregation_eval_hits50_Qwen3_Reranker_4B,2026-07-08,dev,50,273,0.4636584363,
cross_encoder_model_comparison_v1,Qwen_Qwen3_Reranker_4B__top4_weighted__qwen_aggregation_eval_hits50_Qwen3_Reranker_4B,2026-07-08,dev,50,300,0.3948298190,
cross_encoder_model_comparison_v1,Qwen_Qwen3_Reranker_4B__top4_weighted__qwen_aggregation_eval_hits50_Qwen3_Reranker_4B,2026-07-08,dev,50,407,0.5961782939,
cross_encoder_model_comparison_v1,Qwen_Qwen3_Reranker_4B__top4_weighted__qwen_aggregation_eval_hits50_Qwen3_Reranker_4B,2026-07-08,dev,50,477,0.6266195227,
cross_encoder_model_comparison_v1,Qwen_Qwen3_Reranker_4B__top4_weighted__qwen_aggregation_eval_hits50_Qwen3_Reranker_4B,2026-07-08,dev,50,499,0.7796338731,
cross_encoder_model_comparison_v1,Qwen_Qwen3_Reranker_4B__top4_weighted__qwen_aggregation_eval_hits50_Qwen3_Reranker_4B,2026-07-08,dev,50,515,0.0942598949,
cross_encoder_model_comparison_v1,Qwen_Qwen3_Reranker_4B__top4_weighted__qwen_aggregation_eval_hits50_Qwen3_Reranker_4B,2026-07-08,dev,50,707,0.3572238897,
cross_encoder_model_comparison_v1,Qwen_Qwen3_Reranker_4B__top4_weighted__qwen_aggregation_eval_hits50_Qwen3_Reranker_4B,2026-07-08,dev,50,897,0.3362227924,
cross_encoder_model_comparison_v1,cross_encoder_ms_marco_MiniLM_L6_v2__seqcls__seqcls_eval_hits50_cross_encoder_ms_marco_MiniLM_L6_v2_ml512,2026-07-08,dev,50,14,0.4970339329,
cross_encoder_model_comparison_v1,cross_encoder_ms_marco_MiniLM_L6_v2__seqcls__seqcls_eval_hits50_cross_encoder_ms_marco_MiniLM_L6_v2_ml512,2026-07-08,dev,50,31,0.5663822732,
cross_encoder_model_comparison_v1,cross_encoder_ms_marco_MiniLM_L6_v2__seqcls__seqcls_eval_hits50_cross_encoder_ms_marco_MiniLM_L6_v2_ml512,2026-07-08,dev,50,37,0.6846374567,
cross_encoder_model_comparison_v1,cross_encoder_ms_marco_MiniLM_L6_v2__seqcls__seqcls_eval_hits50_cross_encoder_ms_marco_MiniLM_L6_v2_ml512,2026-07-08,dev,50,58,0.7391387674,
cross_encoder_model_comparison_v1,cross_encoder_ms_marco_MiniLM_L6_v2__seqcls__seqcls_eval_hits50_cross_encoder_ms_marco_MiniLM_L6_v2_ml512,2026-07-08,dev,50,72,0.4511472889,
cross_encoder_model_comparison_v1,cross_encoder_ms_marco_MiniLM_L6_v2__seqcls__seqcls_eval_hits50_cross_encoder_ms_marco_MiniLM_L6_v2_ml512,2026-07-08,dev,50,84,0.6763773943,
cross_encoder_model_comparison_v1,cross_encoder_ms_marco_MiniLM_L6_v2__seqcls__seqcls_eval_hits50_cross_encoder_ms_marco_MiniLM_L6_v2_ml512,2026-07-08,dev,50,144,0.1744533020,
cross_encoder_model_comparison_v1,cross_encoder_ms_marco_MiniLM_L6_v2__seqcls__seqcls_eval_hits50_cross_encoder_ms_marco_MiniLM_L6_v2_ml512,2026-07-08,dev,50,161,0.6366052880,
cross_encoder_model_comparison_v1,cross_encoder_ms_marco_MiniLM_L6_v2__seqcls__seqcls_eval_hits50_cross_encoder_ms_marco_MiniLM_L6_v2_ml512,2026-07-08,dev,50,200,0.5289806241,
cross_encoder_model_comparison_v1,cross_encoder_ms_marco_MiniLM_L6_v2__seqcls__seqcls_eval_hits50_cross_encoder_ms_marco_MiniLM_L6_v2_ml512,2026-07-08,dev,50,213,0.4465704092,
cross_encoder_model_comparison_v1,cross_encoder_ms_marco_MiniLM_L6_v2__seqcls__seqcls_eval_hits50_cross_encoder_ms_marco_MiniLM_L6_v2_ml512,2026-07-08,dev,50,219,0.6999350062,
cross_encoder_model_comparison_v1,cross_encoder_ms_marco_MiniLM_L6_v2__seqcls__seqcls_eval_hits50_cross_encoder_ms_marco_MiniLM_L6_v2_ml512,2026-07-08,dev,50,224,0.6353154795,
cross_encoder_model_comparison_v1,cross_encoder_ms_marco_MiniLM_L6_v2__seqcls__seqcls_eval_hits50_cross_encoder_ms_marco_MiniLM_L6_v2_ml512,2026-07-08,dev,50,225,0.2347771400,
cross_encoder_model_comparison_v1,cross_encoder_ms_marco_MiniLM_L6_v2__seqcls__seqcls_eval_hits50_cross_encoder_ms_marco_MiniLM_L6_v2_ml512,2026-07-08,dev,50,233,0.5550770712,
cross_encoder_model_comparison_v1,cross_encoder_ms_marco_MiniLM_L6_v2__seqcls__seqcls_eval_hits50_cross_encoder_ms_marco_MiniLM_L6_v2_ml512,2026-07-08,dev,50,273,0.4907876528,
cross_encoder_model_comparison_v1,cross_encoder_ms_marco_MiniLM_L6_v2__seqcls__seqcls_eval_hits50_cross_encoder_ms_marco_MiniLM_L6_v2_ml512,2026-07-08,dev,50,300,0.3316919103,
cross_encoder_model_comparison_v1,cross_encoder_ms_marco_MiniLM_L6_v2__seqcls__seqcls_eval_hits50_cross_encoder_ms_marco_MiniLM_L6_v2_ml512,2026-07-08,dev,50,407,0.4265459104,
cross_encoder_model_comparison_v1,cross_encoder_ms_marco_MiniLM_L6_v2__seqcls__seqcls_eval_hits50_cross_encoder_ms_marco_MiniLM_L6_v2_ml512,2026-07-08,dev,50,477,0.6435236958,
cross_encoder_model_comparison_v1,cross_encoder_ms_marco_MiniLM_L6_v2__seqcls__seqcls_eval_hits50_cross_encoder_ms_marco_MiniLM_L6_v2_ml512,2026-07-08,dev,50,499,0.8156209522,
cross_encoder_model_comparison_v1,cross_encoder_ms_marco_MiniLM_L6_v2__seqcls__seqcls_eval_hits50_cross_encoder_ms_marco_MiniLM_L6_v2_ml512,2026-07-08,dev,50,515,0.1484082596,
cross_encoder_model_comparison_v1,cross_encoder_ms_marco_MiniLM_L6_v2__seqcls__seqcls_eval_hits50_cross_encoder_ms_marco_MiniLM_L6_v2_ml512,2026-07-08,dev,50,707,0.2721281565,
cross_encoder_model_comparison_v1,cross_encoder_ms_marco_MiniLM_L6_v2__seqcls__seqcls_eval_hits50_cross_encoder_ms_marco_MiniLM_L6_v2_ml512,2026-07-08,dev,50,897,0.3240911955,
cross_encoder_model_comparison_v1,mixedbread_ai_mxbai_rerank_base_v2__chunk_max__st_chunk_eval_hits50_mixedbread_ai_mxbai_rerank_base_v2_ml1024_cm3500_ov350,2026-07-08,dev,50,14,0.3410400853,
cross_encoder_model_comparison_v1,mixedbread_ai_mxbai_rerank_base_v2__chunk_max__st_chunk_eval_hits50_mixedbread_ai_mxbai_rerank_base_v2_ml1024_cm3500_ov350,2026-07-08,dev,50,31,0.8299765729,
cross_encoder_model_comparison_v1,mixedbread_ai_mxbai_rerank_base_v2__chunk_max__st_chunk_eval_hits50_mixedbread_ai_mxbai_rerank_base_v2_ml1024_cm3500_ov350,2026-07-08,dev,50,37,0.6362777233,
cross_encoder_model_comparison_v1,mixedbread_ai_mxbai_rerank_base_v2__chunk_max__st_chunk_eval_hits50_mixedbread_ai_mxbai_rerank_base_v2_ml1024_cm3500_ov350,2026-07-08,dev,50,58,0.7612390255,
cross_encoder_model_comparison_v1,mixedbread_ai_mxbai_rerank_base_v2__chunk_max__st_chunk_eval_hits50_mixedbread_ai_mxbai_rerank_base_v2_ml1024_cm3500_ov350,2026-07-08,dev,50,72,0.6487565728,
cross_encoder_model_comparison_v1,mixedbread_ai_mxbai_rerank_base_v2__chunk_max__st_chunk_eval_hits50_mixedbread_ai_mxbai_rerank_base_v2_ml1024_cm3500_ov350,2026-07-08,dev,50,84,0.8557280957,
cross_encoder_model_comparison_v1,mixedbread_ai_mxbai_rerank_base_v2__chunk_max__st_chunk_eval_hits50_mixedbread_ai_mxbai_rerank_base_v2_ml1024_cm3500_ov350,2026-07-08,dev,50,144,0.1711840299,
cross_encoder_model_comparison_v1,mixedbread_ai_mxbai_rerank_base_v2__chunk_max__st_chunk_eval_hits50_mixedbread_ai_mxbai_rerank_base_v2_ml1024_cm3500_ov350,2026-07-08,dev,50,161,0.6608971316,
cross_encoder_model_comparison_v1,mixedbread_ai_mxbai_rerank_base_v2__chunk_max__st_chunk_eval_hits50_mixedbread_ai_mxbai_rerank_base_v2_ml1024_cm3500_ov350,2026-07-08,dev,50,200,0.3933844454,
cross_encoder_model_comparison_v1,mixedbread_ai_mxbai_rerank_base_v2__chunk_max__st_chunk_eval_hits50_mixedbread_ai_mxbai_rerank_base_v2_ml1024_cm3500_ov350,2026-07-08,dev,50,213,0.4802023877,
cross_encoder_model_comparison_v1,mixedbread_ai_mxbai_rerank_base_v2__chunk_max__st_chunk_eval_hits50_mixedbread_ai_mxbai_rerank_base_v2_ml1024_cm3500_ov350,2026-07-08,dev,50,219,0.4198842965,
cross_encoder_model_comparison_v1,mixedbread_ai_mxbai_rerank_base_v2__chunk_max__st_chunk_eval_hits50_mixedbread_ai_mxbai_rerank_base_v2_ml1024_cm3500_ov350,2026-07-08,dev,50,224,0.6647918704,
cross_encoder_model_comparison_v1,mixedbread_ai_mxbai_rerank_base_v2__chunk_max__st_chunk_eval_hits50_mixedbread_ai_mxbai_rerank_base_v2_ml1024_cm3500_ov350,2026-07-08,dev,50,225,0.3413062027,
cross_encoder_model_comparison_v1,mixedbread_ai_mxbai_rerank_base_v2__chunk_max__st_chunk_eval_hits50_mixedbread_ai_mxbai_rerank_base_v2_ml1024_cm3500_ov350,2026-07-08,dev,50,233,0.7111314603,
cross_encoder_model_comparison_v1,mixedbread_ai_mxbai_rerank_base_v2__chunk_max__st_chunk_eval_hits50_mixedbread_ai_mxbai_rerank_base_v2_ml1024_cm3500_ov350,2026-07-08,dev,50,273,0.3766377452,
cross_encoder_model_comparison_v1,mixedbread_ai_mxbai_rerank_base_v2__chunk_max__st_chunk_eval_hits50_mixedbread_ai_mxbai_rerank_base_v2_ml1024_cm3500_ov350,2026-07-08,dev,50,300,0.4030142745,
cross_encoder_model_comparison_v1,mixedbread_ai_mxbai_rerank_base_v2__chunk_max__st_chunk_eval_hits50_mixedbread_ai_mxbai_rerank_base_v2_ml1024_cm3500_ov350,2026-07-08,dev,50,407,0.4414434961,
cross_encoder_model_comparison_v1,mixedbread_ai_mxbai_rerank_base_v2__chunk_max__st_chunk_eval_hits50_mixedbread_ai_mxbai_rerank_base_v2_ml1024_cm3500_ov350,2026-07-08,dev,50,477,0.7698838189,
cross_encoder_model_comparison_v1,mixedbread_ai_mxbai_rerank_base_v2__chunk_max__st_chunk_eval_hits50_mixedbread_ai_mxbai_rerank_base_v2_ml1024_cm3500_ov350,2026-07-08,dev,50,499,0.5888721810,
cross_encoder_model_comparison_v1,mixedbread_ai_mxbai_rerank_base_v2__chunk_max__st_chunk_eval_hits50_mixedbread_ai_mxbai_rerank_base_v2_ml1024_cm3500_ov350,2026-07-08,dev,50,515,0.2585945633,
cross_encoder_model_comparison_v1,mixedbread_ai_mxbai_rerank_base_v2__chunk_max__st_chunk_eval_hits50_mixedbread_ai_mxbai_rerank_base_v2_ml1024_cm3500_ov350,2026-07-08,dev,50,707,0.3666984940,
cross_encoder_model_comparison_v1,mixedbread_ai_mxbai_rerank_base_v2__chunk_max__st_chunk_eval_hits50_mixedbread_ai_mxbai_rerank_base_v2_ml1024_cm3500_ov350,2026-07-08,dev,50,897,0.4055495735,
cross_encoder_model_comparison_v1,mixedbread_ai_mxbai_rerank_base_v2__chunk_mean_top3__st_chunk_eval_hits50_mixedbread_ai_mxbai_rerank_base_v2_ml1024_cm3500_ov350,2026-07-08,dev,50,14,0.4299581092,
cross_encoder_model_comparison_v1,mixedbread_ai_mxbai_rerank_base_v2__chunk_mean_top3__st_chunk_eval_hits50_mixedbread_ai_mxbai_rerank_base_v2_ml1024_cm3500_ov350,2026-07-08,dev,50,31,0.8958991996,
cross_encoder_model_comparison_v1,mixedbread_ai_mxbai_rerank_base_v2__chunk_mean_top3__st_chunk_eval_hits50_mixedbread_ai_mxbai_rerank_base_v2_ml1024_cm3500_ov350,2026-07-08,dev,50,37,0.5976018184,
cross_encoder_model_comparison_v1,mixedbread_ai_mxbai_rerank_base_v2__chunk_mean_top3__st_chunk_eval_hits50_mixedbread_ai_mxbai_rerank_base_v2_ml1024_cm3500_ov350,2026-07-08,dev,50,58,0.7584563669,
cross_encoder_model_comparison_v1,mixedbread_ai_mxbai_rerank_base_v2__chunk_mean_top3__st_chunk_eval_hits50_mixedbread_ai_mxbai_rerank_base_v2_ml1024_cm3500_ov350,2026-07-08,dev,50,72,0.7306397056,
cross_encoder_model_comparison_v1,mixedbread_ai_mxbai_rerank_base_v2__chunk_mean_top3__st_chunk_eval_hits50_mixedbread_ai_mxbai_rerank_base_v2_ml1024_cm3500_ov350,2026-07-08,dev,50,84,0.7640534257,
cross_encoder_model_comparison_v1,mixedbread_ai_mxbai_rerank_base_v2__chunk_mean_top3__st_chunk_eval_hits50_mixedbread_ai_mxbai_rerank_base_v2_ml1024_cm3500_ov350,2026-07-08,dev,50,144,0.1983442527,
cross_encoder_model_comparison_v1,mixedbread_ai_mxbai_rerank_base_v2__chunk_mean_top3__st_chunk_eval_hits50_mixedbread_ai_mxbai_rerank_base_v2_ml1024_cm3500_ov350,2026-07-08,dev,50,161,0.6983805489,
cross_encoder_model_comparison_v1,mixedbread_ai_mxbai_rerank_base_v2__chunk_mean_top3__st_chunk_eval_hits50_mixedbread_ai_mxbai_rerank_base_v2_ml1024_cm3500_ov350,2026-07-08,dev,50,200,0.2683698945,
cross_encoder_model_comparison_v1,mixedbread_ai_mxbai_rerank_base_v2__chunk_mean_top3__st_chunk_eval_hits50_mixedbread_ai_mxbai_rerank_base_v2_ml1024_cm3500_ov350,2026-07-08,dev,50,213,0.4925180727,
cross_encoder_model_comparison_v1,mixedbread_ai_mxbai_rerank_base_v2__chunk_mean_top3__st_chunk_eval_hits50_mixedbread_ai_mxbai_rerank_base_v2_ml1024_cm3500_ov350,2026-07-08,dev,50,219,0.4228025871,
cross_encoder_model_comparison_v1,mixedbread_ai_mxbai_rerank_base_v2__chunk_mean_top3__st_chunk_eval_hits50_mixedbread_ai_mxbai_rerank_base_v2_ml1024_cm3500_ov350,2026-07-08,dev,50,224,0.5658032910,
cross_encoder_model_comparison_v1,mixedbread_ai_mxbai_rerank_base_v2__chunk_mean_top3__st_chunk_eval_hits50_mixedbread_ai_mxbai_rerank_base_v2_ml1024_cm3500_ov350,2026-07-08,dev,50,225,0.3646090563,
cross_encoder_model_comparison_v1,mixedbread_ai_mxbai_rerank_base_v2__chunk_mean_top3__st_chunk_eval_hits50_mixedbread_ai_mxbai_rerank_base_v2_ml1024_cm3500_ov350,2026-07-08,dev,50,233,0.7891141825,
cross_encoder_model_comparison_v1,mixedbread_ai_mxbai_rerank_base_v2__chunk_mean_top3__st_chunk_eval_hits50_mixedbread_ai_mxbai_rerank_base_v2_ml1024_cm3500_ov350,2026-07-08,dev,50,273,0.4093940343,
cross_encoder_model_comparison_v1,mixedbread_ai_mxbai_rerank_base_v2__chunk_mean_top3__st_chunk_eval_hits50_mixedbread_ai_mxbai_rerank_base_v2_ml1024_cm3500_ov350,2026-07-08,dev,50,300,0.4293123100,
cross_encoder_model_comparison_v1,mixedbread_ai_mxbai_rerank_base_v2__chunk_mean_top3__st_chunk_eval_hits50_mixedbread_ai_mxbai_rerank_base_v2_ml1024_cm3500_ov350,2026-07-08,dev,50,407,0.4748587852,
cross_encoder_model_comparison_v1,mixedbread_ai_mxbai_rerank_base_v2__chunk_mean_top3__st_chunk_eval_hits50_mixedbread_ai_mxbai_rerank_base_v2_ml1024_cm3500_ov350,2026-07-08,dev,50,477,0.6390574810,
cross_encoder_model_comparison_v1,mixedbread_ai_mxbai_rerank_base_v2__chunk_mean_top3__st_chunk_eval_hits50_mixedbread_ai_mxbai_rerank_base_v2_ml1024_cm3500_ov350,2026-07-08,dev,50,499,0.7816817433,
cross_encoder_model_comparison_v1,mixedbread_ai_mxbai_rerank_base_v2__chunk_mean_top3__st_chunk_eval_hits50_mixedbread_ai_mxbai_rerank_base_v2_ml1024_cm3500_ov350,2026-07-08,dev,50,515,0.1853787312,
cross_encoder_model_comparison_v1,mixedbread_ai_mxbai_rerank_base_v2__chunk_mean_top3__st_chunk_eval_hits50_mixedbread_ai_mxbai_rerank_base_v2_ml1024_cm3500_ov350,2026-07-08,dev,50,707,0.4071783360,
cross_encoder_model_comparison_v1,mixedbread_ai_mxbai_rerank_base_v2__chunk_mean_top3__st_chunk_eval_hits50_mixedbread_ai_mxbai_rerank_base_v2_ml1024_cm3500_ov350,2026-07-08,dev,50,897,0.3765375614,
cross_encoder_model_comparison_v1,mixedbread_ai_mxbai_rerank_base_v2__chunk_top3_weighted__st_chunk_eval_hits50_mixedbread_ai_mxbai_rerank_base_v2_ml1024_cm3500_ov350,2026-07-08,dev,50,14,0.3729272529,
cross_encoder_model_comparison_v1,mixedbread_ai_mxbai_rerank_base_v2__chunk_top3_weighted__st_chunk_eval_hits50_mixedbread_ai_mxbai_rerank_base_v2_ml1024_cm3500_ov350,2026-07-08,dev,50,31,0.8414551486,
cross_encoder_model_comparison_v1,mixedbread_ai_mxbai_rerank_base_v2__chunk_top3_weighted__st_chunk_eval_hits50_mixedbread_ai_mxbai_rerank_base_v2_ml1024_cm3500_ov350,2026-07-08,dev,50,37,0.5775986344,
cross_encoder_model_comparison_v1,mixedbread_ai_mxbai_rerank_base_v2__chunk_top3_weighted__st_chunk_eval_hits50_mixedbread_ai_mxbai_rerank_base_v2_ml1024_cm3500_ov350,2026-07-08,dev,50,58,0.7612390255,
cross_encoder_model_comparison_v1,mixedbread_ai_mxbai_rerank_base_v2__chunk_top3_weighted__st_chunk_eval_hits50_mixedbread_ai_mxbai_rerank_base_v2_ml1024_cm3500_ov350,2026-07-08,dev,50,72,0.7386163424,
cross_encoder_model_comparison_v1,mixedbread_ai_mxbai_rerank_base_v2__chunk_top3_weighted__st_chunk_eval_hits50_mixedbread_ai_mxbai_rerank_base_v2_ml1024_cm3500_ov350,2026-07-08,dev,50,84,0.8706038105,
cross_encoder_model_comparison_v1,mixedbread_ai_mxbai_rerank_base_v2__chunk_top3_weighted__st_chunk_eval_hits50_mixedbread_ai_mxbai_rerank_base_v2_ml1024_cm3500_ov350,2026-07-08,dev,50,144,0.2005295987,
cross_encoder_model_comparison_v1,mixedbread_ai_mxbai_rerank_base_v2__chunk_top3_weighted__st_chunk_eval_hits50_mixedbread_ai_mxbai_rerank_base_v2_ml1024_cm3500_ov350,2026-07-08,dev,50,161,0.6958389502,
cross_encoder_model_comparison_v1,mixedbread_ai_mxbai_rerank_base_v2__chunk_top3_weighted__st_chunk_eval_hits50_mixedbread_ai_mxbai_rerank_base_v2_ml1024_cm3500_ov350,2026-07-08,dev,50,200,0.3058173612,
cross_encoder_model_comparison_v1,mixedbread_ai_mxbai_rerank_base_v2__chunk_top3_weighted__st_chunk_eval_hits50_mixedbread_ai_mxbai_rerank_base_v2_ml1024_cm3500_ov350,2026-07-08,dev,50,213,0.4925180727,
cross_encoder_model_comparison_v1,mixedbread_ai_mxbai_rerank_base_v2__chunk_top3_weighted__st_chunk_eval_hits50_mixedbread_ai_mxbai_rerank_base_v2_ml1024_cm3500_ov350,2026-07-08,dev,50,219,0.3568711693,
cross_encoder_model_comparison_v1,mixedbread_ai_mxbai_rerank_base_v2__chunk_top3_weighted__st_chunk_eval_hits50_mixedbread_ai_mxbai_rerank_base_v2_ml1024_cm3500_ov350,2026-07-08,dev,50,224,0.6306057648,
cross_encoder_model_comparison_v1,mixedbread_ai_mxbai_rerank_base_v2__chunk_top3_weighted__st_chunk_eval_hits50_mixedbread_ai_mxbai_rerank_base_v2_ml1024_cm3500_ov350,2026-07-08,dev,50,225,0.3646894096,
cross_encoder_model_comparison_v1,mixedbread_ai_mxbai_rerank_base_v2__chunk_top3_weighted__st_chunk_eval_hits50_mixedbread_ai_mxbai_rerank_base_v2_ml1024_cm3500_ov350,2026-07-08,dev,50,233,0.7606185344,
cross_encoder_model_comparison_v1,mixedbread_ai_mxbai_rerank_base_v2__chunk_top3_weighted__st_chunk_eval_hits50_mixedbread_ai_mxbai_rerank_base_v2_ml1024_cm3500_ov350,2026-07-08,dev,50,273,0.4043937637,
cross_encoder_model_comparison_v1,mixedbread_ai_mxbai_rerank_base_v2__chunk_top3_weighted__st_chunk_eval_hits50_mixedbread_ai_mxbai_rerank_base_v2_ml1024_cm3500_ov350,2026-07-08,dev,50,300,0.4325064989,
cross_encoder_model_comparison_v1,mixedbread_ai_mxbai_rerank_base_v2__chunk_top3_weighted__st_chunk_eval_hits50_mixedbread_ai_mxbai_rerank_base_v2_ml1024_cm3500_ov350,2026-07-08,dev,50,407,0.4714933007,
cross_encoder_model_comparison_v1,mixedbread_ai_mxbai_rerank_base_v2__chunk_top3_weighted__st_chunk_eval_hits50_mixedbread_ai_mxbai_rerank_base_v2_ml1024_cm3500_ov350,2026-07-08,dev,50,477,0.7400196832,
cross_encoder_model_comparison_v1,mixedbread_ai_mxbai_rerank_base_v2__chunk_top3_weighted__st_chunk_eval_hits50_mixedbread_ai_mxbai_rerank_base_v2_ml1024_cm3500_ov350,2026-07-08,dev,50,499,0.6953703594,
cross_encoder_model_comparison_v1,mixedbread_ai_mxbai_rerank_base_v2__chunk_top3_weighted__st_chunk_eval_hits50_mixedbread_ai_mxbai_rerank_base_v2_ml1024_cm3500_ov350,2026-07-08,dev,50,515,0.2429885187,
cross_encoder_model_comparison_v1,mixedbread_ai_mxbai_rerank_base_v2__chunk_top3_weighted__st_chunk_eval_hits50_mixedbread_ai_mxbai_rerank_base_v2_ml1024_cm3500_ov350,2026-07-08,dev,50,707,0.4186287097,
cross_encoder_model_comparison_v1,mixedbread_ai_mxbai_rerank_base_v2__chunk_top3_weighted__st_chunk_eval_hits50_mixedbread_ai_mxbai_rerank_base_v2_ml1024_cm3500_ov350,2026-07-08,dev,50,897,0.4026545703,
cross_encoder_model_comparison_v1,mixedbread_ai_mxbai_rerank_base_v2__chunk_top4_weighted__st_chunk_eval_hits50_mixedbread_ai_mxbai_rerank_base_v2_ml1024_cm3500_ov350,2026-07-08,dev,50,14,0.3769547304,
cross_encoder_model_comparison_v1,mixedbread_ai_mxbai_rerank_base_v2__chunk_top4_weighted__st_chunk_eval_hits50_mixedbread_ai_mxbai_rerank_base_v2_ml1024_cm3500_ov350,2026-07-08,dev,50,31,0.8400506498,
cross_encoder_model_comparison_v1,mixedbread_ai_mxbai_rerank_base_v2__chunk_top4_weighted__st_chunk_eval_hits50_mixedbread_ai_mxbai_rerank_base_v2_ml1024_cm3500_ov350,2026-07-08,dev,50,37,0.5814109994,
cross_encoder_model_comparison_v1,mixedbread_ai_mxbai_rerank_base_v2__chunk_top4_weighted__st_chunk_eval_hits50_mixedbread_ai_mxbai_rerank_base_v2_ml1024_cm3500_ov350,2026-07-08,dev,50,58,0.8257562670,
cross_encoder_model_comparison_v1,mixedbread_ai_mxbai_rerank_base_v2__chunk_top4_weighted__st_chunk_eval_hits50_mixedbread_ai_mxbai_rerank_base_v2_ml1024_cm3500_ov350,2026-07-08,dev,50,72,0.7386163424,
cross_encoder_model_comparison_v1,mixedbread_ai_mxbai_rerank_base_v2__chunk_top4_weighted__st_chunk_eval_hits50_mixedbread_ai_mxbai_rerank_base_v2_ml1024_cm3500_ov350,2026-07-08,dev,50,84,0.8278791328,
cross_encoder_model_comparison_v1,mixedbread_ai_mxbai_rerank_base_v2__chunk_top4_weighted__st_chunk_eval_hits50_mixedbread_ai_mxbai_rerank_base_v2_ml1024_cm3500_ov350,2026-07-08,dev,50,144,0.2005295987,
cross_encoder_model_comparison_v1,mixedbread_ai_mxbai_rerank_base_v2__chunk_top4_weighted__st_chunk_eval_hits50_mixedbread_ai_mxbai_rerank_base_v2_ml1024_cm3500_ov350,2026-07-08,dev,50,161,0.6958389502,
cross_encoder_model_comparison_v1,mixedbread_ai_mxbai_rerank_base_v2__chunk_top4_weighted__st_chunk_eval_hits50_mixedbread_ai_mxbai_rerank_base_v2_ml1024_cm3500_ov350,2026-07-08,dev,50,200,0.3196364689,
cross_encoder_model_comparison_v1,mixedbread_ai_mxbai_rerank_base_v2__chunk_top4_weighted__st_chunk_eval_hits50_mixedbread_ai_mxbai_rerank_base_v2_ml1024_cm3500_ov350,2026-07-08,dev,50,213,0.4925180727,
cross_encoder_model_comparison_v1,mixedbread_ai_mxbai_rerank_base_v2__chunk_top4_weighted__st_chunk_eval_hits50_mixedbread_ai_mxbai_rerank_base_v2_ml1024_cm3500_ov350,2026-07-08,dev,50,219,0.4218546272,
cross_encoder_model_comparison_v1,mixedbread_ai_mxbai_rerank_base_v2__chunk_top4_weighted__st_chunk_eval_hits50_mixedbread_ai_mxbai_rerank_base_v2_ml1024_cm3500_ov350,2026-07-08,dev,50,224,0.6306057648,
cross_encoder_model_comparison_v1,mixedbread_ai_mxbai_rerank_base_v2__chunk_top4_weighted__st_chunk_eval_hits50_mixedbread_ai_mxbai_rerank_base_v2_ml1024_cm3500_ov350,2026-07-08,dev,50,225,0.3537835213,
cross_encoder_model_comparison_v1,mixedbread_ai_mxbai_rerank_base_v2__chunk_top4_weighted__st_chunk_eval_hits50_mixedbread_ai_mxbai_rerank_base_v2_ml1024_cm3500_ov350,2026-07-08,dev,50,233,0.7837183036,
cross_encoder_model_comparison_v1,mixedbread_ai_mxbai_rerank_base_v2__chunk_top4_weighted__st_chunk_eval_hits50_mixedbread_ai_mxbai_rerank_base_v2_ml1024_cm3500_ov350,2026-07-08,dev,50,273,0.4125820461,
cross_encoder_model_comparison_v1,mixedbread_ai_mxbai_rerank_base_v2__chunk_top4_weighted__st_chunk_eval_hits50_mixedbread_ai_mxbai_rerank_base_v2_ml1024_cm3500_ov350,2026-07-08,dev,50,300,0.4334176409,
cross_encoder_model_comparison_v1,mixedbread_ai_mxbai_rerank_base_v2__chunk_top4_weighted__st_chunk_eval_hits50_mixedbread_ai_mxbai_rerank_base_v2_ml1024_cm3500_ov350,2026-07-08,dev,50,407,0.4729316856,
cross_encoder_model_comparison_v1,mixedbread_ai_mxbai_rerank_base_v2__chunk_top4_weighted__st_chunk_eval_hits50_mixedbread_ai_mxbai_rerank_base_v2_ml1024_cm3500_ov350,2026-07-08,dev,50,477,0.7200974708,
cross_encoder_model_comparison_v1,mixedbread_ai_mxbai_rerank_base_v2__chunk_top4_weighted__st_chunk_eval_hits50_mixedbread_ai_mxbai_rerank_base_v2_ml1024_cm3500_ov350,2026-07-08,dev,50,499,0.7006923046,
cross_encoder_model_comparison_v1,mixedbread_ai_mxbai_rerank_base_v2__chunk_top4_weighted__st_chunk_eval_hits50_mixedbread_ai_mxbai_rerank_base_v2_ml1024_cm3500_ov350,2026-07-08,dev,50,515,0.2388274998,
cross_encoder_model_comparison_v1,mixedbread_ai_mxbai_rerank_base_v2__chunk_top4_weighted__st_chunk_eval_hits50_mixedbread_ai_mxbai_rerank_base_v2_ml1024_cm3500_ov350,2026-07-08,dev,50,707,0.4152101617,
cross_encoder_model_comparison_v1,mixedbread_ai_mxbai_rerank_base_v2__chunk_top4_weighted__st_chunk_eval_hits50_mixedbread_ai_mxbai_rerank_base_v2_ml1024_cm3500_ov350,2026-07-08,dev,50,897,0.3958274033,
cross_encoder_model_comparison_v1,mixedbread_ai_mxbai_rerank_base_v2__st_crossencoder__st_crossencoder_eval_hits50_mixedbread_ai_mxbai_rerank_base_v2_ml1024,2026-07-08,dev,50,14,0.4934555470,
cross_encoder_model_comparison_v1,mixedbread_ai_mxbai_rerank_base_v2__st_crossencoder__st_crossencoder_eval_hits50_mixedbread_ai_mxbai_rerank_base_v2_ml1024,2026-07-08,dev,50,31,0.7185243908,
cross_encoder_model_comparison_v1,mixedbread_ai_mxbai_rerank_base_v2__st_crossencoder__st_crossencoder_eval_hits50_mixedbread_ai_mxbai_rerank_base_v2_ml1024,2026-07-08,dev,50,37,0.6497762497,
cross_encoder_model_comparison_v1,mixedbread_ai_mxbai_rerank_base_v2__st_crossencoder__st_crossencoder_eval_hits50_mixedbread_ai_mxbai_rerank_base_v2_ml1024,2026-07-08,dev,50,58,0.8654781708,
cross_encoder_model_comparison_v1,mixedbread_ai_mxbai_rerank_base_v2__st_crossencoder__st_crossencoder_eval_hits50_mixedbread_ai_mxbai_rerank_base_v2_ml1024,2026-07-08,dev,50,72,0.6129221941,
cross_encoder_model_comparison_v1,mixedbread_ai_mxbai_rerank_base_v2__st_crossencoder__st_crossencoder_eval_hits50_mixedbread_ai_mxbai_rerank_base_v2_ml1024,2026-07-08,dev,50,84,0.7622097125,
cross_encoder_model_comparison_v1,mixedbread_ai_mxbai_rerank_base_v2__st_crossencoder__st_crossencoder_eval_hits50_mixedbread_ai_mxbai_rerank_base_v2_ml1024,2026-07-08,dev,50,144,0.1992435658,
cross_encoder_model_comparison_v1,mixedbread_ai_mxbai_rerank_base_v2__st_crossencoder__st_crossencoder_eval_hits50_mixedbread_ai_mxbai_rerank_base_v2_ml1024,2026-07-08,dev,50,161,0.6983805489,
cross_encoder_model_comparison_v1,mixedbread_ai_mxbai_rerank_base_v2__st_crossencoder__st_crossencoder_eval_hits50_mixedbread_ai_mxbai_rerank_base_v2_ml1024,2026-07-08,dev,50,200,0.3968774321,
cross_encoder_model_comparison_v1,mixedbread_ai_mxbai_rerank_base_v2__st_crossencoder__st_crossencoder_eval_hits50_mixedbread_ai_mxbai_rerank_base_v2_ml1024,2026-07-08,dev,50,213,0.4776343970,
cross_encoder_model_comparison_v1,mixedbread_ai_mxbai_rerank_base_v2__st_crossencoder__st_crossencoder_eval_hits50_mixedbread_ai_mxbai_rerank_base_v2_ml1024,2026-07-08,dev,50,219,0.4747376281,
cross_encoder_model_comparison_v1,mixedbread_ai_mxbai_rerank_base_v2__st_crossencoder__st_crossencoder_eval_hits50_mixedbread_ai_mxbai_rerank_base_v2_ml1024,2026-07-08,dev,50,224,0.5942921347,
cross_encoder_model_comparison_v1,mixedbread_ai_mxbai_rerank_base_v2__st_crossencoder__st_crossencoder_eval_hits50_mixedbread_ai_mxbai_rerank_base_v2_ml1024,2026-07-08,dev,50,225,0.3523384514,
cross_encoder_model_comparison_v1,mixedbread_ai_mxbai_rerank_base_v2__st_crossencoder__st_crossencoder_eval_hits50_mixedbread_ai_mxbai_rerank_base_v2_ml1024,2026-07-08,dev,50,233,0.5455214317,
cross_encoder_model_comparison_v1,mixedbread_ai_mxbai_rerank_base_v2__st_crossencoder__st_crossencoder_eval_hits50_mixedbread_ai_mxbai_rerank_base_v2_ml1024,2026-07-08,dev,50,273,0.3957925887,
cross_encoder_model_comparison_v1,mixedbread_ai_mxbai_rerank_base_v2__st_crossencoder__st_crossencoder_eval_hits50_mixedbread_ai_mxbai_rerank_base_v2_ml1024,2026-07-08,dev,50,300,0.3249684974,
cross_encoder_model_comparison_v1,mixedbread_ai_mxbai_rerank_base_v2__st_crossencoder__st_crossencoder_eval_hits50_mixedbread_ai_mxbai_rerank_base_v2_ml1024,2026-07-08,dev,50,407,0.5233031446,
cross_encoder_model_comparison_v1,mixedbread_ai_mxbai_rerank_base_v2__st_crossencoder__st_crossencoder_eval_hits50_mixedbread_ai_mxbai_rerank_base_v2_ml1024,2026-07-08,dev,50,477,0.7652354719,
cross_encoder_model_comparison_v1,mixedbread_ai_mxbai_rerank_base_v2__st_crossencoder__st_crossencoder_eval_hits50_mixedbread_ai_mxbai_rerank_base_v2_ml1024,2026-07-08,dev,50,499,0.8424094413,
cross_encoder_model_comparison_v1,mixedbread_ai_mxbai_rerank_base_v2__st_crossencoder__st_crossencoder_eval_hits50_mixedbread_ai_mxbai_rerank_base_v2_ml1024,2026-07-08,dev,50,515,0.1656850400,
cross_encoder_model_comparison_v1,mixedbread_ai_mxbai_rerank_base_v2__st_crossencoder__st_crossencoder_eval_hits50_mixedbread_ai_mxbai_rerank_base_v2_ml1024,2026-07-08,dev,50,707,0.4760036670,
cross_encoder_model_comparison_v1,mixedbread_ai_mxbai_rerank_base_v2__st_crossencoder__st_crossencoder_eval_hits50_mixedbread_ai_mxbai_rerank_base_v2_ml1024,2026-07-08,dev,50,897,0.3741463488,
cross_encoder_model_comparison_v1,mixedbread_ai_mxbai_rerank_base_v2__st_crossencoder_longctx__st_crossencoder_longctx_hits50_mixedbread_ai_mxbai_rerank_base_v2_ctx32768_buf512,2026-07-08,dev,50,14,0.4558998008,
cross_encoder_model_comparison_v1,mixedbread_ai_mxbai_rerank_base_v2__st_crossencoder_longctx__st_crossencoder_longctx_hits50_mixedbread_ai_mxbai_rerank_base_v2_ctx32768_buf512,2026-07-08,dev,50,31,0.8054697287,
cross_encoder_model_comparison_v1,mixedbread_ai_mxbai_rerank_base_v2__st_crossencoder_longctx__st_crossencoder_longctx_hits50_mixedbread_ai_mxbai_rerank_base_v2_ctx32768_buf512,2026-07-08,dev,50,37,0.6342547139,
cross_encoder_model_comparison_v1,mixedbread_ai_mxbai_rerank_base_v2__st_crossencoder_longctx__st_crossencoder_longctx_hits50_mixedbread_ai_mxbai_rerank_base_v2_ctx32768_buf512,2026-07-08,dev,50,58,0.9646644142,
cross_encoder_model_comparison_v1,mixedbread_ai_mxbai_rerank_base_v2__st_crossencoder_longctx__st_crossencoder_longctx_hits50_mixedbread_ai_mxbai_rerank_base_v2_ctx32768_buf512,2026-07-08,dev,50,72,0.6263284644,
cross_encoder_model_comparison_v1,mixedbread_ai_mxbai_rerank_base_v2__st_crossencoder_longctx__st_crossencoder_longctx_hits50_mixedbread_ai_mxbai_rerank_base_v2_ctx32768_buf512,2026-07-08,dev,50,84,0.6398858904,
cross_encoder_model_comparison_v1,mixedbread_ai_mxbai_rerank_base_v2__st_crossencoder_longctx__st_crossencoder_longctx_hits50_mixedbread_ai_mxbai_rerank_base_v2_ctx32768_buf512,2026-07-08,dev,50,144,0.1531556707,
cross_encoder_model_comparison_v1,mixedbread_ai_mxbai_rerank_base_v2__st_crossencoder_longctx__st_crossencoder_longctx_hits50_mixedbread_ai_mxbai_rerank_base_v2_ctx32768_buf512,2026-07-08,dev,50,161,0.6486550501,
cross_encoder_model_comparison_v1,mixedbread_ai_mxbai_rerank_base_v2__st_crossencoder_longctx__st_crossencoder_longctx_hits50_mixedbread_ai_mxbai_rerank_base_v2_ctx32768_buf512,2026-07-08,dev,50,200,0.4026878659,
cross_encoder_model_comparison_v1,mixedbread_ai_mxbai_rerank_base_v2__st_crossencoder_longctx__st_crossencoder_longctx_hits50_mixedbread_ai_mxbai_rerank_base_v2_ctx32768_buf512,2026-07-08,dev,50,213,0.4852547357,
cross_encoder_model_comparison_v1,mixedbread_ai_mxbai_rerank_base_v2__st_crossencoder_longctx__st_crossencoder_longctx_hits50_mixedbread_ai_mxbai_rerank_base_v2_ctx32768_buf512,2026-07-08,dev,50,219,0.5080100805,
cross_encoder_model_comparison_v1,mixedbread_ai_mxbai_rerank_base_v2__st_crossencoder_longctx__st_crossencoder_longctx_hits50_mixedbread_ai_mxbai_rerank_base_v2_ctx32768_buf512,2026-07-08,dev,50,224,0.7156747036,
cross_encoder_model_comparison_v1,mixedbread_ai_mxbai_rerank_base_v2__st_crossencoder_longctx__st_crossencoder_longctx_hits50_mixedbread_ai_mxbai_rerank_base_v2_ctx32768_buf512,2026-07-08,dev,50,225,0.2536363693,
cross_encoder_model_comparison_v1,mixedbread_ai_mxbai_rerank_base_v2__st_crossencoder_longctx__st_crossencoder_longctx_hits50_mixedbread_ai_mxbai_rerank_base_v2_ctx32768_buf512,2026-07-08,dev,50,233,0.6160726169,
cross_encoder_model_comparison_v1,mixedbread_ai_mxbai_rerank_base_v2__st_crossencoder_longctx__st_crossencoder_longctx_hits50_mixedbread_ai_mxbai_rerank_base_v2_ctx32768_buf512,2026-07-08,dev,50,273,0.3691861827,
cross_encoder_model_comparison_v1,mixedbread_ai_mxbai_rerank_base_v2__st_crossencoder_longctx__st_crossencoder_longctx_hits50_mixedbread_ai_mxbai_rerank_base_v2_ctx32768_buf512,2026-07-08,dev,50,300,0.4289872753,
cross_encoder_model_comparison_v1,mixedbread_ai_mxbai_rerank_base_v2__st_crossencoder_longctx__st_crossencoder_longctx_hits50_mixedbread_ai_mxbai_rerank_base_v2_ctx32768_buf512,2026-07-08,dev,50,407,0.5079472787,
cross_encoder_model_comparison_v1,mixedbread_ai_mxbai_rerank_base_v2__st_crossencoder_longctx__st_crossencoder_longctx_hits50_mixedbread_ai_mxbai_rerank_base_v2_ctx32768_buf512,2026-07-08,dev,50,477,0.5996702699,
cross_encoder_model_comparison_v1,mixedbread_ai_mxbai_rerank_base_v2__st_crossencoder_longctx__st_crossencoder_longctx_hits50_mixedbread_ai_mxbai_rerank_base_v2_ctx32768_buf512,2026-07-08,dev,50,499,0.7620893117,
cross_encoder_model_comparison_v1,mixedbread_ai_mxbai_rerank_base_v2__st_crossencoder_longctx__st_crossencoder_longctx_hits50_mixedbread_ai_mxbai_rerank_base_v2_ctx32768_buf512,2026-07-08,dev,50,515,0.1632646675,
cross_encoder_model_comparison_v1,mixedbread_ai_mxbai_rerank_base_v2__st_crossencoder_longctx__st_crossencoder_longctx_hits50_mixedbread_ai_mxbai_rerank_base_v2_ctx32768_buf512,2026-07-08,dev,50,707,0.2740491972,
cross_encoder_model_comparison_v1,mixedbread_ai_mxbai_rerank_base_v2__st_crossencoder_longctx__st_crossencoder_longctx_hits50_mixedbread_ai_mxbai_rerank_base_v2_ctx32768_buf512,2026-07-08,dev,50,897,0.3244379525,
